id,type,tileType,health,damageable,destructible,dontDestroy,immune,lootTable,lootOnDmg,dontDropSelf,dontDropLoot,mineable,diggable,requiresDrill,tileCD,plant,growing,critter,catTags
AFBottledAnomaly,PlaceablePrefab,none,1,0,0,0,0,0,0,1,1,1,0,0,0,0,0,0,1
AFDrink1,Eatable,none,0,0,0,0,0,0,0,0,0,0,0,0,0,0,0,0,1
AFDrink2,Eatable,none,0,0,0,0,0,0,0,0,0,0,0,0,0,0,0,0,1
AFDrink3,Eatable,none,0,0,0,0,0,0,0,0,0,0,0,0,0,0,0,0,1
AFDrink4,Eatable,none,0,0,0,0,0,0,0,0,0,0,0,0,0,0,0,0,1
AFDrink5,Eatable,none,0,0,0,0,0,0,0,0,0,0,0,0,0,0,0,0,1
AFDrink6,Eatable,none,0,0,0,0,0,0,0,0,0,0,0,0,0,0,0,0,1
AFPestElectric,Creature,none,1,0,0,0,0,1,0,1,1,0,0,0,0,0,0,0,1
AFPestElectricTrophy,PlaceablePrefab,none,1,0,0,0,0,0,0,1,1,1,0,0,0,0,0,0,1
AFPipeClub,MeleeWeapon,none,0,0,0,0,0,0,0,0,0,0,0,0,0,0,0,0,1
AFPortal,PlaceablePrefab,none,1,0,1,0,0,0,0,1,1,1,0,0,0,0,0,0,1
AFQuillProjectile,NonObtainable,none,1,0,0,0,0,0,0,0,0,0,0,0,0,0,0,0,1
AFQuillRifle,RangeWeapon,none,0,0,0,0,0,0,0,0,0,0,0,0,0,0,0,0,1
AFScienceBreastArmor,BreastArmor,none,0,0,0,0,0,0,0,0,0,0,0,0,0,0,0,0,1
AFScienceHelm,Helm,none,0,0,0,0,0,0,0,0,0,0,0,0,0,0,0,0,1
AFSciencePantsArmor,PantsArmor,none,0,0,0,0,0,0,0,0,0,0,0,0,0,0,0,0,1
AFVendingMachine,PlaceablePrefab,none,1,0,0,0,0,0,0,1,1,1,0,0,0,0,0,0,1
AFWaterCooler,PlaceablePrefab,none,1,0,0,0,0,0,0,1,1,1,0,0,0,0,0,0,1
AFWhiteBoard,PlaceablePrefab,none,1,0,0,0,0,0,0,1,1,1,0,0,0,0,0,0,1
AFWoodenDestructible,PlaceablePrefab,none,1,0,1,0,0,1,0,1,1,1,1,0,0,0,0,0,1
AbandonedCampMatress,PlaceablePrefab,none,1,0,0,0,0,0,0,1,1,1,0,0,0,0,0,0,1
AbandonedCampTent,PlaceablePrefab,none,1,0,0,0,0,0,0,1,1,1,0,0,0,0,0,0,1
AbandonedCampfire,NonObtainable,none,1,0,1,0,0,0,0,1,1,1,0,0,0,0,0,0,1
AcidLarva,Creature,none,1,0,0,0,0,1,0,1,1,0,0,0,0,0,0,0,1
AcidLarvaTrophy,PlaceablePrefab,none,1,0,0,0,0,0,0,1,1,1,0,0,0,0,0,0,1
AdderStone,Valuable,none,0,0,0,0,0,0,0,0,0,0,0,0,0,0,0,0,1
AdvancedAutomationTable,PlaceablePrefab,none,1,0,0,0,0,0,0,1,1,1,0,0,0,0,0,0,1
AdvancedJewelryWorkBench,PlaceablePrefab,none,1,0,0,0,0,0,0,1,1,1,0,0,0,0,0,0,1
AffixArcaneBeam,NonObtainable,none,1,0,0,0,0,0,0,0,0,0,0,0,0,0,0,0,1
AffixElectricOrb,NonObtainable,none,1,0,0,0,0,0,0,0,0,0,0,0,0,0,0,0,1
AffixFireBomb,NonObtainable,none,1,0,0,0,0,0,0,0,0,0,0,0,0,0,0,0,1
AffixFireBombExplosion,NonUsable,none,0,0,0,0,0,0,0,0,0,0,0,0,0,0,0,0,1
AgarthaReport,Valuable,none,0,0,0,0,0,0,0,0,0,0,0,0,0,0,0,0,1
AggressiveSlimeBlob,Creature,none,1,0,0,0,0,1,0,1,1,0,0,0,0,0,0,0,1
AlchemyTable,PlaceablePrefab,none,1,0,0,0,0,0,0,1,1,1,0,0,0,0,0,0,1
AlienChest,PlaceablePrefab,none,1,0,0,0,0,0,0,1,1,1,0,0,0,0,0,0,1
AlienFloorVent,PlaceablePrefab,none,1,0,0,0,0,0,0,1,1,1,1,0,0,0,0,0,1
AlienFuse,NonUsable,none,0,0,0,0,0,0,0,0,0,0,0,0,0,0,0,0,1
AlienObeliskSmall,PlaceablePrefab,none,1,0,0,0,0,0,0,1,1,1,0,0,0,0,0,0,1
AlienObeliskTall,PlaceablePrefab,none,1,0,0,0,0,0,0,1,1,1,0,0,0,0,0,0,1
AlienTechBreastArmor,BreastArmor,none,0,0,0,0,0,0,0,0,0,0,0,0,0,0,0,0,1
AlienTechCrystalLight,PlaceablePrefab,none,1,0,0,0,0,0,0,1,1,1,0,0,0,0,0,0,1
AlienTechDestructible,PlaceablePrefab,none,1,0,1,0,0,1,0,1,1,1,1,0,0,0,0,0,1
AlienTechHelm,Helm,none,0,0,0,0,0,0,0,0,0,0,0,0,0,0,0,0,1
AlienTechPantsArmor,PantsArmor,none,0,0,0,0,0,0,0,0,0,0,0,0,0,0,0,0,1
AlienTechSpire,PlaceablePrefab,none,1,0,0,0,0,0,0,1,1,1,0,0,0,0,0,0,1
AmberBoulder,NonObtainable,none,1,0,1,0,0,0,0,1,1,1,0,0,0,0,0,0,1
AmberChunk,Valuable,none,0,0,0,0,0,0,0,0,0,0,0,0,0,0,0,0,1
AmberFishEgg,Valuable,none,0,0,0,0,0,0,0,0,0,0,0,0,0,0,0,0,1
AmberLarva,Eatable,none,0,0,0,0,0,0,0,0,0,0,0,0,0,0,0,0,1
AmberLarva2,Eatable,none,0,0,0,0,0,0,0,0,0,0,0,0,0,0,0,0,1
Ammonite,Valuable,none,0,0,0,0,0,0,0,0,0,0,0,0,0,0,0,0,1
AmmoniteNecklace,Necklace,none,0,0,0,0,0,0,0,0,0,0,0,0,0,0,0,0,1
AmoebaBomb,PlaceablePrefab,none,1,0,0,0,0,0,0,1,1,1,0,0,0,0,0,0,1
AmoebaGiantSegment,Creature,none,1,0,0,0,0,1,0,1,1,0,0,0,0,0,0,0,1
AmoebaGiantSegmentBody,NonObtainable,none,1,0,0,0,0,1,0,1,1,0,0,0,0,0,0,0,1
AmoebaGiantSegmentTail,NonObtainable,none,1,0,0,0,0,1,0,1,1,0,0,0,0,0,0,0,1
AmoebaWormSegment,Creature,none,1,0,0,0,0,1,0,1,1,0,0,0,0,0,0,0,1
AmoebaWormSegmentTail,NonObtainable,none,1,0,0,0,0,1,0,1,1,0,0,0,0,0,0,0,1
AnchorAxe,MeleeWeapon,none,0,0,0,0,0,0,0,0,0,0,0,0,0,0,0,0,1
AncientCoin,NonUsable,none,0,0,0,0,0,0,0,0,0,0,0,0,0,0,0,0,1
AncientDestructible,PlaceablePrefab,none,1,0,1,0,0,1,0,1,1,1,1,0,0,0,0,0,1
AncientDestructibleDebris,NonObtainable,debris,0,0,0,0,0,0,0,1,1,0,0,0,1,0,0,0,1
AncientFeather,NonUsable,none,1,1,0,0,0,0,0,1,1,1,1,0,0,0,0,0,1
AncientFishingHook,Valuable,none,0,0,0,0,0,0,0,0,0,0,0,0,0,0,0,0,1
AncientForge,NonObtainable,none,1,0,0,0,0,0,0,1,1,1,0,0,0,0,0,0,1
AncientFountain,PlaceablePrefab,none,1,0,0,0,0,0,0,1,1,1,0,0,0,0,0,0,1
AncientGemNecklace,Necklace,none,0,0,0,0,0,0,0,0,0,0,0,0,0,0,0,0,1
AncientGemPlate,Valuable,none,0,0,0,0,0,0,0,0,0,0,0,0,0,0,0,0,1
AncientGemRing,Ring,none,0,0,0,0,0,0,0,0,0,0,0,0,0,0,0,0,1
AncientGemstone,NonUsable,ancientCrystal,0,0,0,0,0,0,0,1,1,0,0,0,1,0,0,0,1
AncientGemstoneBreastArmor,BreastArmor,none,0,0,0,0,0,0,0,0,0,0,0,0,0,0,0,0,1
AncientGemstonePantsArmor,PantsArmor,none,0,0,0,0,0,0,0,0,0,0,0,0,0,0,0,0,1
AncientGiant,NonObtainable,none,1,0,0,0,0,0,0,1,1,1,0,0,0,0,0,0,1
AncientGoldenCoin,Valuable,none,0,0,0,0,0,0,0,0,0,0,0,0,0,0,0,0,1
AncientGolem,Creature,none,1,0,0,0,0,1,0,1,1,0,0,0,0,0,0,0,1
AncientGuardianNecklace,Necklace,none,0,0,0,0,0,0,0,0,0,0,0,0,0,0,0,0,1
AncientGuardianRing,Ring,none,0,0,0,0,0,0,0,0,0,0,0,0,0,0,0,0,1
AncientHologramPod,PlaceablePrefab,none,1,0,0,0,0,0,0,1,1,1,0,0,0,0,0,0,1
AncientMakeupSet,Valuable,none,0,0,0,0,0,0,0,0,0,0,0,0,0,0,0,0,1
AncientMiningPick,MiningPick,none,0,0,0,0,0,0,0,0,0,0,0,0,0,0,0,0,1
AncientSpear,MeleeWeapon,none,0,0,0,0,0,0,0,0,0,0,0,0,0,0,0,0,1
AncientWire,PlaceablePrefab,ancientCircuitPlate,0,0,0,0,0,0,0,0,0,0,0,0,0,0,0,0,1
AngleFish,Eatable,none,0,0,0,0,0,0,0,0,0,0,0,0,0,0,0,0,1
AnniversaryCake,Eatable,none,0,0,0,0,0,0,0,0,0,0,0,0,0,0,0,0,1
AnniversaryPartyHatBlue,Helm,none,0,0,0,0,0,0,0,0,0,0,0,0,0,0,0,0,1
AnniversaryPartyHatGreen,Helm,none,0,0,0,0,0,0,0,0,0,0,0,0,0,0,0,0,1
AnniversaryPartyHatPurple,Helm,none,0,0,0,0,0,0,0,0,0,0,0,0,0,0,0,0,1
AnniversaryPartyHatRed,Helm,none,0,0,0,0,0,0,0,0,0,0,0,0,0,0,0,0,1
AntiqueBoardGame,Valuable,none,0,0,0,0,0,0,0,0,0,0,0,0,0,0,0,0,1
ApprenticeBreastArmor,BreastArmor,none,0,0,0,0,0,0,0,0,0,0,0,0,0,0,0,0,1
ApprenticeHelm,Helm,none,0,0,0,0,0,0,0,0,0,0,0,0,0,0,0,0,1
ApprenticePantsArmor,PantsArmor,none,0,0,0,0,0,0,0,0,0,0,0,0,0,0,0,0,1
Aquarium,PlaceablePrefab,none,1,0,0,0,0,0,0,1,1,1,0,0,0,0,0,0,1
AquariumBeach,PlaceablePrefab,none,1,0,0,0,0,0,0,1,1,1,0,0,0,0,0,0,1
AquariumCrystal,PlaceablePrefab,none,1,0,0,0,0,0,0,1,1,1,0,0,0,0,0,0,1
AquariumDesert,PlaceablePrefab,none,1,0,0,0,0,0,0,1,1,1,0,0,0,0,0,0,1
AquariumNature,PlaceablePrefab,none,1,0,0,0,0,0,0,1,1,1,0,0,0,0,0,0,1
AquariumPassage,PlaceablePrefab,none,1,0,0,0,0,0,0,1,1,1,0,0,0,0,0,0,1
ArcaneMonkBreastArmor,BreastArmor,none,0,0,0,0,0,0,0,0,0,0,0,0,0,0,0,0,1
ArcaneMonkHelm,Helm,none,0,0,0,0,0,0,0,0,0,0,0,0,0,0,0,0,1
ArcaneMonkPantsArmor,PantsArmor,none,0,0,0,0,0,0,0,0,0,0,0,0,0,0,0,0,1
ArcaneStaff,RangeWeapon,none,0,0,0,0,0,0,0,0,0,0,0,0,0,0,0,0,1
ArcaneStaffProjectile,NonObtainable,none,1,0,0,0,0,0,0,0,0,0,0,0,0,0,0,0,1
ArcheologyHelm,Helm,none,0,0,0,0,0,0,0,0,0,0,0,0,0,0,0,0,1
ArcheologyPants,PantsArmor,none,0,0,0,0,0,0,0,0,0,0,0,0,0,0,0,0,1
ArcheologyShirt,BreastArmor,none,0,0,0,0,0,0,0,0,0,0,0,0,0,0,0,0,1
AssassinBreastArmor,BreastArmor,none,0,0,0,0,0,0,0,0,0,0,0,0,0,0,0,0,1
AssassinDaggerProjectile,NonObtainable,none,1,0,0,0,0,0,0,0,0,0,0,0,0,0,0,0,1
AssassinHelm,Helm,none,0,0,0,0,0,0,0,0,0,0,0,0,0,0,0,0,1
AstralJelly,Eatable,none,0,0,0,0,0,0,0,0,0,0,0,0,0,0,0,0,1
AtlantianWormChest,PlaceablePrefab,none,1,0,0,0,0,0,0,1,1,1,0,0,0,0,0,0,1
AtlantianWormHeart,Eatable,none,0,0,0,0,0,0,0,0,0,0,0,0,0,0,0,0,1
AtlantianWormHelm,Helm,none,0,0,0,0,0,0,0,0,0,0,0,0,0,0,0,0,1
AtlantianWormNecklace,Necklace,none,0,0,0,0,0,0,0,0,0,0,0,0,0,0,0,0,1
AtlantianWormRing,Ring,none,0,0,0,0,0,0,0,0,0,0,0,0,0,0,0,0,1
AtlantianWormSword,MeleeWeapon,none,0,0,0,0,0,0,0,0,0,0,0,0,0,0,0,0,1
AtlantianWormTrophy,PlaceablePrefab,none,1,0,0,0,0,0,0,1,1,1,0,0,0,0,0,0,1
AutomationTable,PlaceablePrefab,none,1,0,0,0,0,0,0,1,1,1,0,0,0,0,0,0,1
AzeosBeakNecklace,Necklace,none,0,0,0,0,0,0,0,0,0,0,0,0,0,0,0,0,1
AzeosFeatherFan,KeyItem,none,0,0,0,0,0,0,0,0,0,0,0,0,0,0,0,0,1
AzeosSoulOrb,NonObtainable,none,1,0,0,0,0,0,0,0,0,0,0,0,0,0,0,0,1
AzeosSwiftFeather,Offhand,none,0,0,0,0,0,0,0,0,0,0,0,0,0,0,0,0,1
AzeosTrophy,PlaceablePrefab,none,1,0,0,0,0,0,0,1,1,1,0,0,0,0,0,0,1
AzureFeatherFish,Eatable,none,0,0,0,0,0,0,0,0,0,0,0,0,0,0,0,0,1
BagOfMarbles,Valuable,none,0,0,0,0,0,0,0,0,0,0,0,0,0,0,0,0,1
BaitFishBitesFaster,Offhand,none,0,0,0,0,0,0,0,0,0,0,0,0,0,0,0,0,1
BaitFishBitesFasterAndIncreasedChanceToGetFish,Offhand,none,0,0,0,0,0,0,0,0,0,0,0,0,0,0,0,0,1
BaitFishBitesFasterAndStartsCloserToBeReeledIn,Offhand,none,0,0,0,0,0,0,0,0,0,0,0,0,0,0,0,0,1
BaitFishStartsCloserToBeReeledIn,Offhand,none,0,0,0,0,0,0,0,0,0,0,0,0,0,0,0,0,1
BaitIncreaseChanceOfHigherRarityFish,Offhand,none,0,0,0,0,0,0,0,0,0,0,0,0,0,0,0,0,1
BaitIncreasedChanceToGetFish,Offhand,none,0,0,0,0,0,0,0,0,0,0,0,0,0,0,0,0,1
BaitIncreasedChanceToGetFishLoot,Offhand,none,0,0,0,0,0,0,0,0,0,0,0,0,0,0,0,0,1
BaitOctopusBoss,Offhand,none,0,0,0,0,0,0,0,0,0,0,0,0,0,0,0,0,1
BaitOnAPole,PlaceablePrefab,none,1,0,0,0,0,0,0,1,1,1,0,0,0,0,0,0,1
BalloonSpore,Valuable,none,0,0,0,0,0,0,0,0,0,0,0,0,0,0,0,0,1
BandanaHelm,Helm,none,0,0,0,0,0,0,0,0,0,0,0,0,0,0,0,0,1
Banner,PlaceablePrefab,none,1,0,0,0,0,0,0,1,1,1,0,0,0,0,0,0,1
BasicStaff,RangeWeapon,none,0,0,0,0,0,0,0,0,0,0,0,0,0,0,0,0,1
BasicStaffProjectile,NonObtainable,none,1,0,0,0,0,0,0,0,0,0,0,0,0,0,0,0,1
BatMinion,Creature,none,0,0,0,0,0,0,0,0,0,0,0,0,0,0,0,0,1
BatMinionProjectile,NonObtainable,none,1,0,0,0,0,0,0,0,0,0,0,0,0,0,0,0,1
BattleAxe,MeleeWeapon,none,0,0,0,0,0,0,0,0,0,0,0,0,0,0,0,0,1
Bed,PlaceablePrefab,none,1,0,0,0,0,0,0,1,1,1,0,0,0,0,0,0,1
BentFork,Valuable,none,0,0,0,0,0,0,0,0,0,0,0,0,0,0,0,0,1
BigFloorTileCaveling,PlaceablePrefab,none,1,0,0,0,0,0,0,1,1,1,1,0,0,0,0,0,1
BigFloorTileGemstone,PlaceablePrefab,none,1,0,0,0,0,0,0,1,1,1,1,0,0,0,0,0,1
BigFloorTileScholar,PlaceablePrefab,none,1,0,0,0,0,0,0,1,1,1,1,0,0,0,0,0,1
BigGrenade,ThrowingWeapon,none,0,0,0,0,0,0,0,0,0,0,0,0,0,0,0,0,1
BigGrenadeExplosion,NonUsable,none,0,0,0,0,0,0,0,0,0,0,0,0,0,0,0,0,1
BigGrenadeProjectile,NonObtainable,none,1,0,0,0,0,0,0,0,0,0,0,0,0,0,0,0,1
BigIndustrialTable,PlaceablePrefab,none,1,0,0,0,0,0,0,1,1,1,0,0,0,0,0,0,1
BigJungleTree,PlaceablePrefab,none,1,0,0,0,0,0,0,1,1,1,0,0,0,0,0,0,1
BigLarva,Creature,none,1,0,0,0,0,1,0,1,1,0,0,0,0,0,0,0,1
BigLarvaTrophy,PlaceablePrefab,none,1,0,0,0,0,0,0,1,1,1,0,0,0,0,0,0,1
BigLarvaVampireTrophy,PlaceablePrefab,none,1,0,0,0,0,0,0,1,1,1,0,0,0,0,0,0,1
BikiniBreastArmorBlue,BreastArmor,none,0,0,0,0,0,0,0,0,0,0,0,0,0,0,0,0,1
BikiniBreastArmorGreen,BreastArmor,none,0,0,0,0,0,0,0,0,0,0,0,0,0,0,0,0,1
BikiniBreastArmorRed,BreastArmor,none,0,0,0,0,0,0,0,0,0,0,0,0,0,0,0,0,1
BikiniPantsArmorBlue,PantsArmor,none,0,0,0,0,0,0,0,0,0,0,0,0,0,0,0,0,1
BikiniPantsArmorGreen,PantsArmor,none,0,0,0,0,0,0,0,0,0,0,0,0,0,0,0,0,1
BikiniPantsArmorRed,PantsArmor,none,0,0,0,0,0,0,0,0,0,0,0,0,0,0,0,0,1
BindingString,CastingItem,none,0,0,0,0,0,0,0,0,0,0,0,0,0,0,0,0,1
BirdBoss,Creature,none,1,0,0,0,0,1,0,1,1,0,0,0,0,0,0,0,1
BirdBossBeam,NonObtainable,none,1,0,0,0,0,0,0,0,0,0,0,0,0,0,0,0,1
BirdBossScanner,CastingItem,none,0,0,0,0,0,0,0,0,0,0,0,0,0,0,0,0,1
BirdBossSpawnLocation,NonObtainable,none,0,0,0,0,0,0,0,0,0,0,0,0,0,0,0,0,1
BirdBossStone,NonObtainable,none,1,0,1,0,0,0,0,1,1,1,0,0,0,0,0,0,1
BirdPoop,NonObtainable,none,1,0,1,0,0,0,0,1,1,1,0,0,0,0,0,0,1
BlackBubblePearl,Valuable,none,0,0,0,0,0,0,0,0,0,0,0,0,0,0,0,0,1
BlackDesertDiamond,Valuable,none,0,0,0,0,0,0,0,0,0,0,0,0,0,0,0,0,1
BlackNecklace,Necklace,none,0,0,0,0,0,0,0,0,0,0,0,0,0,0,0,0,1
BlackRing,Ring,none,0,0,0,0,0,0,0,0,0,0,0,0,0,0,0,0,1
BlackSteelUrchin,Eatable,none,0,0,0,0,0,0,0,0,0,0,0,0,0,0,0,0,1
BlastBreastArmor,BreastArmor,none,0,0,0,0,0,0,0,0,0,0,0,0,0,0,0,0,1
BlastHelm,Helm,none,0,0,0,0,0,0,0,0,0,0,0,0,0,0,0,0,1
BlastPantsArmor,PantsArmor,none,0,0,0,0,0,0,0,0,0,0,0,0,0,0,0,0,1
BlastingDung,NonUsable,none,0,0,0,0,0,0,0,0,0,0,0,0,0,0,0,0,1
BloatOat,Eatable,none,0,0,0,0,0,0,0,0,0,0,0,0,0,0,0,0,1
BloatOatPlant,NonObtainable,none,1,0,0,0,0,0,0,1,1,1,1,0,0,1,1,0,1
BloatOatRare,Eatable,none,0,0,0,0,0,0,0,0,0,0,0,0,0,0,0,0,1
BloatOatSeed,PlaceablePrefab,none,0,0,0,0,0,0,0,1,1,0,1,0,0,0,1,0,1
BlobRosaryNecklace,Necklace,none,0,0,0,0,0,0,0,0,0,0,0,0,0,0,0,0,1
BloodSkull,Valuable,none,0,0,0,0,0,0,0,0,0,0,0,0,0,0,0,0,1
BlowDartProjectile,NonObtainable,none,1,0,0,0,0,0,0,0,0,0,0,0,0,0,0,0,1
Blowpipe,RangeWeapon,none,0,0,0,0,0,0,0,0,0,0,0,0,0,0,0,0,1
BlueCaveGuppy,Eatable,none,0,0,0,0,0,0,0,0,0,0,0,0,0,0,0,0,1
BlueFireFly,Critter,none,1,0,1,0,0,0,0,1,1,1,0,0,0,0,0,1,1
BlueGlassKalimba,Valuable,none,0,0,0,0,0,0,0,0,0,0,0,0,0,0,0,0,1
BlueGlassShard,Valuable,none,0,0,0,0,0,0,0,0,0,0,0,0,0,0,0,0,1
BlueKelp,Eatable,none,0,0,0,0,0,0,0,0,0,0,0,0,0,0,0,0,1
BlueSlimeTrophy,PlaceablePrefab,none,1,0,0,0,0,0,0,1,1,1,0,0,0,0,0,0,1
BlunderBomb,PlaceablePrefab,none,0,0,0,0,0,0,0,0,0,0,0,0,0,0,0,0,1
BlunderExplosion,NonUsable,none,0,0,0,0,0,0,0,0,0,0,0,0,0,0,0,0,1
Boat,PlaceablePrefab,none,1,0,0,0,0,0,0,1,1,1,0,0,0,0,0,0,1
BoatTurretProjectile,NonObtainable,none,1,0,0,0,0,0,0,0,0,0,0,0,0,0,0,0,1
BoatWorkbench,PlaceablePrefab,none,1,0,0,0,0,0,0,1,1,1,0,0,0,0,0,0,1
Bomb,PlaceablePrefab,none,1,0,0,0,0,0,0,1,1,1,0,0,0,0,0,0,1
BombMortarPojectile,NonObtainable,none,1,0,0,0,0,0,0,1,1,0,0,0,0,0,0,0,1
BombNecklace,Necklace,none,0,0,0,0,0,0,0,0,0,0,0,0,0,0,0,0,1
BombPepper,Eatable,none,0,0,0,0,0,0,0,0,0,0,0,0,0,0,0,0,1
BombPepperPlant,NonObtainable,none,1,0,0,0,0,0,0,1,1,1,1,0,0,1,1,0,1
BombPepperRare,Eatable,none,0,0,0,0,0,0,0,0,0,0,0,0,0,0,0,0,1
BombPepperSeed,PlaceablePrefab,none,0,0,0,0,0,0,0,1,1,0,1,0,0,0,1,0,1
BombRing,Ring,none,0,0,0,0,0,0,0,0,0,0,0,0,0,0,0,0,1
BombScarab,Creature,none,1,0,0,0,0,1,0,1,1,0,0,0,0,0,0,0,1
BombScarabTrophy,PlaceablePrefab,none,1,0,0,0,0,0,0,1,1,1,0,0,0,0,0,0,1
BoneCreole,Valuable,none,0,0,0,0,0,0,0,0,0,0,0,0,0,0,0,0,1
BoneNecklace,Necklace,none,0,0,0,0,0,0,0,0,0,0,0,0,0,0,0,0,1
BoneRing,Ring,none,0,0,0,0,0,0,0,0,0,0,0,0,0,0,0,0,1
BossChest,PlaceablePrefab,none,1,0,0,0,0,0,0,1,1,1,0,0,0,0,0,0,1
BossLarva,Creature,none,1,0,0,0,0,1,0,1,1,0,0,0,0,0,0,0,1
BottomTracer,Eatable,none,0,0,0,0,0,0,0,0,0,0,0,0,0,0,0,0,1
BoundaryRing,Ring,none,0,0,0,0,0,0,0,0,0,0,0,0,0,0,0,0,1
BoxOfChocolates,Eatable,none,0,0,0,0,0,0,0,0,0,0,0,0,0,0,0,0,1
BrightLavaEater,Eatable,none,0,0,0,0,0,0,0,0,0,0,0,0,0,0,0,0,1
BrokenCore,NonObtainable,none,1,0,0,0,0,0,0,1,1,1,0,0,0,0,0,0,1
BrokenCoreIdol,Valuable,none,0,0,0,0,0,0,0,0,0,0,0,0,0,0,0,0,1
BrokenCoreSentry1,NonObtainable,none,1,0,1,0,0,0,0,1,1,1,0,0,0,0,0,0,1
BrokenCoreSentry2,NonObtainable,none,1,0,1,0,0,0,0,1,1,1,0,0,0,0,0,0,1
BrokenGourd,Valuable,none,0,0,0,0,0,0,0,0,0,0,0,0,0,0,0,0,1
BrokenGrave,PlaceablePrefab,none,1,0,0,0,0,0,0,1,1,1,0,0,0,0,0,0,1
BrokenLegendarySword,MeleeWeapon,none,0,0,0,0,0,0,0,0,0,0,0,0,0,0,0,0,1
BrokenStonePillar,PlaceablePrefab,none,1,0,0,0,0,0,0,1,1,1,0,0,0,0,0,0,1
BrokenToyShip,Valuable,none,0,0,0,0,0,0,0,0,0,0,0,0,0,0,0,0,1
BronzeBreastArmor,BreastArmor,none,0,0,0,0,0,0,0,0,0,0,0,0,0,0,0,0,1
BronzeHelm,Helm,none,0,0,0,0,0,0,0,0,0,0,0,0,0,0,0,0,1
BronzePantsArmor,PantsArmor,none,0,0,0,0,0,0,0,0,0,0,0,0,0,0,0,0,1
BrownDuneTail,Eatable,none,0,0,0,0,0,0,0,0,0,0,0,0,0,0,0,0,1
BubbleGun,RangeWeapon,none,0,0,0,0,0,0,0,0,0,0,0,0,0,0,0,0,1
BubblePearl,Valuable,none,0,0,0,0,0,0,0,0,0,0,0,0,0,0,0,0,1
BubblePearlNecklace,Necklace,none,0,0,0,0,0,0,0,0,0,0,0,0,0,0,0,0,1
BubblePlayerProjectile,NonObtainable,none,1,0,0,0,0,0,0,0,0,0,0,0,0,0,0,0,1
BubbleProjectile,NonObtainable,none,1,0,0,0,0,0,0,0,0,0,0,0,0,0,0,0,1
Bucket,Bucket,none,0,0,0,0,0,0,0,0,0,0,0,0,0,0,0,0,1
BugNet,BugNet,none,0,0,0,0,0,0,0,0,0,0,0,0,0,0,0,0,1
BulletHellProjectile,NonObtainable,none,1,0,0,0,0,0,0,0,0,0,0,0,0,0,0,0,1
BunnyPoisonDartProjectile,NonObtainable,none,1,0,0,0,0,0,0,0,0,0,0,0,0,0,0,0,1
BurnResistancePotion,Eatable,none,0,0,0,0,0,0,0,0,0,0,0,0,0,0,0,0,1
Burnzooka,RangeWeapon,none,0,0,0,0,0,0,0,0,0,0,0,0,0,0,0,0,1
BurnzookaProjectile,NonObtainable,none,1,0,0,0,0,0,0,0,0,0,0,0,0,0,0,0,1
Bush,PlaceablePrefab,none,1,0,0,0,0,0,0,1,1,1,0,0,0,0,0,0,1
ButterflyBase,Critter,none,1,0,0,0,0,0,0,0,0,0,0,0,0,0,0,1,1
ButterflyCitrus,Critter,none,1,0,0,0,0,0,0,0,0,0,0,0,0,0,0,1,1
ButterflyDreamy,Critter,none,1,0,0,0,0,0,0,0,0,0,0,0,0,0,0,1,1
ButterflyIcy,Critter,none,1,0,0,0,0,0,0,0,0,0,0,0,0,0,0,1,1
ButterflySunset,Critter,none,1,0,0,0,0,0,0,0,0,0,0,0,0,0,0,1,1
CalcifiedBone,NonUsable,none,0,0,0,0,0,0,0,0,0,0,0,0,0,0,0,0,1
Calendar,PlaceablePrefab,none,1,0,0,0,0,0,0,1,1,1,0,0,0,0,0,0,1
Camel,Creature,none,1,0,0,0,0,0,0,1,1,0,0,0,0,0,0,0,1
CamelBaby,Creature,none,1,0,0,0,0,0,0,1,1,0,0,0,0,0,0,0,1
Campfire,PlaceablePrefab,none,1,0,0,0,0,0,0,1,1,1,0,0,0,0,0,0,1
Candle,PlaceablePrefab,none,1,0,0,0,0,0,0,1,1,1,0,0,0,0,0,0,1
CandleStack,PlaceablePrefab,none,1,0,0,0,0,0,0,1,1,1,0,0,0,0,0,0,1
CandleStick,PlaceablePrefab,none,1,0,0,0,0,0,0,1,1,1,0,0,0,0,0,0,1
CarapaceBreastArmor,BreastArmor,none,0,0,0,0,0,0,0,0,0,0,0,0,0,0,0,0,1
CarapaceHelm,Helm,none,0,0,0,0,0,0,0,0,0,0,0,0,0,0,0,0,1
Carpenter,PlaceablePrefab,none,1,0,0,0,0,0,0,1,1,1,0,0,0,0,0,0,1
Carrock,Eatable,none,0,0,0,0,0,0,0,0,0,0,0,0,0,0,0,0,1
CarrockPlant,NonObtainable,none,1,0,0,0,0,0,0,1,1,1,1,0,0,1,1,0,1
CarrockRare,Eatable,none,0,0,0,0,0,0,0,0,0,0,0,0,0,0,0,0,1
CarrockSeed,PlaceablePrefab,none,0,0,0,0,0,0,0,1,1,0,1,0,0,0,1,0,1
CartographyTable,PlaceablePrefab,none,1,0,0,0,0,0,0,1,1,1,0,0,0,0,0,0,1
CatalystGemstone,Valuable,none,0,0,0,0,0,0,0,0,0,0,0,0,0,0,0,0,1
CattleCage,CastingItem,none,0,0,0,0,0,0,0,0,0,0,0,0,0,0,0,0,1
CattleFeedTray,PlaceablePrefab,none,1,0,0,0,0,0,0,1,1,1,0,0,0,0,0,0,1
CattleWorkbench,PlaceablePrefab,none,1,0,0,0,0,0,0,1,1,1,0,0,0,0,0,0,1
CaveBag,Bag,none,0,0,0,0,0,0,0,0,0,0,0,0,0,0,0,0,1
CaveGuppyNecklace,Necklace,none,0,0,0,0,0,0,0,0,0,0,0,0,0,0,0,0,1
Caveling,Creature,none,1,0,0,0,0,1,0,1,1,0,0,0,0,0,0,0,1
CavelingAssassin,Creature,none,1,0,0,0,0,1,0,1,1,0,0,0,0,0,0,0,1
CavelingAssassinTrophy,PlaceablePrefab,none,1,0,0,0,0,0,0,1,1,1,0,0,0,0,0,0,1
CavelingBed,PlaceablePrefab,none,1,0,0,0,0,0,0,1,1,1,0,0,0,0,0,0,1
CavelingBread,Eatable,none,0,0,0,0,0,0,0,0,0,0,0,0,0,0,0,0,1
CavelingBreastArmor,BreastArmor,none,0,0,0,0,0,0,0,0,0,0,0,0,0,0,0,0,1
CavelingBrute,Creature,none,1,0,0,0,0,1,0,1,1,0,0,0,0,0,0,0,1
CavelingBruteTrophy,PlaceablePrefab,none,1,0,0,0,0,0,0,1,1,1,0,0,0,0,0,0,1
CavelingChair,PlaceablePrefab,none,1,0,0,0,0,0,0,1,1,1,0,0,0,0,0,0,1
CavelingCoffee,Eatable,none,0,0,0,0,0,0,0,0,0,0,0,0,0,0,0,0,1
CavelingCrunch,Eatable,none,0,0,0,0,0,0,0,0,0,0,0,0,0,0,0,0,1
CavelingCup,Valuable,none,0,0,0,0,0,0,0,0,0,0,0,0,0,0,0,0,1
CavelingDoll,Valuable,none,0,0,0,0,0,0,0,0,0,0,0,0,0,0,0,0,1
CavelingEffigy,Valuable,none,0,0,0,0,0,0,0,0,0,0,0,0,0,0,0,0,1
CavelingFarmerTrophy,PlaceablePrefab,none,1,0,0,0,0,0,0,1,1,1,0,0,0,0,0,0,1
CavelingFloorTile,PlaceablePrefab,none,1,0,0,0,0,0,0,1,1,1,1,0,0,0,0,0,1
CavelingFloorTileDark,PlaceablePrefab,none,1,0,0,0,0,0,0,1,1,1,1,0,0,0,0,0,1
CavelingGardener,Creature,none,1,0,0,0,0,1,0,1,1,0,0,0,0,0,0,0,1
CavelingHelm,Helm,none,0,0,0,0,0,0,0,0,0,0,0,0,0,0,0,0,1
CavelingHunter,Creature,none,1,0,0,0,0,1,0,1,1,0,0,0,0,0,0,0,1
CavelingHunterTrophy,PlaceablePrefab,none,1,0,0,0,0,0,0,1,1,1,0,0,0,0,0,0,1
CavelingID,Offhand,none,0,0,0,0,0,0,0,0,0,0,0,0,0,0,0,0,1
CavelingInfectedTrophy,PlaceablePrefab,none,1,0,0,0,0,0,0,1,1,1,0,0,0,0,0,0,1
CavelingMedal,Valuable,none,0,0,0,0,0,0,0,0,0,0,0,0,0,0,0,0,1
CavelingMerchant,Creature,none,1,0,0,0,0,1,0,1,1,0,0,0,0,0,0,0,1
CavelingMonument,NonObtainable,none,1,0,0,0,0,0,0,1,1,1,0,0,0,0,0,0,1
CavelingMonumentBroken,NonObtainable,none,1,0,0,0,0,0,0,1,1,1,0,0,0,0,0,0,1
CavelingMothersRing,Ring,none,0,0,0,0,0,0,0,0,0,0,0,0,0,0,0,0,1
CavelingMummy,Creature,none,1,0,0,0,0,1,0,1,1,0,0,0,0,0,0,0,1
CavelingMummyTrophy,PlaceablePrefab,none,1,0,0,0,0,0,0,1,1,1,0,0,0,0,0,0,1
CavelingNatureTerritorySpawner,NonUsable,none,0,0,0,0,0,0,0,0,0,0,0,0,0,0,0,0,1
CavelingPantsArmor,PantsArmor,none,0,0,0,0,0,0,0,0,0,0,0,0,0,0,0,0,1
CavelingPerfume,Valuable,none,0,0,0,0,0,0,0,0,0,0,0,0,0,0,0,0,1
CavelingPot,PlaceablePrefab,none,1,0,1,0,0,1,0,1,1,1,1,0,0,0,0,0,1
CavelingProphetMask,Valuable,none,0,0,0,0,0,0,0,0,0,0,0,0,0,0,0,0,1
CavelingSandal,Valuable,none,0,0,0,0,0,0,0,0,0,0,0,0,0,0,0,0,1
CavelingScholar,Creature,none,1,0,0,0,0,1,0,1,1,0,0,0,0,0,0,0,1
CavelingShaman,Creature,none,1,0,0,0,0,1,0,1,1,0,0,0,0,0,0,0,1
CavelingShamanTrophy,PlaceablePrefab,none,1,0,0,0,0,0,0,1,1,1,0,0,0,0,0,0,1
CavelingShip,NonObtainable,none,0,0,0,0,0,0,0,0,0,0,0,0,0,0,0,0,1
CavelingShipBeached,NonObtainable,none,0,0,0,0,0,0,0,0,0,0,0,0,0,0,0,0,1
CavelingShortWall,NonObtainable,none,1,0,0,0,0,0,0,1,1,1,1,0,0,0,0,0,1
CavelingSkinTome,Offhand,none,0,0,0,0,0,0,0,0,0,0,0,0,0,0,0,0,1
CavelingSkirmisher,Creature,none,1,0,0,0,0,1,0,1,1,0,0,0,0,0,0,0,1
CavelingSkirmisherTrophy,PlaceablePrefab,none,1,0,0,0,0,0,0,1,1,1,0,0,0,0,0,0,1
CavelingSkull,Valuable,none,0,0,0,0,0,0,0,0,0,0,0,0,0,0,0,0,1
CavelingSpearman,Creature,none,1,0,0,0,0,1,0,1,1,0,0,0,0,0,0,0,1
CavelingSpearmanTrophy,PlaceablePrefab,none,1,0,0,0,0,0,0,1,1,1,0,0,0,0,0,0,1
CavelingTable,PlaceablePrefab,none,1,0,0,0,0,0,0,1,1,1,0,0,0,0,0,0,1
CavelingTerritorySpawner,NonUsable,none,0,0,0,0,0,0,0,0,0,0,0,0,0,0,0,0,1
CavelingThrone,PlaceablePrefab,none,1,0,0,0,0,0,0,1,1,1,0,0,0,0,0,0,1
CavelingToilet,PlaceablePrefab,none,1,0,0,0,0,0,0,1,1,1,0,0,0,0,0,0,1
CavelingTrophy,PlaceablePrefab,none,1,0,0,0,0,0,0,1,1,1,0,0,0,0,0,0,1
CavelingWall,NonObtainable,none,1,0,1,0,0,0,0,1,1,1,0,0,0,0,0,0,1
CeremonialFlute,Valuable,none,0,0,0,0,0,0,0,0,0,0,0,0,0,0,0,0,1
ChakramProjectile,NonObtainable,none,1,0,0,0,0,0,0,0,0,0,0,0,0,0,0,0,1
ChaosStaff,RangeWeapon,none,0,0,0,0,0,0,0,0,0,0,0,0,0,0,0,0,1
CharmExplosion,NonUsable,none,0,0,0,0,0,0,0,0,0,0,0,0,0,0,0,0,1
CharmGrenade,ThrowingWeapon,none,0,0,0,0,0,0,0,0,0,0,0,0,0,0,0,0,1
CharmGrenadeProjectile,NonObtainable,none,1,0,0,0,0,0,0,0,0,0,0,0,0,0,0,0,1
CharredCavelingSkull,Valuable,none,0,0,0,0,0,0,0,0,0,0,0,0,0,0,0,0,1
ChemicalRation,Valuable,none,0,0,0,0,0,0,0,0,0,0,0,0,0,0,0,0,1
ChewyConeCandy,Eatable,none,0,0,0,0,0,0,0,0,0,0,0,0,0,0,0,0,1
ChieftainBreastArmor,BreastArmor,none,0,0,0,0,0,0,0,0,0,0,0,0,0,0,0,0,1
ChieftainHelm,Helm,none,0,0,0,0,0,0,0,0,0,0,0,0,0,0,0,0,1
ChieftainPantsArmor,PantsArmor,none,0,0,0,0,0,0,0,0,0,0,0,0,0,0,0,0,1
ChineseCoin,NonUsable,none,0,0,0,0,0,0,0,0,0,0,0,0,0,0,0,0,1
ChineseFoldingScreen,PlaceablePrefab,none,1,0,0,0,0,0,0,1,1,1,0,0,0,0,0,0,1
ChineseGuardianLion,PlaceablePrefab,none,1,0,0,0,0,0,0,1,1,1,0,0,0,0,0,0,1
ChineseKnot,PlaceablePrefab,none,1,0,0,0,0,0,0,1,1,1,0,0,0,0,0,0,1
ChineseLantern,PlaceablePrefab,none,1,0,0,0,0,0,0,1,1,1,0,0,0,0,0,0,1
ChineseWallLantern,PlaceablePrefab,none,1,0,0,0,0,0,0,1,1,1,0,0,0,0,0,0,1
ChippedPlate,Valuable,none,0,0,0,0,0,0,0,0,0,0,0,0,0,0,0,0,1
ChristmasBruteTrophy,PlaceablePrefab,none,1,0,0,0,0,0,0,1,1,1,0,0,0,0,0,0,1
ChristmasCavelingTrophy,PlaceablePrefab,none,1,0,0,0,0,0,0,1,1,1,0,0,0,0,0,0,1
ChristmasFireplace,PlaceablePrefab,none,1,0,0,0,0,0,0,1,1,1,0,0,0,0,0,0,1
ChristmasLightDecorationMix,PlaceablePrefab,none,1,0,0,0,0,0,0,1,1,1,0,0,0,0,0,0,1
ChristmasLightDecorationPaintable,PlaceablePrefab,none,1,0,0,0,0,0,0,1,1,1,0,0,0,0,0,0,1
ChristmasLuxuryPresent,CastingItem,none,0,0,0,0,0,0,0,0,0,0,0,0,0,0,0,0,1
ChristmasPresent,CastingItem,none,0,0,0,0,0,0,0,0,0,0,0,0,0,0,0,0,1
ChristmasShamanTrophy,PlaceablePrefab,none,1,0,0,0,0,0,0,1,1,1,0,0,0,0,0,0,1
ChristmasShroomanTrophy,PlaceablePrefab,none,1,0,0,0,0,0,0,1,1,1,0,0,0,0,0,0,1
ChristmasSlimeTrophy,PlaceablePrefab,none,1,0,0,0,0,0,0,1,1,1,0,0,0,0,0,0,1
ChristmasSnowman,PlaceablePrefab,none,1,0,0,0,0,0,0,1,1,1,0,0,0,0,0,0,1
ChristmasSpikedSlimeTrophy,PlaceablePrefab,none,1,0,0,0,0,0,0,1,1,1,0,0,0,0,0,0,1
ChristmasStool,PlaceablePrefab,none,1,0,0,0,0,0,0,1,1,1,0,0,0,0,0,0,1
ChristmasTable,PlaceablePrefab,none,1,0,0,0,0,0,0,1,1,1,0,0,0,0,0,0,1
ChristmasTree,PlaceablePrefab,none,1,0,0,0,0,0,0,1,1,1,0,0,0,0,0,0,1
ChristmasWallDecorationA,PlaceablePrefab,none,1,0,0,0,0,0,0,1,1,1,0,0,0,0,0,0,1
ChristmasWallDecorationB,PlaceablePrefab,none,1,0,0,0,0,0,0,1,1,1,0,0,0,0,0,0,1
ChristmasWallDecorationC,PlaceablePrefab,none,1,0,0,0,0,0,0,1,1,1,0,0,0,0,0,0,1
ChristmasWallDecorationD,PlaceablePrefab,none,1,0,0,0,0,0,0,1,1,1,0,0,0,0,0,0,1
ChristmasWallDecorationE,PlaceablePrefab,none,1,0,0,0,0,0,0,1,1,1,0,0,0,0,0,0,1
ChristmasWorkbench,PlaceablePrefab,none,1,0,0,0,0,0,0,1,1,1,0,0,0,0,0,0,1
ChronicleGallery,NonObtainable,none,1,0,0,0,0,0,0,1,1,1,0,0,0,0,0,0,1
Chrysalis,PlaceablePrefab,chrysalis,1,0,0,0,0,0,0,1,1,1,1,0,1,0,0,0,1
CicadaBossBuzzMortarProjectile,NonObtainable,none,1,0,0,0,0,0,0,0,0,0,0,0,0,0,0,0,1
CicadaBurrow,PlaceablePrefab,none,1,0,1,0,0,0,0,1,1,1,0,0,0,0,0,0,1
CicadaNatureTrophy,PlaceablePrefab,none,1,0,0,0,0,0,0,1,1,1,0,0,0,0,0,0,1
CicadaNymph,Creature,none,1,0,0,0,0,1,0,1,1,0,0,0,0,0,0,0,1
CicadaNymphTrophy,PlaceablePrefab,none,1,0,0,0,0,0,0,1,1,1,0,0,0,0,0,0,1
CityCavelingMoss,PlaceablePrefab,chrysalis,1,0,0,0,0,0,0,1,1,1,1,0,1,0,0,0,1
CityDestructible,PlaceablePrefab,none,1,0,1,0,0,1,0,1,1,1,1,0,0,0,0,0,1
ClayCavelingMoss,PlaceablePrefab,chrysalis,1,0,0,0,0,0,0,1,1,1,1,0,1,0,0,0,1
ClayPot,PlaceablePrefab,none,1,0,1,0,0,1,0,1,1,1,1,0,0,0,0,0,1
ClayWormSegment,Creature,none,1,0,0,0,0,1,0,1,1,0,0,0,0,0,0,0,1
ClayWormSegmentTail,NonObtainable,none,1,0,0,0,0,1,0,1,1,0,0,0,0,0,0,0,1
ClayWormTrophy,PlaceablePrefab,none,1,0,0,0,0,0,0,1,1,1,0,0,0,0,0,0,1
ClotRing,Ring,none,0,0,0,0,0,0,0,0,0,0,0,0,0,0,0,0,1
Cocoon,Creature,none,1,0,0,0,0,1,0,1,1,0,0,0,0,0,0,0,1
CocoonTrophy,PlaceablePrefab,none,1,0,0,0,0,0,0,1,1,1,0,0,0,0,0,0,1
ColossCicada,PlaceablePrefab,none,1,0,0,0,0,0,0,1,1,1,0,0,0,0,0,0,1
ColossalAmoebaTrophy,PlaceablePrefab,none,1,0,0,0,0,0,0,1,1,1,0,0,0,0,0,0,1
ColumnMonument,PlaceablePrefab,none,1,0,0,0,0,0,0,1,1,1,0,0,0,0,0,0,1
ConceiledBlade,Offhand,none,0,0,0,0,0,0,0,0,0,0,0,0,0,0,0,0,1
ConchShell,NonObtainable,none,1,0,0,0,0,0,0,1,1,1,0,0,0,0,0,0,1
ConchShellNecklace,Necklace,none,0,0,0,0,0,0,0,0,0,0,0,0,0,0,0,0,1
ContributorItem0,PlaceablePrefab,none,1,0,0,0,0,0,0,1,1,1,0,0,0,0,0,0,1
ContributorItem1,PlaceablePrefab,none,1,0,0,0,0,0,0,1,1,1,0,0,0,0,0,0,1
ContributorItemDakonHat,Helm,none,0,0,0,0,0,0,0,0,0,0,0,0,0,0,0,0,1
ContributorItemDaresielSword,MeleeWeapon,none,0,0,0,0,0,0,0,0,0,0,0,0,0,0,0,0,1
ContributorItemOwlunaeBook,Valuable,none,0,0,0,0,0,0,0,0,0,0,0,0,0,0,0,0,1
ConveyorBelt,PlaceablePrefab,none,1,0,0,0,0,0,0,1,1,1,1,0,0,0,0,0,1
ConveyorBeltSplitter,PlaceablePrefab,none,1,0,0,0,0,0,0,1,1,1,1,0,0,0,0,0,1
CookHelm,Helm,none,0,0,0,0,0,0,0,0,0,0,0,0,0,0,0,0,1
CookPants,PantsArmor,none,0,0,0,0,0,0,0,0,0,0,0,0,0,0,0,0,1
CookShirt,BreastArmor,none,0,0,0,0,0,0,0,0,0,0,0,0,0,0,0,0,1
CookedCake,Eatable,none,0,0,0,0,0,0,0,0,0,0,0,0,0,0,0,0,1
CookedCakeEpic,Eatable,none,0,0,0,0,0,0,0,0,0,0,0,0,0,0,0,0,1
CookedCakeRare,Eatable,none,0,0,0,0,0,0,0,0,0,0,0,0,0,0,0,0,1
CookedCereal,Eatable,none,0,0,0,0,0,0,0,0,0,0,0,0,0,0,0,0,1
CookedCerealEpic,Eatable,none,0,0,0,0,0,0,0,0,0,0,0,0,0,0,0,0,1
CookedCerealRare,Eatable,none,0,0,0,0,0,0,0,0,0,0,0,0,0,0,0,0,1
CookedCheese,Eatable,none,0,0,0,0,0,0,0,0,0,0,0,0,0,0,0,0,1
CookedCheeseEpic,Eatable,none,0,0,0,0,0,0,0,0,0,0,0,0,0,0,0,0,1
CookedCheeseRare,Eatable,none,0,0,0,0,0,0,0,0,0,0,0,0,0,0,0,0,1
CookedDipSnack,Eatable,none,0,0,0,0,0,0,0,0,0,0,0,0,0,0,0,0,1
CookedDipSnackEpic,Eatable,none,0,0,0,0,0,0,0,0,0,0,0,0,0,0,0,0,1
CookedDipSnackRare,Eatable,none,0,0,0,0,0,0,0,0,0,0,0,0,0,0,0,0,1
CookedFillet,Eatable,none,0,0,0,0,0,0,0,0,0,0,0,0,0,0,0,0,1
CookedFilletEpic,Eatable,none,0,0,0,0,0,0,0,0,0,0,0,0,0,0,0,0,1
CookedFilletRare,Eatable,none,0,0,0,0,0,0,0,0,0,0,0,0,0,0,0,0,1
CookedFishBalls,Eatable,none,0,0,0,0,0,0,0,0,0,0,0,0,0,0,0,0,1
CookedFishBallsEpic,Eatable,none,0,0,0,0,0,0,0,0,0,0,0,0,0,0,0,0,1
CookedFishBallsRare,Eatable,none,0,0,0,0,0,0,0,0,0,0,0,0,0,0,0,0,1
CookedPanCurry,Eatable,none,0,0,0,0,0,0,0,0,0,0,0,0,0,0,0,0,1
CookedPanCurryEpic,Eatable,none,0,0,0,0,0,0,0,0,0,0,0,0,0,0,0,0,1
CookedPanCurryRare,Eatable,none,0,0,0,0,0,0,0,0,0,0,0,0,0,0,0,0,1
CookedPudding,Eatable,none,0,0,0,0,0,0,0,0,0,0,0,0,0,0,0,0,1
CookedPuddingEpic,Eatable,none,0,0,0,0,0,0,0,0,0,0,0,0,0,0,0,0,1
CookedPuddingRare,Eatable,none,0,0,0,0,0,0,0,0,0,0,0,0,0,0,0,0,1
CookedSalad,Eatable,none,0,0,0,0,0,0,0,0,0,0,0,0,0,0,0,0,1
CookedSaladEpic,Eatable,none,0,0,0,0,0,0,0,0,0,0,0,0,0,0,0,0,1
CookedSaladRare,Eatable,none,0,0,0,0,0,0,0,0,0,0,0,0,0,0,0,0,1
CookedSandwich,Eatable,none,0,0,0,0,0,0,0,0,0,0,0,0,0,0,0,0,1
CookedSandwichEpic,Eatable,none,0,0,0,0,0,0,0,0,0,0,0,0,0,0,0,0,1
CookedSandwichRare,Eatable,none,0,0,0,0,0,0,0,0,0,0,0,0,0,0,0,0,1
CookedSmoothie,Eatable,none,0,0,0,0,0,0,0,0,0,0,0,0,0,0,0,0,1
CookedSmoothieEpic,Eatable,none,0,0,0,0,0,0,0,0,0,0,0,0,0,0,0,0,1
CookedSmoothieRare,Eatable,none,0,0,0,0,0,0,0,0,0,0,0,0,0,0,0,0,1
CookedSoup,Eatable,none,0,0,0,0,0,0,0,0,0,0,0,0,0,0,0,0,1
CookedSoupEpic,Eatable,none,0,0,0,0,0,0,0,0,0,0,0,0,0,0,0,0,1
CookedSoupRare,Eatable,none,0,0,0,0,0,0,0,0,0,0,0,0,0,0,0,0,1
CookedSteak,Eatable,none,0,0,0,0,0,0,0,0,0,0,0,0,0,0,0,0,1
CookedSteakEpic,Eatable,none,0,0,0,0,0,0,0,0,0,0,0,0,0,0,0,0,1
CookedSteakRare,Eatable,none,0,0,0,0,0,0,0,0,0,0,0,0,0,0,0,0,1
CookedSushi,Eatable,none,0,0,0,0,0,0,0,0,0,0,0,0,0,0,0,0,1
CookedSushiEpic,Eatable,none,0,0,0,0,0,0,0,0,0,0,0,0,0,0,0,0,1
CookedSushiRare,Eatable,none,0,0,0,0,0,0,0,0,0,0,0,0,0,0,0,0,1
CookedWrap,Eatable,none,0,0,0,0,0,0,0,0,0,0,0,0,0,0,0,0,1
CookedWrapEpic,Eatable,none,0,0,0,0,0,0,0,0,0,0,0,0,0,0,0,0,1
CookedWrapRare,Eatable,none,0,0,0,0,0,0,0,0,0,0,0,0,0,0,0,0,1
CookiesAndMilk,NonUsable,none,0,0,0,0,0,0,0,0,0,0,0,0,0,0,0,0,1
CookingPot,PlaceablePrefab,none,1,0,0,0,0,0,0,1,1,1,0,0,0,0,0,0,1
CookingPotBreastArmor,BreastArmor,none,0,0,0,0,0,0,0,0,0,0,0,0,0,0,0,0,1
CookingPotHelm,Helm,none,0,0,0,0,0,0,0,0,0,0,0,0,0,0,0,0,1
CopperAnvil,PlaceablePrefab,none,1,0,0,0,0,0,0,1,1,1,0,0,0,0,0,0,1
CopperBar,NonUsable,none,0,0,0,0,0,0,0,0,0,0,0,0,0,0,0,0,1
CopperBreastArmor,BreastArmor,none,0,0,0,0,0,0,0,0,0,0,0,0,0,0,0,0,1
CopperChest,PlaceablePrefab,none,1,0,0,0,0,0,0,1,1,1,0,0,0,0,0,0,1
CopperCrossNecklace,Necklace,none,0,0,0,0,0,0,0,0,0,0,0,0,0,0,0,0,1
CopperHelm,Helm,none,0,0,0,0,0,0,0,0,0,0,0,0,0,0,0,0,1
CopperHoe,Hoe,none,0,0,0,0,0,0,0,0,0,0,0,0,0,0,0,0,1
CopperKey,KeyItem,none,0,0,0,0,0,0,0,0,0,0,0,0,0,0,0,0,1
CopperMiningPick,MiningPick,none,0,0,0,0,0,0,0,0,0,0,0,0,0,0,0,0,1
CopperOre,NonUsable,ore,0,0,0,0,0,0,0,1,1,0,0,0,1,0,0,0,1
CopperOreBoulder,PlaceablePrefab,none,1,0,1,0,0,0,1,1,1,1,0,1,0,0,0,0,1
CopperPantsArmor,PantsArmor,none,0,0,0,0,0,0,0,0,0,0,0,0,0,0,0,0,1
CopperShovel,Shovel,none,0,0,0,0,0,0,0,0,0,0,0,0,0,0,0,0,1
CopperSledge,Sledge,none,0,0,0,0,0,0,0,0,0,0,0,0,0,0,0,0,1
CopperSword,MeleeWeapon,none,0,0,0,0,0,0,0,0,0,0,0,0,0,0,0,0,1
CopperWorkbench,PlaceablePrefab,none,1,0,0,0,0,0,0,1,1,1,0,0,0,0,0,0,1
CoralAmulet,Necklace,none,0,0,0,0,0,0,0,0,0,0,0,0,0,0,0,0,1
CoralBridge,PlaceablePrefab,bridge,1,0,0,0,0,0,0,1,1,1,1,0,1,0,0,0,1
CoralDoor,PlaceablePrefab,none,1,0,0,0,0,0,0,1,1,1,0,0,0,0,0,0,1
CoralFence,PlaceablePrefab,fence,1,0,0,0,0,0,0,1,1,1,0,0,1,0,0,0,1
CoralFenceGate,PlaceablePrefab,none,1,0,0,0,0,0,0,1,1,1,0,0,0,0,0,0,1
CoralFloor,PlaceablePrefab,floor,1,0,0,0,0,0,0,1,1,1,1,0,1,0,0,0,1
CoralPlank,NonUsable,none,0,0,0,0,0,0,0,0,0,0,0,0,0,0,0,0,1
CoralRing,Ring,none,0,0,0,0,0,0,0,0,0,0,0,0,0,0,0,0,1
CoralRootPlant,NonObtainable,none,1,0,0,0,0,0,0,1,1,1,1,0,0,1,1,0,1
CoralRootSeed,PlaceablePrefab,none,0,0,0,0,0,0,0,1,1,0,1,0,0,0,1,0,1
CoralWood,NonUsable,bigRoot,1,0,0,0,0,1,0,1,1,1,0,0,1,0,0,0,1
CoreBoss,Creature,none,1,0,0,0,0,1,0,1,1,0,0,0,0,0,0,0,1
CoreBossBeam,NonObtainable,none,1,0,0,0,0,0,0,0,0,0,0,0,0,0,0,0,1
CoreBossElectricProjectile,NonObtainable,none,1,0,0,0,0,0,0,0,0,0,0,0,0,0,0,0,1
CoreBossOrb,Creature,none,1,0,0,1,0,0,0,0,0,0,0,0,0,0,0,0,1
CoreBossScanner,CastingItem,none,0,0,0,0,0,0,0,0,0,0,0,0,0,0,0,0,1
CoreBossScarabProjectile,NonObtainable,none,1,0,0,0,0,0,0,0,0,0,0,0,0,0,0,0,1
CoreBossSummoningItem,PlaceablePrefab,none,1,0,0,0,0,0,0,1,1,1,0,0,0,0,0,0,1
CoreBossVoidImmuneZone,NonObtainable,none,1,0,0,0,0,0,0,0,0,0,0,0,0,0,0,0,1
CoreBossWhirlwindProjectile,NonObtainable,none,1,0,0,0,0,0,0,0,0,0,0,0,0,0,0,0,1
CoreCommanderBreastArmor,BreastArmor,none,0,0,0,0,0,0,0,0,0,0,0,0,0,0,0,0,1
CoreCommanderChest,PlaceablePrefab,none,1,0,0,0,0,0,0,1,1,1,0,0,0,0,0,0,1
CoreCommanderHelm,Helm,none,0,0,0,0,0,0,0,0,0,0,0,0,0,0,0,0,1
CoreCommanderPantsArmor,PantsArmor,none,0,0,0,0,0,0,0,0,0,0,0,0,0,0,0,0,1
CoreCommanderTrophy,PlaceablePrefab,none,1,0,0,0,0,0,0,1,1,1,0,0,0,0,0,0,1
CoreEye,Offhand,none,0,0,0,0,0,0,0,0,0,0,0,0,0,0,0,0,1
CoreProtocol1,UniqueCraftingComponent,none,0,0,0,0,0,0,0,0,0,0,0,0,0,0,0,0,1
CoreProtocol2,UniqueCraftingComponent,none,0,0,0,0,0,0,0,0,0,0,0,0,0,0,0,0,1
CoreProtocol3,UniqueCraftingComponent,none,0,0,0,0,0,0,0,0,0,0,0,0,0,0,0,0,1
CoreTrophy,PlaceablePrefab,none,1,0,0,0,0,0,0,1,1,1,0,0,0,0,0,0,1
CorruptWardenBreastArmor,BreastArmor,none,0,0,0,0,0,0,0,0,0,0,0,0,0,0,0,0,1
CorruptWardenHelm,Helm,none,0,0,0,0,0,0,0,0,0,0,0,0,0,0,0,0,1
CorruptWardenPantsArmor,PantsArmor,none,0,0,0,0,0,0,0,0,0,0,0,0,0,0,0,0,1
CorruptedAlloy,NonUsable,none,0,0,0,0,0,0,0,0,0,0,0,0,0,0,0,0,1
CosmicCheese,Eatable,none,0,0,0,0,0,0,0,0,0,0,0,0,0,0,0,0,1
CosmicForm,Eatable,none,0,0,0,0,0,0,0,0,0,0,0,0,0,0,0,0,1
Cow,Creature,none,1,0,0,0,0,0,0,1,1,0,0,0,0,0,0,0,1
CowBaby,Creature,none,1,0,0,0,0,0,0,1,1,0,0,0,0,0,0,0,1
CrabEnemy,Creature,none,1,0,0,0,0,1,0,1,1,0,0,0,0,0,0,0,1
CrabTrophy,PlaceablePrefab,none,1,0,0,0,0,0,0,1,1,1,0,0,0,0,0,0,1
CrescentNecklace,Necklace,none,0,0,0,0,0,0,0,0,0,0,0,0,0,0,0,0,1
CrescentRing,Ring,none,0,0,0,0,0,0,0,0,0,0,0,0,0,0,0,0,1
CritterBeetle,Critter,none,1,0,0,0,0,0,0,0,0,0,0,0,0,0,0,1,1
CritterCatcher,PlaceablePrefab,none,1,0,0,0,0,0,0,1,1,1,0,0,0,0,0,0,1
CritterCentipede,Critter,none,1,0,0,0,0,0,0,0,0,0,0,0,0,0,0,1,1
CritterCockroach,Critter,none,1,0,0,0,0,0,0,0,0,0,0,0,0,0,0,1,1
CritterCrab,Critter,none,1,0,0,0,0,0,0,0,0,0,0,0,0,0,0,1,1
CritterCrab2,Critter,none,1,0,0,0,0,0,0,0,0,0,0,0,0,0,0,1,1
CritterGrasshopper,Critter,none,1,0,0,0,0,0,0,0,0,0,0,0,0,0,0,1,1
CritterLarva,Critter,none,1,0,0,0,0,0,0,0,0,0,0,0,0,0,0,1,1
CritterLarvaVoid,Critter,none,1,0,0,0,0,0,0,0,0,0,0,0,0,0,0,1,1
CritterNewt,Critter,none,1,0,0,0,0,0,0,0,0,0,0,0,0,0,0,1,1
CritterPassageFly,Critter,none,1,0,0,0,0,0,0,0,0,0,0,0,0,0,0,1,1
CritterPouch,Pouch,none,0,0,0,0,0,0,0,0,0,0,0,0,0,0,0,0,1
CritterScorpion,Critter,none,1,0,0,0,0,0,0,0,0,0,0,0,0,0,0,1,1
CritterShrew,Critter,none,1,0,0,0,0,0,0,0,0,0,0,0,0,0,0,1,1
CritterSnootFly,Critter,none,1,0,0,0,0,0,0,0,0,0,0,0,0,0,0,1,1
CritterTinySnail,Critter,none,1,0,0,0,0,0,0,0,0,0,0,0,0,0,0,1,1
CritterWorm,Critter,none,1,0,0,0,0,0,0,0,0,0,0,0,0,0,0,1,1
CrossCircuit,PlaceablePrefab,none,1,0,0,0,0,0,0,1,1,1,1,0,0,0,0,0,1
CrownSquid,Eatable,none,0,0,0,0,0,0,0,0,0,0,0,0,0,0,0,0,1
CrudeDrill,PlaceablePrefab,none,1,0,0,0,0,0,0,1,1,1,0,0,0,0,0,0,1
CryoPod1,NonObtainable,none,1,0,0,0,0,0,0,1,1,1,0,0,0,0,0,0,1
CryoPod2,NonObtainable,none,1,0,0,0,0,0,0,1,1,1,0,0,0,0,0,0,1
CryoPod3,NonObtainable,none,1,0,0,0,0,0,0,1,1,1,0,0,0,0,0,0,1
CrystalBigSnail,Creature,none,1,0,0,0,0,1,1,1,1,0,0,0,0,0,0,0,1
CrystalBone,Valuable,none,0,0,0,0,0,0,0,0,0,0,0,0,0,0,0,0,1
CrystalBreastArmor,BreastArmor,none,0,0,0,0,0,0,0,0,0,0,0,0,0,0,0,0,1
CrystalCicada,PlaceablePrefab,none,1,0,1,0,0,0,0,1,1,1,0,0,0,0,0,0,1
CrystalCrust,PlaceablePrefab,chrysalis,1,0,0,0,0,0,0,1,1,1,1,0,1,0,0,0,1
CrystalDestructible,PlaceablePrefab,none,1,0,1,0,0,1,0,1,1,1,1,0,0,0,0,0,1
CrystalDestructibleDebris,NonObtainable,debris,0,0,0,0,0,0,0,1,1,0,0,0,1,0,0,0,1
CrystalHelm,Helm,none,0,0,0,0,0,0,0,0,0,0,0,0,0,0,0,0,1
CrystalKelp,Eatable,none,0,0,0,0,0,0,0,0,0,0,0,0,0,0,0,0,1
CrystalLamp,PlaceablePrefab,none,1,0,0,0,0,0,0,1,1,1,0,0,0,0,0,0,1
CrystalMerchant,Creature,none,1,0,0,0,0,1,0,1,1,0,0,0,0,0,0,0,1
CrystalMerchantSpawnItem,PlaceablePrefab,none,1,0,0,0,0,0,0,1,1,1,0,0,0,0,0,0,1
CrystalMeteor,NonObtainable,none,1,0,0,0,0,0,0,1,1,1,0,0,0,0,0,0,1
CrystalMeteorBoulder,NonObtainable,none,1,0,1,0,0,0,0,1,1,1,0,0,0,0,0,0,1
CrystalMeteorShard,CastingItem,none,0,0,0,0,0,0,0,0,0,0,0,0,0,0,0,0,1
CrystalMeteorShardOffhand,Offhand,none,0,0,0,0,0,0,0,0,0,0,0,0,0,0,0,0,1
CrystalNecklace,Necklace,none,0,0,0,0,0,0,0,0,0,0,0,0,0,0,0,0,1
CrystalPantsArmor,PantsArmor,none,0,0,0,0,0,0,0,0,0,0,0,0,0,0,0,0,1
CrystalRing,Ring,none,0,0,0,0,0,0,0,0,0,0,0,0,0,0,0,0,1
CrystalSpearhead,Valuable,none,0,0,0,0,0,0,0,0,0,0,0,0,0,0,0,0,1
CrystalSphere,Valuable,none,0,0,0,0,0,0,0,0,0,0,0,0,0,0,0,0,1
CrystalSpikeTrail,NonObtainable,none,1,0,0,0,0,0,0,0,0,0,0,0,0,0,0,0,1
CrystalStar,Valuable,none,0,0,0,0,0,0,0,0,0,0,0,0,0,0,0,0,1
CrystalTent,PlaceablePrefab,none,1,0,0,0,0,0,0,1,1,1,0,0,0,0,0,0,1
CrystalWater,Eatable,none,0,0,0,0,0,0,0,0,0,0,0,0,0,0,0,0,1
CultistColossCicada,PlaceablePrefab,none,1,0,0,0,0,0,0,1,1,1,0,0,0,0,0,0,1
CupidArrowProjectile,NonObtainable,none,1,0,0,0,0,0,0,0,0,0,0,0,0,0,0,0,1
CupidBow,RangeWeapon,none,0,0,0,0,0,0,0,0,0,0,0,0,0,0,0,0,1
CupidBreastArmor,BreastArmor,none,0,0,0,0,0,0,0,0,0,0,0,0,0,0,0,0,1
Cytoplasm,NonUsable,none,0,0,0,0,0,0,0,0,0,0,0,0,0,0,0,0,1
DaggerFin,Eatable,none,0,0,0,0,0,0,0,0,0,0,0,0,0,0,0,0,1
DancerBreastArmor,BreastArmor,none,0,0,0,0,0,0,0,0,0,0,0,0,0,0,0,0,1
DancerHelm,Helm,none,0,0,0,0,0,0,0,0,0,0,0,0,0,0,0,0,1
DancerPantsArmor,PantsArmor,none,0,0,0,0,0,0,0,0,0,0,0,0,0,0,0,0,1
DarkBlueKelp,Eatable,none,0,0,0,0,0,0,0,0,0,0,0,0,0,0,0,0,1
DarkLavaEater,Eatable,none,0,0,0,0,0,0,0,0,0,0,0,0,0,0,0,0,1
DataSlate,Valuable,none,0,0,0,0,0,0,0,0,0,0,0,0,0,0,0,0,1
DeadTree,PlaceablePrefab,none,1,0,0,0,0,0,0,1,1,1,0,0,0,0,0,0,1
DecorativePot,PlaceablePrefab,none,1,0,0,0,0,0,0,1,1,1,0,0,0,0,0,0,1
DecorativeTorch1,PlaceablePrefab,none,1,0,0,0,0,0,0,1,1,1,0,0,0,0,0,0,1
DeepspaceLog,Valuable,none,0,0,0,0,0,0,0,0,0,0,0,0,0,0,0,0,1
Deepstalker,Eatable,none,0,0,0,0,0,0,0,0,0,0,0,0,0,0,0,0,1
DeflectProjectile,NonObtainable,none,1,0,0,0,0,0,0,0,0,0,0,0,0,0,0,0,1
DelayCircuit,PlaceablePrefab,none,1,0,0,0,0,0,0,1,1,1,1,0,0,0,0,0,1
DesertBossStatue,PlaceablePrefab,none,1,0,0,0,0,0,0,1,1,1,0,0,0,0,0,0,1
DesertBreastArmor,BreastArmor,none,0,0,0,0,0,0,0,0,0,0,0,0,0,0,0,0,1
DesertBrute,Creature,none,1,0,0,0,0,1,0,1,1,0,0,0,0,0,0,0,1
DesertBush,PlaceablePrefab,none,1,0,0,0,0,0,0,1,1,1,0,0,0,0,0,0,1
DesertCavelingMoss,PlaceablePrefab,chrysalis,1,0,0,0,0,0,0,1,1,1,1,0,1,0,0,0,1
DesertCicadaEnemy,Creature,none,1,0,0,0,0,0,0,0,0,0,0,0,0,0,0,0,1
DesertDestructible,PlaceablePrefab,none,1,0,1,0,0,1,0,1,1,1,1,0,0,0,0,0,1
DesertDestructibleDebris,NonObtainable,debris,0,0,0,0,0,0,0,1,1,0,0,0,1,0,0,0,1
DesertDiamond,Valuable,none,0,0,0,0,0,0,0,0,0,0,0,0,0,0,0,0,1
DesertExplosiveWallExplosion,NonUsable,none,0,0,0,0,0,0,0,0,0,0,0,0,0,0,0,0,1
DesertGemstone,NonUsable,none,0,0,0,0,0,0,0,0,0,0,0,0,0,0,0,0,1
DesertGuardianBreastArmor,BreastArmor,none,0,0,0,0,0,0,0,0,0,0,0,0,0,0,0,0,1
DesertGuardianHelm,Helm,none,0,0,0,0,0,0,0,0,0,0,0,0,0,0,0,0,1
DesertGuardianPantsArmor,PantsArmor,none,0,0,0,0,0,0,0,0,0,0,0,0,0,0,0,0,1
DesertHelm,Helm,none,0,0,0,0,0,0,0,0,0,0,0,0,0,0,0,0,1
DesertPantsArmor,PantsArmor,none,0,0,0,0,0,0,0,0,0,0,0,0,0,0,0,0,1
DesertRock1,PlaceablePrefab,none,1,0,0,0,0,0,0,1,1,1,0,0,0,0,0,0,1
DesertRock2Left,PlaceablePrefab,none,1,0,0,0,0,0,0,1,1,1,0,0,0,0,0,0,1
DesertRock2Right,PlaceablePrefab,none,1,0,0,0,0,0,0,1,1,1,0,0,0,0,0,0,1
DesertRock3Left,PlaceablePrefab,none,1,0,0,0,0,0,0,1,1,1,0,0,0,0,0,0,1
DesertRock3Right,PlaceablePrefab,none,1,0,0,0,0,0,0,1,1,1,0,0,0,0,0,0,1
DesertRockSmall,PlaceablePrefab,none,1,0,0,0,0,0,0,1,1,1,0,0,0,0,0,0,1
DesertTempleDestructible,PlaceablePrefab,none,1,0,1,0,0,1,0,1,1,1,1,0,0,0,0,0,1
DesertTempleDestructibleDebris,NonObtainable,debris,0,0,0,0,0,0,0,1,1,0,0,0,1,0,0,0,1
DevilWorm,Eatable,none,0,0,0,0,0,0,0,0,0,0,0,0,0,0,0,0,1
DiggingSpot,NonObtainable,none,0,0,0,0,0,1,0,1,1,0,1,0,0,0,0,0,1
DiggingSpotDesert,NonObtainable,none,0,0,0,0,0,1,0,1,1,0,1,0,0,0,0,0,1
DiggingSpotExcavation,NonObtainable,none,0,0,0,0,0,1,0,1,1,0,1,0,0,0,0,0,1
DiggingSpotLava,NonObtainable,none,0,0,0,0,0,1,0,1,1,0,1,0,0,0,0,0,1
DiggingSpotNature,NonObtainable,none,0,0,0,0,0,1,0,1,1,0,1,0,0,0,0,0,1
DiggingSpotSea,NonObtainable,none,0,0,0,0,0,1,0,1,1,0,1,0,0,0,0,0,1
DistilledSlime,Eatable,none,0,0,0,0,0,0,0,0,0,0,0,0,0,0,0,0,1
DistilleryTable,PlaceablePrefab,none,1,0,0,0,0,0,0,1,1,1,0,0,0,0,0,0,1
DiverArmor,BreastArmor,none,0,0,0,0,0,0,0,0,0,0,0,0,0,0,0,0,1
DiverHelm,Helm,none,0,0,0,0,0,0,0,0,0,0,0,0,0,0,0,0,1
DiverNecklace,Necklace,none,0,0,0,0,0,0,0,0,0,0,0,0,0,0,0,0,1
DiverPantsArmor,PantsArmor,none,0,0,0,0,0,0,0,0,0,0,0,0,0,0,0,0,1
DiverRing,Ring,none,0,0,0,0,0,0,0,0,0,0,0,0,0,0,0,0,1
Dodo,Creature,none,1,0,0,0,0,0,0,1,1,0,0,0,0,0,0,0,1
DodoBaby,Creature,none,1,0,0,0,0,0,0,1,1,0,0,0,0,0,0,0,1
DoubleRing,Ring,none,0,0,0,0,0,0,0,0,0,0,0,0,0,0,0,0,1
DragonMaskHelm,Helm,none,0,0,0,0,0,0,0,0,0,0,0,0,0,0,0,0,1
DreamerBreastArmor,BreastArmor,none,0,0,0,0,0,0,0,0,0,0,0,0,0,0,0,0,1
DreamerHelm,Helm,none,0,0,0,0,0,0,0,0,0,0,0,0,0,0,0,0,1
DreamerPantsArmor,PantsArmor,none,0,0,0,0,0,0,0,0,0,0,0,0,0,0,0,0,1
Dresser,PlaceablePrefab,none,1,0,0,0,0,0,0,1,1,1,0,0,0,0,0,0,1
DriftwoodStool,PlaceablePrefab,none,1,0,0,0,0,0,0,1,1,1,0,0,0,0,0,0,1
DriftwoodTable,PlaceablePrefab,none,1,0,0,0,0,0,0,1,1,1,0,0,0,0,0,0,1
Drill,PlaceablePrefab,none,1,0,0,0,0,0,0,1,1,1,0,0,0,0,0,0,1
DrillMonument,PlaceablePrefab,none,1,0,0,0,0,0,0,1,1,1,0,0,0,0,0,0,1
DrillTool,DrillTool,none,0,0,0,0,0,0,0,0,0,0,0,0,0,0,0,0,1
DrillToolScarlet,DrillTool,none,0,0,0,0,0,0,0,0,0,0,0,0,0,0,0,0,1
DroppedItem,NonUsable,none,0,0,0,0,0,0,0,1,1,0,0,0,0,0,0,0,1
DryButterfly,Valuable,none,0,0,0,0,0,0,0,0,0,0,0,0,0,0,0,0,1
DugUpClayGround,NonObtainable,dugUpGround,0,0,0,0,0,0,0,1,1,0,1,0,1,0,0,0,1
DugUpCrystalGround,NonObtainable,dugUpGround,0,0,0,0,0,0,0,1,1,0,1,0,1,0,0,0,1
DugUpGround,NonObtainable,dugUpGround,0,0,0,0,0,0,0,1,1,0,1,0,1,0,0,0,1
DugUpMeadowGround,NonObtainable,dugUpGround,0,0,0,0,0,0,0,1,1,0,1,0,1,0,0,0,1
DugUpMoldGround,NonObtainable,dugUpGround,0,0,0,0,0,0,0,1,1,0,1,0,1,0,0,0,1
DugUpNatureGround,NonObtainable,dugUpGround,0,0,0,0,0,0,0,1,1,0,1,0,1,0,0,0,1
DugUpOasisGround,NonObtainable,dugUpGround,0,0,0,0,0,0,0,1,1,0,1,0,1,0,0,0,1
DugUpSeaGround,NonObtainable,dugUpGround,0,0,0,0,0,0,0,1,1,0,1,0,1,0,0,0,1
DugUpStoneGround,NonObtainable,dugUpGround,0,0,0,0,0,0,0,1,1,0,1,0,1,0,0,0,1
DugUpTurfGround,NonObtainable,dugUpGround,0,0,0,0,0,0,0,1,1,0,1,0,1,0,0,0,1
DynamitePack,PlaceablePrefab,none,1,0,0,0,0,0,0,1,1,1,0,0,0,0,0,0,1
EarPlate,Valuable,none,0,0,0,0,0,0,0,0,0,0,0,0,0,0,0,0,1
EarlyHumanSkull,Valuable,none,0,0,0,0,0,0,0,0,0,0,0,0,0,0,0,0,1
EasterAzeosTrophy,PlaceablePrefab,none,1,0,0,0,0,0,0,1,1,1,0,0,0,0,0,0,1
EasterChest,PlaceablePrefab,none,1,0,0,0,0,0,0,1,1,1,0,0,0,0,0,0,1
EasterChickenHat,Helm,none,0,0,0,0,0,0,0,0,0,0,0,0,0,0,0,0,1
EasterChickenPants,PantsArmor,none,0,0,0,0,0,0,0,0,0,0,0,0,0,0,0,0,1
EasterChickenSuit,BreastArmor,none,0,0,0,0,0,0,0,0,0,0,0,0,0,0,0,0,1
EasterDaisyFloorspread,PlaceablePrefab,looseFlooring,1,0,0,0,0,0,0,1,1,1,1,0,1,0,0,0,1
EasterEggClay,NonUsable,none,0,0,0,0,0,0,0,0,0,0,0,0,0,0,0,0,1
EasterEggDirt,NonUsable,none,0,0,0,0,0,0,0,0,0,0,0,0,0,0,0,0,1
EasterEggFlowerpot,PlaceablePrefab,none,1,0,0,0,0,0,0,1,1,1,0,0,0,0,0,0,1
EasterEggLamp,PlaceablePrefab,none,1,0,0,0,0,0,0,1,1,1,0,0,0,0,0,0,1
EasterEggNature,NonUsable,none,0,0,0,0,0,0,0,0,0,0,0,0,0,0,0,0,1
EasterEggStone,NonUsable,none,0,0,0,0,0,0,0,0,0,0,0,0,0,0,0,0,1
EasterEggcellentHat,Helm,none,0,0,0,0,0,0,0,0,0,0,0,0,0,0,0,0,1
EasterEggcellentPants,PantsArmor,none,0,0,0,0,0,0,0,0,0,0,0,0,0,0,0,0,1
EasterEggcellentSuit,BreastArmor,none,0,0,0,0,0,0,0,0,0,0,0,0,0,0,0,0,1
EasterGarland,PlaceablePrefab,none,1,0,0,0,0,0,0,1,1,1,0,0,0,0,0,0,1
EasterGoldenEgg,PlaceablePrefab,none,1,0,0,0,0,0,0,1,1,1,0,0,0,0,0,0,1
EasterMeadowStool,PlaceablePrefab,none,1,0,0,0,0,0,0,1,1,1,0,0,0,0,0,0,1
EasterMeadowTable,PlaceablePrefab,none,1,0,0,0,0,0,0,1,1,1,0,0,0,0,0,0,1
EasterPedestal,PlaceablePrefab,none,1,0,0,0,0,0,0,1,1,1,0,0,0,0,0,0,1
EasterPillar,PlaceablePrefab,none,1,0,0,0,0,0,0,1,1,1,1,0,0,0,0,0,1
EasterWorkbench,PlaceablePrefab,none,1,0,0,0,0,0,0,1,1,1,0,0,0,0,0,0,1
EchoMapAlienTerminal1,CastingItem,none,0,0,0,0,0,0,0,0,0,0,0,0,0,0,0,0,1
EchoMapAlienTerminal2,CastingItem,none,0,0,0,0,0,0,0,0,0,0,0,0,0,0,0,0,1
EchoMapAlienTerminal3,CastingItem,none,0,0,0,0,0,0,0,0,0,0,0,0,0,0,0,0,1
EchoMapBindingString,CastingItem,none,0,0,0,0,0,0,0,0,0,0,0,0,0,0,0,0,1
EchoMapFishingMerchant,CastingItem,none,0,0,0,0,0,0,0,0,0,0,0,0,0,0,0,0,1
EchoMapShrineRoom,CastingItem,none,0,0,0,0,0,0,0,0,0,0,0,0,0,0,0,0,1
EchoMapTitanTemple,CastingItem,none,0,0,0,0,0,0,0,0,0,0,0,0,0,0,0,0,1
EchoMapWorshipMural,CastingItem,none,0,0,0,0,0,0,0,0,0,0,0,0,0,0,0,0,1
EerieChest,PlaceablePrefab,none,1,0,0,0,0,0,0,1,1,1,0,0,0,0,0,0,1
EerieDresser,PlaceablePrefab,none,1,0,0,0,0,0,0,1,1,1,0,0,0,0,0,0,1
EerieFloor,PlaceablePrefab,floor,1,0,0,0,0,0,0,1,1,1,1,0,1,0,0,0,1
EerieRug,PlaceablePrefab,none,1,0,0,0,0,0,0,1,1,1,1,0,0,0,0,0,1
EerieStool,PlaceablePrefab,none,1,0,0,0,0,0,0,1,1,1,0,0,0,0,0,0,1
EerieTable,PlaceablePrefab,none,1,0,0,0,0,0,0,1,1,1,0,0,0,0,0,0,1
EerieTreeLight,PlaceablePrefab,none,1,0,0,0,0,0,0,1,1,1,0,0,0,0,0,0,1
Egg,Eatable,none,0,0,0,0,0,0,0,0,0,0,0,0,0,0,0,0,1
EggIncubator,PlaceablePrefab,none,1,0,0,0,0,0,0,1,1,1,0,0,0,0,0,0,1
ElderDragonfish,Eatable,none,0,0,0,0,0,0,0,0,0,0,0,0,0,0,0,0,1
ElectricProjectile,NonObtainable,none,1,0,0,0,0,0,0,0,0,0,0,0,0,0,0,0,1
ElectricalDoor,PlaceablePrefab,none,1,0,0,0,0,0,0,1,1,1,0,0,0,0,0,0,1
ElectricalDropGate,PlaceablePrefab,none,1,0,0,0,0,0,0,1,1,1,0,0,0,0,0,0,1
ElectricalWire,PlaceablePrefab,circuitPlate,1,0,0,0,0,0,0,1,1,1,1,0,0,0,0,0,1
ElectricityGenerator,PlaceablePrefab,none,1,0,0,0,0,0,0,1,1,1,0,0,0,0,0,0,1
ElectricityStick,PlaceablePrefab,none,1,0,0,0,0,0,0,1,1,1,0,0,0,0,0,0,1
ElectronicsTable,PlaceablePrefab,none,1,0,0,0,0,0,0,1,1,1,0,0,0,0,0,0,1
EmberPit,PlaceablePrefab,none,1,0,0,0,0,0,0,1,1,1,0,0,0,0,0,0,1
EmeraldFeatherFish,Eatable,none,0,0,0,0,0,0,0,0,0,0,0,0,0,0,0,0,1
EmptyGrave,PlaceablePrefab,none,1,0,0,0,0,0,0,1,1,1,0,0,0,0,0,0,1
EnchantedRose,Valuable,none,0,0,0,0,0,0,0,0,0,0,0,0,0,0,0,0,1
EnemySpawnerPlatform,PlaceablePrefab,none,1,0,0,0,0,0,0,1,1,1,1,0,0,0,0,0,1
EnergyProjectile,NonObtainable,none,1,0,0,0,0,0,0,0,0,0,0,0,0,0,0,0,1
EnhydroCrystal,Valuable,none,0,0,0,0,0,0,0,0,0,0,0,0,0,0,0,0,1
EnragePotion,Eatable,none,0,0,0,0,0,0,0,0,0,0,0,0,0,0,0,0,1
EostreNecklace,Necklace,none,0,0,0,0,0,0,0,0,0,0,0,0,0,0,0,0,1
EventTerminal,NonObtainable,none,1,0,0,0,0,0,0,1,1,1,0,0,0,0,0,0,1
EvilEyeCandy,Eatable,none,0,0,0,0,0,0,0,0,0,0,0,0,0,0,0,0,1
ExcavationBossStatue,PlaceablePrefab,none,1,0,0,0,0,0,0,1,1,1,0,0,0,0,0,0,1
ExcavationBridge,PlaceablePrefab,bridge,1,0,0,0,0,0,0,1,1,1,1,0,1,0,0,0,1
ExcavationBrokenRobotDecorationCharger,PlaceablePrefab,none,1,0,1,0,0,1,0,1,1,1,0,0,0,0,0,0,1
ExcavationBrokenRobotDecorationCharger2,PlaceablePrefab,none,1,0,1,0,0,1,0,1,1,1,0,0,0,0,0,0,1
ExcavationBrokenRobotDecorationPatroller,PlaceablePrefab,none,1,0,1,0,0,1,0,1,1,1,0,0,0,0,0,0,1
ExcavationBrokenRobotDecorationSwarmer,PlaceablePrefab,none,1,0,1,0,0,1,0,1,1,1,1,0,0,0,0,0,1
ExcavationBrokenRobotDecorationSwarmer2,PlaceablePrefab,none,1,0,1,0,0,1,0,1,1,1,1,0,0,0,0,0,1
ExcavationBurnerRing,Ring,none,0,0,0,0,0,0,0,0,0,0,0,0,0,0,0,0,1
ExcavationDestructibleDebris,NonObtainable,debris,0,0,0,0,0,0,0,1,1,0,0,0,1,0,0,0,1
ExcavationDestructibleReinforcedBox,PlaceablePrefab,none,1,0,1,0,0,1,0,1,1,1,1,0,0,0,0,0,1
ExcavationDestructibleSteelBox,PlaceablePrefab,none,1,0,1,0,0,1,0,1,1,1,1,0,0,0,0,0,1
ExcavationDoor,NonObtainable,none,1,0,0,0,0,0,0,1,1,1,0,0,0,0,0,0,1
ExcavationDrillDoor,NonObtainable,none,1,0,0,0,0,0,0,1,1,1,0,0,0,0,0,0,1
ExcavationDungeonDestructibleDebris,NonObtainable,debris,0,0,0,0,0,0,0,1,1,0,0,0,1,0,0,0,1
ExcavationMoss,PlaceablePrefab,chrysalis,1,0,0,0,0,0,0,1,1,1,1,0,1,0,0,0,1
ExcavationPedestal,PlaceablePrefab,none,1,0,0,0,0,0,0,1,1,1,0,0,0,0,0,0,1
ExcavationScrewNutRing,Ring,none,0,0,0,0,0,0,0,0,0,0,0,0,0,0,0,0,1
ExcavationSign,PlaceablePrefab,none,1,0,0,0,0,0,0,1,1,1,0,0,0,0,0,0,1
ExcavationStatue,PlaceablePrefab,none,1,0,0,0,0,0,0,1,1,1,0,0,0,0,0,0,1
ExcavationVoidMoss,PlaceablePrefab,chrysalis,1,0,0,0,0,0,0,1,1,1,1,0,1,0,0,0,1
ExcavationWorkbench,PlaceablePrefab,none,1,0,0,0,0,0,0,1,1,1,0,0,0,0,0,0,1
ExplorerBackpack,Bag,none,0,0,0,0,0,0,0,0,0,0,0,0,0,0,0,0,1
ExplorerHelm,Helm,none,0,0,0,0,0,0,0,0,0,0,0,0,0,0,0,0,1
Explosion,NonUsable,none,0,0,0,0,0,0,0,0,0,0,0,0,0,0,0,0,1
ExplosiveBarrel,PlaceablePrefab,none,1,0,1,0,0,0,0,1,1,1,1,0,0,0,0,0,1
ExplosiveMinion,Creature,none,0,0,0,0,0,0,0,0,0,0,0,0,0,0,0,0,1
ExplosiveWallExplosion,NonUsable,none,0,0,0,0,0,0,0,0,0,0,0,0,0,0,0,0,1
FallingExcavationRockDestructible,PlaceablePrefab,none,1,0,1,0,0,1,0,1,1,1,0,0,0,0,0,0,1
FallingExcavationRockMortarProjectile,NonObtainable,none,1,0,0,0,0,0,0,1,1,0,0,0,0,0,0,0,1
FallingRockDestructible,PlaceablePrefab,none,1,0,1,0,0,1,0,1,1,1,0,0,0,0,0,0,1
FallingRockMortarProjectile,NonObtainable,none,1,0,0,0,0,0,0,1,1,0,0,0,0,0,0,0,1
FangNecklace,Necklace,none,0,0,0,0,0,0,0,0,0,0,0,0,0,0,0,0,1
FarmerHelm,Helm,none,0,0,0,0,0,0,0,0,0,0,0,0,0,0,0,0,1
FeatherFishScale,Valuable,none,0,0,0,0,0,0,0,0,0,0,0,0,0,0,0,0,1
FeatherTree,PlaceablePrefab,none,1,0,0,0,0,0,0,1,1,1,0,0,0,0,0,0,1
FeatherTreeCyan,PlaceablePrefab,none,1,0,0,0,0,0,0,1,1,1,0,0,0,0,0,0,1
Fiber,NonUsable,none,0,0,0,0,0,0,0,0,0,0,0,0,0,0,0,0,1
FieryExplosion,NonUsable,none,0,0,0,0,0,0,0,0,0,0,0,0,0,0,0,0,1
FieryExplosionSmall,NonUsable,none,0,0,0,0,0,0,0,0,0,0,0,0,0,0,0,0,1
FireAoeDamage,NonObtainable,none,1,0,0,0,0,0,0,0,0,0,0,0,0,0,0,0,1
FireGrenade,ThrowingWeapon,none,0,0,0,0,0,0,0,0,0,0,0,0,0,0,0,0,1
FireGrenadeProjectile,NonObtainable,none,1,0,0,0,0,0,0,0,0,0,0,0,0,0,0,0,1
FireMiteMinion,Creature,none,0,0,0,0,0,0,0,0,0,0,0,0,0,0,0,0,1
FireTrap,NonObtainable,none,1,0,0,0,1,0,0,1,1,0,0,0,0,0,0,0,1
FireballExplosiveProjectile,NonObtainable,none,1,0,0,0,0,0,0,0,0,0,0,0,0,0,0,0,1
FireballProjectile,NonObtainable,none,1,0,0,0,0,0,0,0,0,0,0,0,0,0,0,0,1
FireballStaff,RangeWeapon,none,0,0,0,0,0,0,0,0,0,0,0,0,0,0,0,0,1
FireworkBig,PlaceablePrefab,none,1,0,0,0,0,0,0,1,1,1,0,0,0,0,0,0,1
FireworkBlue,PlaceablePrefab,none,1,0,0,0,0,0,0,1,1,1,0,0,0,0,0,0,1
FireworkGreen,PlaceablePrefab,none,1,0,0,0,0,0,0,1,1,1,0,0,0,0,0,0,1
FireworkPurple,PlaceablePrefab,none,1,0,0,0,0,0,0,1,1,1,0,0,0,0,0,0,1
FireworkRed,PlaceablePrefab,none,1,0,0,0,0,0,0,1,1,1,0,0,0,0,0,0,1
FireworkYellow,PlaceablePrefab,none,1,0,0,0,0,0,0,1,1,1,0,0,0,0,0,0,1
FishFossil,Valuable,none,0,0,0,0,0,0,0,0,0,0,0,0,0,0,0,0,1
FishPouch,Pouch,none,0,0,0,0,0,0,0,0,0,0,0,0,0,0,0,0,1
FishShoal,NonObtainable,none,0,0,0,0,0,0,0,0,0,0,0,0,0,0,0,0,1
FishingMerchant,Creature,none,1,0,0,0,0,1,0,1,1,0,0,0,0,0,0,0,1
FishingNet,PlaceablePrefab,none,1,0,0,0,0,0,0,1,1,1,0,0,0,0,0,0,1
FishingNetRack,PlaceablePrefab,none,1,0,0,0,0,0,0,1,1,1,0,0,0,0,0,0,1
FishingWorkBench,PlaceablePrefab,none,1,0,0,0,0,0,0,1,1,1,0,0,0,0,0,0,1
FizzyCrystal,Valuable,none,0,0,0,0,0,0,0,0,0,0,0,0,0,0,0,0,1
FlameNecklace,Necklace,none,0,0,0,0,0,0,0,0,0,0,0,0,0,0,0,0,1
FlameRing,Ring,none,0,0,0,0,0,0,0,0,0,0,0,0,0,0,0,0,1
Flamethrower,BeamWeapon,none,0,0,0,0,0,0,0,0,0,0,0,0,0,0,0,0,1
FlamethrowerTurret,PlaceablePrefab,none,1,0,0,0,0,0,0,1,1,1,0,0,0,0,0,0,1
FleshKelp,Eatable,none,0,0,0,0,0,0,0,0,0,0,0,0,0,0,0,0,1
FlintlockMusket,RangeWeapon,none,0,0,0,0,0,0,0,0,0,0,0,0,0,0,0,0,1
FlintlockMusketProjectile,NonObtainable,none,1,0,0,0,0,0,0,0,0,0,0,0,0,0,0,0,1
FloatyMold,NonObtainable,none,0,0,0,0,0,0,0,0,0,0,0,0,0,0,0,0,1
FloorPillow,PlaceablePrefab,none,1,0,0,0,0,0,0,1,1,1,0,0,0,0,0,0,1
FoodRation,Eatable,none,0,0,0,0,0,0,0,0,0,0,0,0,0,0,0,0,1
ForkedCoral,Valuable,none,0,0,0,0,0,0,0,0,0,0,0,0,0,0,0,0,1
FrankensteinCavelingBruteTrophy,PlaceablePrefab,none,1,0,0,0,0,0,0,1,1,1,0,0,0,0,0,0,1
FrankensteinHelm,Helm,none,0,0,0,0,0,0,0,0,0,0,0,0,0,0,0,0,1
FrozenFlame,Valuable,none,0,0,0,0,0,0,0,0,0,0,0,0,0,0,0,0,1
FruitBasket,Eatable,none,0,0,0,0,0,0,0,0,0,0,0,0,0,0,0,0,1
FruitBread,Eatable,none,0,0,0,0,0,0,0,0,0,0,0,0,0,0,0,0,1
FungalBone,Valuable,none,0,0,0,0,0,0,0,0,0,0,0,0,0,0,0,0,1
FungalGrowth,PlaceablePrefab,chrysalis,1,0,0,0,0,0,0,1,1,1,1,0,1,0,0,0,1
Furnace,PlaceablePrefab,none,1,0,0,0,0,0,0,1,1,1,0,0,0,0,0,0,1
FuryForge,PlaceablePrefab,none,1,0,0,0,0,0,0,1,1,1,0,0,0,0,0,0,1
FusionAlloy,Valuable,none,0,0,0,0,0,0,0,0,0,0,0,0,0,0,0,0,1
FusionedChunkNecklace,Necklace,none,0,0,0,0,0,0,0,0,0,0,0,0,0,0,0,0,1
GalaxiteAnvil,PlaceablePrefab,none,1,0,0,0,0,0,0,1,1,1,0,0,0,0,0,0,1
GalaxiteBar,NonUsable,none,0,0,0,0,0,0,0,0,0,0,0,0,0,0,0,0,1
GalaxiteBreastArmor,BreastArmor,none,0,0,0,0,0,0,0,0,0,0,0,0,0,0,0,0,1
GalaxiteBridge,PlaceablePrefab,bridge,1,0,0,0,0,0,0,1,1,1,1,0,1,0,0,0,1
GalaxiteChakram,RangeWeapon,none,0,0,0,0,0,0,0,0,0,0,0,0,0,0,0,0,1
GalaxiteChest,PlaceablePrefab,none,1,0,0,0,0,0,0,1,1,1,0,0,0,0,0,0,1
GalaxiteDagger,MeleeWeapon,none,0,0,0,0,0,0,0,0,0,0,0,0,0,0,0,0,1
GalaxiteDoor,PlaceablePrefab,none,1,0,0,0,0,0,0,1,1,1,0,0,0,0,0,0,1
GalaxiteEnergyProjectile,NonObtainable,none,1,0,0,0,0,0,0,0,0,0,0,0,0,0,0,0,1
GalaxiteFence,PlaceablePrefab,fence,1,0,0,0,0,0,0,1,1,1,0,0,1,0,0,0,1
GalaxiteFenceGate,PlaceablePrefab,none,1,0,0,0,0,0,0,1,1,1,0,0,0,0,0,0,1
GalaxiteFishingRod,FishingRod,none,0,0,0,0,0,0,0,0,0,0,0,0,0,0,0,0,1
GalaxiteFloor,PlaceablePrefab,floor,1,0,0,0,0,0,0,1,1,1,1,0,1,0,0,0,1
GalaxiteHelm,Helm,none,0,0,0,0,0,0,0,0,0,0,0,0,0,0,0,0,1
GalaxiteKey,KeyItem,none,0,0,0,0,0,0,0,0,0,0,0,0,0,0,0,0,1
GalaxiteMiningPick,MiningPick,none,0,0,0,0,0,0,0,0,0,0,0,0,0,0,0,0,1
GalaxiteOre,NonUsable,ore,0,0,0,0,0,0,0,1,1,0,0,0,1,0,0,0,1
GalaxiteOreBoulder,PlaceablePrefab,none,1,0,1,0,0,0,1,1,1,1,0,1,0,0,0,0,1
GalaxitePantsArmor,PantsArmor,none,0,0,0,0,0,0,0,0,0,0,0,0,0,0,0,0,1
GalaxiteShovel,Shovel,none,0,0,0,0,0,0,0,0,0,0,0,0,0,0,0,0,1
GalaxiteSledge,Sledge,none,0,0,0,0,0,0,0,0,0,0,0,0,0,0,0,0,1
GalaxiteSword,MeleeWeapon,none,0,0,0,0,0,0,0,0,0,0,0,0,0,0,0,0,1
GalaxiteTrap,PlaceablePrefab,none,1,0,0,0,0,0,0,1,1,1,1,0,0,0,0,0,1
GalaxiteTurret,PlaceablePrefab,none,1,0,0,0,0,0,0,1,1,1,0,0,0,0,0,0,1
GalaxiteWorkbench,PlaceablePrefab,none,1,0,0,0,0,0,0,1,1,1,0,0,0,0,0,0,1
GearMonument,PlaceablePrefab,none,1,0,0,0,0,0,0,1,1,1,0,0,0,0,0,0,1
GemCrab,Eatable,none,0,0,0,0,0,0,0,0,0,0,0,0,0,0,0,0,1
Geode,Valuable,none,0,0,0,0,0,0,0,0,0,0,0,0,0,0,0,0,1
GeodeWallDisplay,PlaceablePrefab,none,1,0,0,0,0,0,0,1,1,1,0,0,0,0,0,0,1
Geyser,NonObtainable,none,1,0,0,0,0,0,0,1,1,1,0,0,0,0,0,0,1
GhormChest,PlaceablePrefab,none,1,0,0,0,0,0,0,1,1,1,0,0,0,0,0,0,1
GhormTrophy,PlaceablePrefab,none,1,0,0,0,0,0,0,1,1,1,0,0,0,0,0,0,1
GhormsStomachBag,Bag,none,0,0,0,0,0,0,0,0,0,0,0,0,0,0,0,0,1
GhostBlanketBreastArmor,BreastArmor,none,0,0,0,0,0,0,0,0,0,0,0,0,0,0,0,0,1
GhostBlanketCavelingTrophy,PlaceablePrefab,none,1,0,0,0,0,0,0,1,1,1,0,0,0,0,0,0,1
GhostBlanketHelm,Helm,none,0,0,0,0,0,0,0,0,0,0,0,0,0,0,0,0,1
GhostCaveling,Creature,none,1,0,0,0,0,0,0,0,0,0,0,0,0,0,0,0,1
GhostScholar,Creature,none,1,0,0,0,0,0,0,0,0,0,0,0,0,0,0,0,1
GiantCicadaBoss,Creature,none,1,0,0,0,1,1,0,1,1,0,0,0,0,0,0,0,1
GiantCicadaBossScanner,CastingItem,none,0,0,0,0,0,0,0,0,0,0,0,0,0,0,0,0,1
GiantCicadaBossShield,NonObtainable,none,1,0,0,1,1,0,0,0,0,0,0,0,0,0,0,0,1
GiantCicadaBossSpawnLocation,NonObtainable,none,0,0,0,0,0,0,0,0,0,0,0,0,0,0,0,0,1
GiantCicadaBossSummoningItem,PlaceablePrefab,none,1,0,0,0,0,0,0,1,1,1,0,0,0,0,0,0,1
GiantCicadaBossTrophy,PlaceablePrefab,none,1,0,0,0,0,0,0,1,1,1,0,0,0,0,0,0,1
GiantCicadaChest,PlaceablePrefab,none,1,0,0,0,0,0,0,1,1,1,0,0,0,0,0,0,1
GiantDrill,PlaceablePrefab,none,1,0,0,0,0,0,0,1,1,1,0,0,0,0,0,0,1
GiantGerm,Valuable,none,0,0,0,0,0,0,0,0,0,0,0,0,0,0,0,0,1
GiantMite,Valuable,none,0,0,0,0,0,0,0,0,0,0,0,0,0,0,0,0,1
GiantMitochondrion,Eatable,none,0,0,0,0,0,0,0,0,0,0,0,0,0,0,0,0,1
GiantMushroom,Eatable,none,1,0,0,0,0,0,0,1,1,1,0,0,0,0,0,0,1
GiantMushroom2,Eatable,none,1,0,0,0,0,0,0,1,1,1,0,0,0,0,0,0,1
GiantSquidEye,Valuable,none,0,0,0,0,0,0,0,0,0,0,0,0,0,0,0,0,1
GingerbreadBreastArmor,BreastArmor,none,0,0,0,0,0,0,0,0,0,0,0,0,0,0,0,0,1
GingerbreadChest,PlaceablePrefab,none,1,0,0,0,0,0,0,1,1,1,0,0,0,0,0,0,1
GingerbreadHoodHelm,Helm,none,0,0,0,0,0,0,0,0,0,0,0,0,0,0,0,0,1
GingerbreadManHelm,Helm,none,0,0,0,0,0,0,0,0,0,0,0,0,0,0,0,0,1
GingerbreadPantsArmor,PantsArmor,none,0,0,0,0,0,0,0,0,0,0,0,0,0,0,0,0,1
Glass,NonUsable,none,0,0,0,0,0,0,0,0,0,0,0,0,0,0,0,0,1
GlassBridge,PlaceablePrefab,bridge,1,0,0,0,0,0,0,1,1,1,1,0,1,0,0,0,1
GlassFloor,PlaceablePrefab,floor,1,0,0,0,0,0,0,1,1,1,1,0,1,0,0,0,1
GlassSmelter,PlaceablePrefab,none,1,0,0,0,0,0,0,1,1,1,0,0,0,0,0,0,1
GlassWorkbench,PlaceablePrefab,none,1,0,0,0,0,0,0,1,1,1,0,0,0,0,0,0,1
GlazedHeartberry,Eatable,none,0,0,0,0,0,0,0,0,0,0,0,0,0,0,0,0,1
GleamRootPlant,NonObtainable,none,1,0,0,0,0,0,0,1,1,1,1,0,0,1,1,0,1
GleamRootSeed,PlaceablePrefab,none,0,0,0,0,0,0,0,1,1,0,1,0,0,0,1,0,1
GleamWood,NonUsable,bigRoot,1,0,0,0,0,1,0,1,1,1,0,0,1,0,0,0,1
GleamWoodBridge,PlaceablePrefab,bridge,1,0,0,0,0,0,0,1,1,1,1,0,1,0,0,0,1
GleamWoodDoor,PlaceablePrefab,none,1,0,0,0,0,0,0,1,1,1,0,0,0,0,0,0,1
GleamWoodFence,PlaceablePrefab,fence,1,0,0,0,0,0,0,1,1,1,0,0,1,0,0,0,1
GleamWoodFenceGate,PlaceablePrefab,none,1,0,0,0,0,0,0,1,1,1,0,0,0,0,0,0,1
GleamWoodFloor,PlaceablePrefab,floor,1,0,0,0,0,0,0,1,1,1,1,0,1,0,0,0,1
GleamWoodPlank,NonUsable,none,0,0,0,0,0,0,0,0,0,0,0,0,0,0,0,0,1
GlowTulipRing,Ring,none,0,0,0,0,0,0,0,0,0,0,0,0,0,0,0,0,1
GlowingCoral,PlaceablePrefab,none,0,0,0,0,0,0,0,1,1,0,1,0,0,0,0,0,1
GlowingMushroom,Eatable,none,1,0,0,0,0,0,0,1,1,1,1,0,0,0,0,0,1
GlowingTulipFlower,Eatable,none,0,0,0,0,0,0,0,0,0,0,0,0,0,0,0,0,1
GlowingTulipFlowerRare,Eatable,none,0,0,0,0,0,0,0,0,0,0,0,0,0,0,0,0,1
GlowingTulipPlant,NonObtainable,none,1,0,0,0,0,0,0,1,1,1,1,0,0,1,1,0,1
GlowingTulipSeed,PlaceablePrefab,none,0,0,0,0,0,0,0,1,1,0,1,0,0,0,1,0,1
GlurchChest,PlaceablePrefab,none,1,0,0,0,0,0,0,1,1,1,0,0,0,0,0,0,1
GlurchTrophy,PlaceablePrefab,none,1,0,0,0,0,0,0,1,1,1,0,0,0,0,0,0,1
GoKartWorkbench,PlaceablePrefab,none,1,0,0,0,0,0,0,1,1,1,0,0,0,0,0,0,1
Goat,Creature,none,1,0,0,0,0,0,0,1,1,0,0,0,0,0,0,0,1
GoatBaby,Creature,none,1,0,0,0,0,0,0,1,1,0,0,0,0,0,0,0,1
GodsentBreastArmor,BreastArmor,none,0,0,0,0,0,0,0,0,0,0,0,0,0,0,0,0,1
GodsentHelm,Helm,none,0,0,0,0,0,0,0,0,0,0,0,0,0,0,0,0,1
GodsentPantsArmor,PantsArmor,none,0,0,0,0,0,0,0,0,0,0,0,0,0,0,0,0,1
GoldBar,NonUsable,none,0,0,0,0,0,0,0,0,0,0,0,0,0,0,0,0,1
GoldCrystalNecklace,Necklace,none,0,0,0,0,0,0,0,0,0,0,0,0,0,0,0,0,1
GoldCrystalRing,Ring,none,0,0,0,0,0,0,0,0,0,0,0,0,0,0,0,0,1
GoldOre,NonUsable,ore,0,0,0,0,0,0,0,1,1,0,0,0,1,0,0,0,1
GoldOreBoulder,PlaceablePrefab,none,1,0,1,0,0,0,1,1,1,1,0,1,0,0,0,0,1
GoldenAngleFish,Eatable,none,0,0,0,0,0,0,0,0,0,0,0,0,0,0,0,0,1
GoldenBombScarab,Creature,none,1,0,0,0,0,1,0,1,1,0,0,0,0,0,0,0,1
GoldenBombScarabTrophy,PlaceablePrefab,none,1,0,0,0,0,0,0,1,1,1,0,0,0,0,0,0,1
GoldenCavelingMask,Valuable,none,0,0,0,0,0,0,0,0,0,0,0,0,0,0,0,0,1
GoldenChocolate,Eatable,none,0,0,0,0,0,0,0,0,0,0,0,0,0,0,0,0,1
GoldenCocoon,Valuable,none,0,0,0,0,0,0,0,0,0,0,0,0,0,0,0,0,1
GoldenDeepstalker,Eatable,none,0,0,0,0,0,0,0,0,0,0,0,0,0,0,0,0,1
GoldenFeather,Valuable,none,0,0,0,0,0,0,0,0,0,0,0,0,0,0,0,0,1
GoldenJellyfish,Offhand,none,0,0,0,0,0,0,0,0,0,0,0,0,0,0,0,0,1
GoldenLarvaMeat,Eatable,none,0,0,0,0,0,0,0,0,0,0,0,0,0,0,0,0,1
GoldenNeedle,Valuable,none,0,0,0,0,0,0,0,0,0,0,0,0,0,0,0,0,1
GoldenRoseBouquet,PlaceablePrefab,none,1,0,0,0,0,0,0,1,1,1,0,0,0,0,0,0,1
GoldenSpikeRing,Ring,none,0,0,0,0,0,0,0,0,0,0,0,0,0,0,0,0,1
GoldenStarfish,Valuable,none,0,0,0,0,0,0,0,0,0,0,0,0,0,0,0,0,1
GoldenTorrentDart,Eatable,none,0,0,0,0,0,0,0,0,0,0,0,0,0,0,0,0,1
GoldenWhistle,Valuable,none,0,0,0,0,0,0,0,0,0,0,0,0,0,0,0,0,1
GolemBreastArmor,BreastArmor,none,0,0,0,0,0,0,0,0,0,0,0,0,0,0,0,0,1
GolemHelm,Helm,none,0,0,0,0,0,0,0,0,0,0,0,0,0,0,0,0,1
GolemPantsArmor,PantsArmor,none,0,0,0,0,0,0,0,0,0,0,0,0,0,0,0,0,1
GolemShield,Offhand,none,0,0,0,0,0,0,0,0,0,0,0,0,0,0,0,0,1
GolemTrophy,PlaceablePrefab,none,1,0,0,0,0,0,0,1,1,1,0,0,0,0,0,0,1
GraveTree,PlaceablePrefab,none,1,0,0,0,0,0,0,1,1,1,0,0,0,0,0,0,1
Gravestone,NonObtainable,none,1,0,0,0,0,0,0,1,1,1,0,0,0,0,0,0,1
GravityProjectile,NonObtainable,none,1,0,0,0,0,0,0,0,0,0,0,0,0,0,0,0,1
GreatWallBlock,NonUsable,greatWall,1,0,0,0,0,1,0,1,1,1,0,0,1,0,0,0,1
GreaterHealingPotion,Eatable,none,0,0,0,0,0,0,0,0,0,0,0,0,0,0,0,0,1
GreaterManaPotion,Eatable,none,0,0,0,0,0,0,0,0,0,0,0,0,0,0,0,0,1
GreenBlisterHead,Eatable,none,0,0,0,0,0,0,0,0,0,0,0,0,0,0,0,0,1
GreenDesertDestructible,PlaceablePrefab,none,1,0,1,0,0,1,0,1,1,1,1,0,0,0,0,0,1
GreenFireFly,Critter,none,1,0,1,0,0,0,0,1,1,1,0,0,0,0,0,1,1
GreenKelp,Eatable,none,0,0,0,0,0,0,0,0,0,0,0,0,0,0,0,0,1
GreenLargeDesertDestructible,PlaceablePrefab,none,1,0,1,0,0,1,0,1,1,1,0,0,0,0,0,0,1
GreeneryPod,PlaceablePrefab,none,1,0,0,0,0,0,0,1,1,1,0,0,0,0,0,0,1
GreenhornPico,Eatable,none,0,0,0,0,0,0,0,0,0,0,0,0,0,0,0,0,1
Grenade,ThrowingWeapon,none,0,0,0,0,0,0,0,0,0,0,0,0,0,0,0,0,1
GrenadeProjectile,NonObtainable,none,1,0,0,0,0,0,0,0,0,0,0,0,0,0,0,0,1
GreyDuneTail,Eatable,none,0,0,0,0,0,0,0,0,0,0,0,0,0,0,0,0,1
GreyKelp,Eatable,none,0,0,0,0,0,0,0,0,0,0,0,0,0,0,0,0,1
GrimBreastArmor,BreastArmor,none,0,0,0,0,0,0,0,0,0,0,0,0,0,0,0,0,1
GrimHelm,Helm,none,0,0,0,0,0,0,0,0,0,0,0,0,0,0,0,0,1
GrimPantsArmor,PantsArmor,none,0,0,0,0,0,0,0,0,0,0,0,0,0,0,0,0,1
GrimyStoneBookshelf,PlaceablePrefab,none,1,0,0,0,0,0,0,1,1,1,0,0,0,0,0,0,1
GrimyStoneBookshelfLarge,PlaceablePrefab,none,1,0,0,0,0,0,0,1,1,1,0,0,0,0,0,0,1
GrimyStoneFloor,PlaceablePrefab,floor,1,0,0,0,0,0,0,1,1,1,1,0,1,0,0,0,1
GrimyStonePillar,PlaceablePrefab,none,1,0,0,0,0,0,0,1,1,1,0,0,0,0,0,0,1
GrimyStoneTable,PlaceablePrefab,none,1,0,0,0,0,0,0,1,1,1,0,0,0,0,0,0,1
GroundAcidSlime,PlaceablePrefab,groundSlime,1,0,0,0,0,0,0,1,1,1,1,0,1,0,0,0,1
GroundAlienBlock,PlaceablePrefab,ground,1,0,0,0,0,0,0,1,1,0,1,0,1,0,0,0,1
GroundBeachSandBlock,PlaceablePrefab,ground,1,0,0,0,0,0,0,1,1,0,1,0,1,0,0,0,1
GroundCityBlock,PlaceablePrefab,ground,1,0,0,0,0,0,0,1,1,0,1,0,1,0,0,0,1
GroundClayBlock,PlaceablePrefab,ground,1,0,0,0,0,0,0,1,1,0,1,0,1,0,0,0,1
GroundCrystalBlock,PlaceablePrefab,ground,1,0,0,0,0,0,0,1,1,0,1,0,1,0,0,0,1
GroundDarkStoneBlock,PlaceablePrefab,ground,1,0,0,0,0,0,0,1,1,0,1,0,1,0,0,0,1
GroundDesertSandBlock,PlaceablePrefab,ground,1,0,0,0,0,0,0,1,1,0,1,0,1,0,0,0,1
GroundDesertTempleBlock,PlaceablePrefab,ground,1,0,0,0,0,0,0,1,1,0,1,0,1,0,0,0,1
GroundDesertTempleBlock2,PlaceablePrefab,ground,1,0,0,0,0,0,0,1,1,0,1,0,1,0,0,0,1
GroundDirtBlock,PlaceablePrefab,ground,1,0,0,0,0,0,0,1,1,0,1,0,1,0,0,0,1
GroundExcavationBlock,PlaceablePrefab,ground,1,0,0,0,0,0,0,1,1,0,1,0,1,0,0,0,1
GroundExcavationBorderBlock,PlaceablePrefab,ground,1,0,0,0,0,0,0,1,1,0,1,0,1,0,0,0,1
GroundExcavationDungeonBlock,PlaceablePrefab,ground,1,0,0,0,0,0,0,1,1,0,1,0,1,0,0,0,1
GroundExcavationRockBlock,PlaceablePrefab,ground,1,0,0,0,0,0,0,1,1,0,1,0,1,0,0,0,1
GroundExcavationVoidBlock,PlaceablePrefab,ground,1,0,0,0,0,0,0,1,1,0,1,0,1,0,0,0,1
GroundGrassBlock,PlaceablePrefab,ground,1,0,0,0,0,0,0,1,1,0,1,0,1,0,0,0,1
GroundHiveBlock,PlaceablePrefab,ground,1,0,0,0,0,0,0,1,1,0,1,0,1,0,0,0,1
GroundLavaBlock,PlaceablePrefab,ground,1,0,0,0,0,0,0,1,1,0,1,0,1,0,0,0,1
GroundLavaSlime,PlaceablePrefab,groundSlime,1,0,0,0,0,0,0,1,1,1,1,0,1,0,0,0,1
GroundMeadowBlock,PlaceablePrefab,ground,1,0,0,0,0,0,0,1,1,0,1,0,1,0,0,0,1
GroundMoldBlock,PlaceablePrefab,ground,1,0,0,0,0,0,0,1,1,0,1,0,1,0,0,0,1
GroundOasisblock,PlaceablePrefab,ground,1,0,0,0,0,0,0,1,1,0,1,0,1,0,0,0,1
GroundObsidianBlock,PlaceablePrefab,ground,1,0,0,0,0,0,0,1,1,0,1,0,1,0,0,0,1
GroundOilSlime,PlaceablePrefab,groundSlime,1,0,0,0,0,0,0,1,1,1,1,0,1,0,0,0,1
GroundPassageBlock,PlaceablePrefab,ground,1,0,0,0,0,0,0,1,1,0,1,0,1,0,0,0,1
GroundPoisonSlime,PlaceablePrefab,groundSlime,1,0,0,0,0,0,0,1,1,1,1,0,1,0,0,0,1
GroundSandBlock,PlaceablePrefab,ground,1,0,0,0,0,0,0,1,1,0,1,0,1,0,0,0,1
GroundSlime,PlaceablePrefab,groundSlime,1,0,0,0,0,0,0,1,1,1,1,0,1,0,0,0,1
GroundSlipperySlime,PlaceablePrefab,groundSlime,1,0,0,0,0,0,0,1,1,1,1,0,1,0,0,0,1
GroundSnowBlock,PlaceablePrefab,ground,1,0,0,0,0,0,0,1,1,0,1,0,1,0,0,0,1
GroundStoneBlock,PlaceablePrefab,ground,1,0,0,0,0,0,0,1,1,0,1,0,1,0,0,0,1
GroundTurfBlock,PlaceablePrefab,ground,1,0,0,0,0,0,0,1,1,0,1,0,1,0,0,0,1
GrubEggNecklace,Necklace,none,0,0,0,0,0,0,0,0,0,0,0,0,0,0,0,0,1
GrubKapokPlant,NonObtainable,none,1,0,0,0,0,0,0,1,1,1,1,0,0,1,1,0,1
GrubKapokSeed,PlaceablePrefab,none,0,0,0,0,0,0,0,1,1,0,1,0,0,0,1,0,1
GrubKnot,Valuable,none,0,0,0,0,0,0,0,0,0,0,0,0,0,0,0,0,1
GrubPearl,Valuable,none,0,0,0,0,0,0,0,0,0,0,0,0,0,0,0,0,1
Grubzooka,RangeWeapon,none,0,0,0,0,0,0,0,0,0,0,0,0,0,0,0,0,1
GrubzookaProjectile,NonObtainable,none,1,0,0,0,0,0,0,0,0,0,0,0,0,0,0,0,1
Grumpkin,Eatable,none,0,0,0,0,0,0,0,0,0,0,0,0,0,0,0,0,1
GrumpkinPlant,NonObtainable,none,1,0,0,0,0,0,0,1,1,1,1,0,0,1,1,0,1
GrumpkinRare,Eatable,none,0,0,0,0,0,0,0,0,0,0,0,0,0,0,0,0,1
GrumpkinSeed,PlaceablePrefab,none,0,0,0,0,0,0,0,1,1,0,1,0,0,0,1,0,1
GuardiansPotion,Eatable,none,0,0,0,0,0,0,0,0,0,0,0,0,0,0,0,0,1
HalloweenGoodieBag,CastingItem,none,0,0,0,0,0,0,0,0,0,0,0,0,0,0,0,0,1
HalloweenWorkbench,PlaceablePrefab,none,1,0,0,0,0,0,0,1,1,1,0,0,0,0,0,0,1
HandMortar,RangeWeapon,none,0,0,0,0,0,0,0,0,0,0,0,0,0,0,0,0,1
HandMortarProjectile,NonObtainable,none,1,0,0,0,0,0,0,0,0,0,0,0,0,0,0,0,1
HardThorn,Valuable,none,0,0,0,0,0,0,0,0,0,0,0,0,0,0,0,0,1
HealingPotion,Eatable,none,0,0,0,0,0,0,0,0,0,0,0,0,0,0,0,0,1
HeartBerry,Eatable,none,0,0,0,0,0,0,0,0,0,0,0,0,0,0,0,0,1
HeartBerryNecklace,Necklace,none,0,0,0,0,0,0,0,0,0,0,0,0,0,0,0,0,1
HeartBerryPlant,NonObtainable,none,1,0,0,0,0,0,0,1,1,1,1,0,0,1,1,0,1
HeartBerryRare,Eatable,none,0,0,0,0,0,0,0,0,0,0,0,0,0,0,0,0,1
HeartBerrySeed,PlaceablePrefab,none,0,0,0,0,0,0,0,1,1,0,1,0,0,0,1,0,1
HeartOfGold,Valuable,none,0,0,0,0,0,0,0,0,0,0,0,0,0,0,0,0,1
HeartberrySoda,Eatable,none,0,0,0,0,0,0,0,0,0,0,0,0,0,0,0,0,1
HiveBigLarvaTrophy,PlaceablePrefab,none,1,0,0,0,0,0,0,1,1,1,0,0,0,0,0,0,1
HiveBone,NonObtainable,none,1,0,1,0,0,0,0,1,1,1,0,0,0,0,0,0,1
HiveBoneBreastArmor,BreastArmor,none,0,0,0,0,0,0,0,0,0,0,0,0,0,0,0,0,1
HiveBoneHelm,Helm,none,0,0,0,0,0,0,0,0,0,0,0,0,0,0,0,0,1
HiveBonePantsArmor,PantsArmor,none,0,0,0,0,0,0,0,0,0,0,0,0,0,0,0,0,1
HiveBossCrystal,NonUsable,none,0,0,0,0,0,0,0,0,0,0,0,0,0,0,0,0,1
HiveBossSummoningItem,PlaceablePrefab,none,1,0,0,0,0,0,0,1,1,1,0,0,0,0,0,0,1
HiveDestructible,PlaceablePrefab,none,1,0,1,0,0,1,0,1,1,1,1,0,0,0,0,0,1
HiveHalloweenBossSummoningItem,PlaceablePrefab,none,1,0,0,0,0,0,0,1,1,1,0,0,0,0,0,0,1
HiveHalloweenBossTrophy,PlaceablePrefab,none,1,0,0,0,0,0,0,1,1,1,0,0,0,0,0,0,1
HiveLarvaTrophy,PlaceablePrefab,none,1,0,0,0,0,0,0,1,1,1,0,0,0,0,0,0,1
HiveMotherScanner,CastingItem,none,0,0,0,0,0,0,0,0,0,0,0,0,0,0,0,0,1
HiveSpikeTrap,PlaceablePrefab,none,1,0,0,0,0,0,0,1,1,1,1,0,0,0,0,0,1
HiveVein,NonObtainable,none,1,0,1,0,0,0,0,1,1,1,0,0,0,0,0,0,1
HivemotherChest,PlaceablePrefab,none,1,0,0,0,0,0,0,1,1,1,0,0,0,0,0,0,1
HivemotherHalloweenChest,PlaceablePrefab,none,1,0,0,0,0,0,0,1,1,1,0,0,0,0,0,0,1
HivemotherTrophy,PlaceablePrefab,none,1,0,0,0,0,0,0,1,1,1,0,0,0,0,0,0,1
HomeworldReminiscence,Valuable,none,0,0,0,0,0,0,0,0,0,0,0,0,0,0,0,0,1
HostileCreatureProximitySensor,PlaceablePrefab,none,1,0,0,0,0,0,0,1,1,1,1,0,0,0,0,0,1
HotChocolate,Eatable,none,0,0,0,0,0,0,0,0,0,0,0,0,0,0,0,0,1
HotPunch,Eatable,none,0,0,0,0,0,0,0,0,0,0,0,0,0,0,0,0,1
HourglassRing,Ring,none,0,0,0,0,0,0,0,0,0,0,0,0,0,0,0,0,1
HunterBreastArmor,BreastArmor,none,0,0,0,0,0,0,0,0,0,0,0,0,0,0,0,0,1
HunterHelm,Helm,none,0,0,0,0,0,0,0,0,0,0,0,0,0,0,0,0,1
HuntingSceneRock,NonObtainable,none,1,0,0,0,0,0,0,1,1,1,0,0,0,0,0,0,1
HuntingSpear,MeleeWeapon,none,0,0,0,0,0,0,0,0,0,0,0,0,0,0,0,0,1
HydraBoneBreastArmor,BreastArmor,none,0,0,0,0,0,0,0,0,0,0,0,0,0,0,0,0,1
HydraBoneHelm,Helm,none,0,0,0,0,0,0,0,0,0,0,0,0,0,0,0,0,1
HydraBonePantsArmor,PantsArmor,none,0,0,0,0,0,0,0,0,0,0,0,0,0,0,0,0,1
HydraBoneShield,Offhand,none,0,0,0,0,0,0,0,0,0,0,0,0,0,0,0,0,1
HydraBoneSword,MeleeWeapon,none,0,0,0,0,0,0,0,0,0,0,0,0,0,0,0,0,1
HydraBoneTooth,Offhand,none,0,0,0,0,0,0,0,0,0,0,0,0,0,0,0,0,1
HydraBossBeamMortarProjectile,NonObtainable,none,1,0,0,0,0,0,0,0,0,0,0,0,0,0,0,0,1
HydraBossDesert,Creature,none,1,0,0,0,0,1,0,1,1,0,0,0,0,0,0,0,1
HydraBossDesertBait,PlaceablePrefab,none,1,0,0,0,0,0,0,1,1,1,0,0,0,0,0,0,1
HydraBossDesertChest,PlaceablePrefab,none,1,0,0,0,0,0,0,1,1,1,0,0,0,0,0,0,1
HydraBossDesertScanner,CastingItem,none,0,0,0,0,0,0,0,0,0,0,0,0,0,0,0,0,1
HydraBossDesertSoulOrb,NonObtainable,none,1,0,0,0,0,0,0,0,0,0,0,0,0,0,0,0,1
HydraBossDesertTrophy,PlaceablePrefab,none,1,0,0,0,0,0,0,1,1,1,0,0,0,0,0,0,1
HydraBossFirstCraftingItem,UniqueCraftingComponent,none,0,0,0,0,0,0,0,0,0,0,0,0,0,0,0,0,1
HydraBossIceShard,PlaceablePrefab,none,1,0,1,0,0,0,0,1,1,1,0,0,0,0,0,0,1
HydraBossIceShardMortarProjectile,NonObtainable,none,1,0,0,0,0,0,0,1,1,0,0,0,0,0,0,0,1
HydraBossLavaMortarProjectile,NonObtainable,none,1,0,0,0,0,0,0,0,0,0,0,0,0,0,0,0,1
HydraBossNature,Creature,none,1,0,0,0,0,1,0,1,1,0,0,0,0,0,0,0,1
HydraBossNatureBait,PlaceablePrefab,none,1,0,0,0,0,0,0,1,1,1,0,0,0,0,0,0,1
HydraBossNatureChest,PlaceablePrefab,none,1,0,0,0,0,0,0,1,1,1,0,0,0,0,0,0,1
HydraBossNatureCraftingItem,UniqueCraftingComponent,none,0,0,0,0,0,0,0,0,0,0,0,0,0,0,0,0,1
HydraBossNatureScanner,CastingItem,none,0,0,0,0,0,0,0,0,0,0,0,0,0,0,0,0,1
HydraBossNatureSoulOrb,NonObtainable,none,1,0,0,0,0,0,0,0,0,0,0,0,0,0,0,0,1
HydraBossNatureTrophy,PlaceablePrefab,none,1,0,0,0,0,0,0,1,1,1,0,0,0,0,0,0,1
HydraBossSea,Creature,none,1,0,0,0,0,1,0,1,1,0,0,0,0,0,0,0,1
HydraBossSeaBait,PlaceablePrefab,none,1,0,0,0,0,0,0,1,1,1,0,0,0,0,0,0,1
HydraBossSeaChest,PlaceablePrefab,none,1,0,0,0,0,0,0,1,1,1,0,0,0,0,0,0,1
HydraBossSeaCraftingItem,UniqueCraftingComponent,none,0,0,0,0,0,0,0,0,0,0,0,0,0,0,0,0,1
HydraBossSeaScanner,CastingItem,none,0,0,0,0,0,0,0,0,0,0,0,0,0,0,0,0,1
HydraBossSeaSoulOrb,NonObtainable,none,1,0,0,0,0,0,0,0,0,0,0,0,0,0,0,0,1
HydraBossSeaTrophy,PlaceablePrefab,none,1,0,0,0,0,0,0,1,1,1,0,0,0,0,0,0,1
HydraBossShockwaveMortarProjectile,NonObtainable,none,1,0,0,0,0,0,0,0,0,0,0,0,0,0,0,0,1
HydraBossSpawnNilipedeMortarProjectile,NonObtainable,none,1,0,0,0,0,0,0,1,1,0,0,0,0,0,0,0,1
HydraBossStalactite,PlaceablePrefab,none,1,0,1,0,0,0,0,1,1,1,0,0,0,0,0,0,1
HydraBossStalactiteMortarProjectile,NonObtainable,none,1,0,0,0,0,0,0,1,1,0,0,0,0,0,0,0,1
HydraBossStatue,PlaceablePrefab,none,1,0,0,0,0,0,0,1,1,1,0,0,0,0,0,0,1
HydraBossVoid,Creature,none,1,0,0,0,0,1,0,1,1,0,0,0,0,0,0,0,1
HydraBossVoidBait,PlaceablePrefab,none,1,0,0,0,0,0,0,1,1,1,0,0,0,0,0,0,1
HydraBossVoidChest,PlaceablePrefab,none,1,0,0,0,0,0,0,1,1,1,0,0,0,0,0,0,1
HydraBossVoidCraftingItem,CastingItem,none,0,0,0,0,0,0,0,0,0,0,0,0,0,0,0,0,1
HydraBossVoidScanner,CastingItem,none,0,0,0,0,0,0,0,0,0,0,0,0,0,0,0,0,1
HydraBossVoidTrophy,PlaceablePrefab,none,1,0,0,0,0,0,0,1,1,1,0,0,0,0,0,0,1
HydraJewelryDesertNecklace,Necklace,none,0,0,0,0,0,0,0,0,0,0,0,0,0,0,0,0,1
HydraJewelryNatureRing,Ring,none,0,0,0,0,0,0,0,0,0,0,0,0,0,0,0,0,1
HydraJewelrySeaRing,Ring,none,0,0,0,0,0,0,0,0,0,0,0,0,0,0,0,0,1
HydraWorkbench,PlaceablePrefab,none,1,0,0,0,0,0,0,1,1,1,0,0,0,0,0,0,1
ICircuit,PlaceablePrefab,none,1,0,0,0,0,0,0,1,1,1,1,0,0,0,0,0,1
IceShardProjectile,NonObtainable,none,1,0,0,0,0,0,0,0,0,0,0,0,0,0,0,0,1
IgneousTrophy,PlaceablePrefab,none,1,0,0,0,0,0,0,1,1,1,0,0,0,0,0,0,1
ImmuneZoneEmitter,NonObtainable,none,1,0,0,0,0,0,0,1,1,1,0,0,0,0,0,0,1
ImmuneZoneEmitterLarge,NonObtainable,none,1,0,0,0,0,0,0,1,1,1,0,0,0,0,0,0,1
ImmuneZoneEmitterMedium,NonObtainable,none,1,0,0,0,0,0,0,1,1,1,0,0,0,0,0,0,1
ImmunityTile,NonObtainable,immune,0,0,0,0,0,0,0,1,1,0,0,0,1,0,0,0,1
IncenseBowl,Valuable,none,0,0,0,0,0,0,0,0,0,0,0,0,0,0,0,0,1
Incinerator,PlaceablePrefab,none,1,0,0,0,0,0,0,1,1,1,0,0,0,0,0,0,1
IndestructibleAncientWire,PlaceablePrefab,ancientCircuitPlate,0,0,0,0,0,0,0,0,0,0,0,0,0,0,0,0,1
InfectedCaveling,Creature,none,1,0,0,0,0,1,0,1,1,0,0,0,0,0,0,0,1
InfoBoardBroken,PlaceablePrefab,none,1,0,0,0,0,0,0,1,1,1,0,0,0,0,0,0,1
InfoBoardLarge,PlaceablePrefab,none,1,0,0,0,0,0,0,1,1,1,0,0,0,0,0,0,1
InfoBoardSmall,PlaceablePrefab,none,1,0,0,0,0,0,0,1,1,1,0,0,0,0,0,0,1
InstrumentCello,Instrument,none,0,0,0,0,0,0,0,0,0,0,0,0,0,0,0,0,1
InstrumentDrumkit,Instrument,none,0,0,0,0,0,0,0,0,0,0,0,0,0,0,0,0,1
InstrumentFlute,Instrument,none,0,0,0,0,0,0,0,0,0,0,0,0,0,0,0,0,1
InstrumentHarp,Instrument,none,0,0,0,0,0,0,0,0,0,0,0,0,0,0,0,0,1
InstrumentPiano,Instrument,none,0,0,0,0,0,0,0,0,0,0,0,0,0,0,0,0,1
IntactGrave,PlaceablePrefab,none,1,0,0,0,0,0,0,1,1,1,0,0,0,0,0,0,1
InventorBreastArmor,BreastArmor,none,0,0,0,0,0,0,0,0,0,0,0,0,0,0,0,0,1
InventorHelm,Helm,none,0,0,0,0,0,0,0,0,0,0,0,0,0,0,0,0,1
InventorPantsArmor,PantsArmor,none,0,0,0,0,0,0,0,0,0,0,0,0,0,0,0,0,1
InventoryAncientChest,PlaceablePrefab,none,1,0,0,0,0,0,0,1,1,1,0,0,0,0,0,0,1
InventoryChest,PlaceablePrefab,none,1,0,0,0,0,0,0,1,1,1,0,0,0,0,0,0,1
InventoryDesertBiomeChest,PlaceablePrefab,none,1,0,0,0,0,0,0,1,1,1,0,0,0,0,0,0,1
InventoryExcavationBiomeChest,PlaceablePrefab,none,1,0,0,0,0,0,0,1,1,1,0,0,0,0,0,0,1
InventoryLarvaHiveChest,PlaceablePrefab,none,1,0,0,0,0,0,0,1,1,1,0,0,0,0,0,0,1
InventoryLavaChest,PlaceablePrefab,none,1,0,0,0,0,0,0,1,1,1,0,0,0,0,0,0,1
InventoryMoldDungeonChest,PlaceablePrefab,none,1,0,0,0,0,0,0,1,1,1,0,0,0,0,0,0,1
InventorySeaBiomeChest,PlaceablePrefab,none,1,0,0,0,0,0,0,1,1,1,0,0,0,0,0,0,1
IronAnvil,PlaceablePrefab,none,1,0,0,0,0,0,0,1,1,1,0,0,0,0,0,0,1
IronArrowProjectile,NonObtainable,none,1,0,0,0,0,0,0,0,0,0,0,0,0,0,0,0,1
IronBar,NonUsable,none,0,0,0,0,0,0,0,0,0,0,0,0,0,0,0,0,1
IronBow,RangeWeapon,none,0,0,0,0,0,0,0,0,0,0,0,0,0,0,0,0,1
IronBreastArmor,BreastArmor,none,0,0,0,0,0,0,0,0,0,0,0,0,0,0,0,0,1
IronChest,PlaceablePrefab,none,1,0,0,0,0,0,0,1,1,1,0,0,0,0,0,0,1
IronChunkNecklace,Necklace,none,0,0,0,0,0,0,0,0,0,0,0,0,0,0,0,0,1
IronFishingRod,FishingRod,none,0,0,0,0,0,0,0,0,0,0,0,0,0,0,0,0,1
IronHalberdSpear,MeleeWeapon,none,0,0,0,0,0,0,0,0,0,0,0,0,0,0,0,0,1
IronHelm,Helm,none,0,0,0,0,0,0,0,0,0,0,0,0,0,0,0,0,1
IronHoe,Hoe,none,0,0,0,0,0,0,0,0,0,0,0,0,0,0,0,0,1
IronKey,KeyItem,none,0,0,0,0,0,0,0,0,0,0,0,0,0,0,0,0,1
IronMiningPick,MiningPick,none,0,0,0,0,0,0,0,0,0,0,0,0,0,0,0,0,1
IronOre,NonUsable,ore,0,0,0,0,0,0,0,1,1,0,0,0,1,0,0,0,1
IronOreBoulder,PlaceablePrefab,none,1,0,1,0,0,0,1,1,1,1,0,1,0,0,0,0,1
IronPantsArmor,PantsArmor,none,0,0,0,0,0,0,0,0,0,0,0,0,0,0,0,0,1
IronShield,Offhand,none,0,0,0,0,0,0,0,0,0,0,0,0,0,0,0,0,1
IronShovel,Shovel,none,0,0,0,0,0,0,0,0,0,0,0,0,0,0,0,0,1
IronSledge,Sledge,none,0,0,0,0,0,0,0,0,0,0,0,0,0,0,0,0,1
IronSword,MeleeWeapon,none,0,0,0,0,0,0,0,0,0,0,0,0,0,0,0,0,1
IronWorkBench,PlaceablePrefab,none,1,0,0,0,0,0,0,1,1,1,0,0,0,0,0,0,1
ItemCollector,PlaceablePrefab,none,1,0,0,0,0,0,0,1,1,1,0,0,0,0,0,0,1
IvyBreastArmor,BreastArmor,none,0,0,0,0,0,0,0,0,0,0,0,0,0,0,0,0,1
IvyChest,PlaceablePrefab,none,1,0,0,0,0,0,0,1,1,1,0,0,0,0,0,0,1
IvyPantsArmor,PantsArmor,none,0,0,0,0,0,0,0,0,0,0,0,0,0,0,0,0,1
IvyRing,Ring,none,0,0,0,0,0,0,0,0,0,0,0,0,0,0,0,0,1
IvyTrophy,PlaceablePrefab,none,1,0,0,0,0,0,0,1,1,1,0,0,0,0,0,0,1
JellyFish,PlaceablePrefab,none,0,0,0,0,0,0,0,1,1,0,1,0,0,0,0,0,1
JellyfishDestructable,PlaceablePrefab,none,1,0,1,0,0,1,0,1,1,1,1,0,0,0,0,0,1
JellyfishDestructibleDebris,NonObtainable,debris,0,0,0,0,0,0,0,1,1,0,0,0,1,0,0,0,1
JellyfishProjectile,NonObtainable,none,1,0,0,0,0,0,0,0,0,0,0,0,0,0,0,0,1
JewelryWorkBench,PlaceablePrefab,none,1,0,0,0,0,0,0,1,1,1,0,0,0,0,0,0,1
JingleJamCookie,Eatable,none,0,0,0,0,0,0,0,0,0,0,0,0,0,0,0,0,1
JuteBag,Bag,none,0,0,0,0,0,0,0,0,0,0,0,0,0,0,0,0,1
KeenPotion,Eatable,none,0,0,0,0,0,0,0,0,0,0,0,0,0,0,0,0,1
KelpDumpling,Eatable,none,0,0,0,0,0,0,0,0,0,0,0,0,0,0,0,0,1
KelpTree,PlaceablePrefab,none,1,0,0,0,0,0,0,1,1,1,0,0,0,0,0,0,1
KeyCraftingTable,PlaceablePrefab,none,1,0,0,0,0,0,0,1,1,1,0,0,0,0,0,0,1
Kiln1,PlaceablePrefab,none,1,0,0,0,0,0,0,1,1,1,0,0,0,0,0,0,1
Kiln2,PlaceablePrefab,none,1,0,0,0,0,0,0,1,1,1,0,0,0,0,0,0,1
KinematicDynamo,PlaceablePrefab,none,1,0,0,0,0,0,0,1,1,1,1,0,0,0,0,0,1
KingGrave,NonObtainable,none,1,0,0,0,0,0,0,1,1,1,0,0,0,0,0,0,1
KingSlime,Creature,none,1,0,0,0,0,0,1,1,1,0,0,0,0,0,0,0,1
KingSlimeChest,PlaceablePrefab,none,1,0,0,0,0,0,0,1,1,1,0,0,0,0,0,0,1
KingSlimeCrown,Helm,none,0,0,0,0,0,0,0,0,0,0,0,0,0,0,0,0,1
KingSlimeSummoningItem,PlaceablePrefab,none,1,0,0,0,0,0,0,1,1,1,0,0,0,0,0,0,1
KingSlimeTrophy,PlaceablePrefab,none,1,0,0,0,0,0,0,1,1,1,0,0,0,0,0,0,1
KingfishScale,Valuable,none,0,0,0,0,0,0,0,0,0,0,0,0,0,0,0,0,1
LCircuit,PlaceablePrefab,none,1,0,0,0,0,0,0,1,1,1,1,0,0,0,0,0,1
LaboratoryWorkbench,PlaceablePrefab,none,1,0,0,0,0,0,0,1,1,1,0,0,0,0,0,0,1
Lamp,PlaceablePrefab,none,1,0,0,0,0,0,0,1,1,1,0,0,0,0,0,0,1
LampPost,PlaceablePrefab,none,1,0,0,0,0,0,0,1,1,1,0,0,0,0,0,0,1
LandKelp,PlaceablePrefab,none,1,0,0,0,0,0,0,1,1,1,0,0,0,0,0,0,1
Lantern,Lantern,none,0,0,0,0,0,0,0,0,0,0,0,0,0,0,0,0,1
LargeAlienTechDestructible,PlaceablePrefab,none,1,0,1,0,0,1,0,1,1,1,0,0,0,0,0,0,1
LargeAncientDestructible,PlaceablePrefab,none,1,0,1,0,0,1,0,1,1,1,0,0,0,0,0,0,1
LargeBomb,PlaceablePrefab,none,1,0,0,0,0,0,0,1,1,1,0,0,0,0,0,0,1
LargeBombMortarPojectile,NonObtainable,none,1,0,0,0,0,0,0,1,1,0,0,0,0,0,0,0,1
LargeCityDestructible,PlaceablePrefab,none,1,0,1,0,0,1,0,1,1,1,0,0,0,0,0,0,1
LargeCritterPouch,Pouch,none,0,0,0,0,0,0,0,0,0,0,0,0,0,0,0,0,1
LargeCrystalDestructible,NonObtainable,none,1,0,1,0,0,1,0,1,1,1,0,0,0,0,0,0,1
LargeDesertDestructible,PlaceablePrefab,none,1,0,1,0,0,1,0,1,1,1,0,0,0,0,0,0,1
LargeDesertTempleDestructible,PlaceablePrefab,none,1,0,1,0,0,1,0,1,1,1,0,0,0,0,0,0,1
LargeFishPouch,Pouch,none,0,0,0,0,0,0,0,0,0,0,0,0,0,0,0,0,1
LargeJellyfishDestructable,PlaceablePrefab,none,1,0,1,0,0,1,0,1,1,1,0,0,0,0,0,0,1
LargeMoldDestructible,PlaceablePrefab,none,1,0,1,0,0,1,0,1,1,1,0,0,0,0,0,0,1
LargeOreAndBlockPouch,Pouch,none,0,0,0,0,0,0,0,0,0,0,0,0,0,0,0,0,1
LargePassageDestructible,PlaceablePrefab,none,1,0,1,0,0,1,0,1,1,1,0,0,0,0,0,0,1
LargePotionPouch,Pouch,none,0,0,0,0,0,0,0,0,0,0,0,0,0,0,0,0,1
LargeSeedAndCropsPouch,Pouch,none,0,0,0,0,0,0,0,0,0,0,0,0,0,0,0,0,1
LargeShell,NonObtainable,none,1,0,0,0,0,0,0,1,1,1,0,0,0,0,0,0,1
LargeShinyGlimmeringObject,PlaceablePrefab,none,1,0,0,0,0,0,0,1,1,1,0,0,0,0,0,0,1
LargeTempleRug,PlaceablePrefab,none,1,0,0,0,0,0,0,1,1,1,1,0,0,0,0,0,1
LargeValuablePouch,Pouch,none,0,0,0,0,0,0,0,0,0,0,0,0,0,0,0,0,1
LargeWaterCan,WaterCan,none,0,0,0,0,0,0,0,0,0,0,0,0,0,0,0,0,1
Larva,Creature,none,1,0,0,0,0,1,0,1,1,0,0,0,0,0,0,0,1
LarvaBBQ,PlaceablePrefab,none,1,0,0,0,0,0,0,1,1,1,0,0,0,0,0,0,1
LarvaBossCrystal,NonUsable,none,0,0,0,0,0,0,0,0,0,0,0,0,0,0,0,0,1
LarvaBossScanner,CastingItem,none,0,0,0,0,0,0,0,0,0,0,0,0,0,0,0,0,1
LarvaBossStatue,NonUsable,none,0,0,0,0,0,0,0,1,1,0,0,0,0,0,0,0,1
LarvaBossSummoningItem,PlaceablePrefab,none,1,0,0,0,0,0,0,1,1,1,0,0,0,0,0,0,1
LarvaBreastArmor,BreastArmor,none,0,0,0,0,0,0,0,0,0,0,0,0,0,0,0,0,1
LarvaHelm,Helm,none,0,0,0,0,0,0,0,0,0,0,0,0,0,0,0,0,1
LarvaHiveBoss,Creature,none,1,0,0,0,0,1,0,1,1,0,0,0,0,0,0,0,1
LarvaHiveBossMortarProjectile,NonObtainable,none,1,0,0,0,0,0,0,0,0,0,0,0,0,0,0,0,1
LarvaHiveBossStatue,NonUsable,none,0,0,0,0,0,0,0,1,1,0,0,0,0,0,0,0,1
LarvaHiveEgg,Creature,none,1,0,0,1,0,0,0,0,0,0,0,0,0,0,0,0,1
LarvaHiveHalloweenBoss,Creature,none,1,0,0,0,0,1,0,1,1,0,0,0,0,0,0,0,1
LarvaMeat,Eatable,none,0,0,0,0,0,0,0,0,0,0,0,0,0,0,0,0,1
LarvaRing,Ring,none,0,0,0,0,0,0,0,0,0,0,0,0,0,0,0,0,1
LarvaSkewer,PlaceablePrefab,none,1,0,0,0,0,0,0,1,1,1,0,0,0,0,0,0,1
LarvaSpikeClub,MeleeWeapon,none,0,0,0,0,0,0,0,0,0,0,0,0,0,0,0,0,1
LarvaTerritorySpawner,NonUsable,none,0,0,0,0,0,0,0,0,0,0,0,0,0,0,0,0,1
LarvaTrophy,PlaceablePrefab,none,1,0,0,0,0,0,0,1,1,1,0,0,0,0,0,0,1
LarvaskinRug,PlaceablePrefab,none,1,0,0,0,0,0,0,1,1,1,1,0,0,0,0,0,1
LarvaskinRugRed,PlaceablePrefab,none,1,0,0,0,0,0,0,1,1,1,1,0,0,0,0,0,1
LarvaskinTent,PlaceablePrefab,none,1,0,0,0,0,0,0,1,1,1,0,0,0,0,0,0,1
LaserDrillTool,BeamWeapon,none,0,0,0,0,0,0,0,0,0,0,0,0,0,0,0,0,1
Lava,NonObtainable,water,0,0,0,0,0,0,0,1,1,0,0,0,1,0,0,0,1
LavaAxe,MeleeWeapon,none,0,0,0,0,0,0,0,0,0,0,0,0,0,0,0,0,1
LavaBreastArmor,BreastArmor,none,0,0,0,0,0,0,0,0,0,0,0,0,0,0,0,0,1
LavaButterfly,Creature,none,1,0,0,0,0,1,0,1,1,0,0,0,0,0,0,0,1
LavaButterflyTrophy,PlaceablePrefab,none,1,0,0,0,0,0,0,1,1,1,0,0,0,0,0,0,1
LavaHelm,Helm,none,0,0,0,0,0,0,0,0,0,0,0,0,0,0,0,0,1
LavaMortar,RangeWeapon,none,0,0,0,0,0,0,0,0,0,0,0,0,0,0,0,0,1
LavaMortarProjectile,NonObtainable,none,1,0,0,0,0,0,0,0,0,0,0,0,0,0,0,0,1
LavaPantsArmor,PantsArmor,none,0,0,0,0,0,0,0,0,0,0,0,0,0,0,0,0,1
LavaPost1,PlaceablePrefab,none,1,0,0,0,0,0,0,1,1,1,0,0,0,0,0,0,1
LavaPost2,PlaceablePrefab,none,1,0,0,0,0,0,0,1,1,1,0,0,0,0,0,0,1
LavaRock,PlaceablePrefab,none,1,0,0,0,0,0,0,1,1,1,0,0,0,0,0,0,1
LavaShield,Offhand,none,0,0,0,0,0,0,0,0,0,0,0,0,0,0,0,0,1
LavaSlime,NonUsable,none,0,0,0,0,0,0,0,0,0,0,0,0,0,0,0,0,1
LavaSlimeBlob,Creature,none,1,0,0,0,0,1,0,1,1,0,0,0,0,0,0,0,1
LavaSlimeBoss,Creature,none,1,0,0,0,0,1,0,1,1,0,0,0,0,0,0,0,1
LavaSlimeBossChest,PlaceablePrefab,none,1,0,0,0,0,0,0,1,1,1,0,0,0,0,0,0,1
LavaSlimeBossProjectile,NonObtainable,none,1,0,0,0,0,0,0,0,0,0,0,0,0,0,0,0,1
LavaSlimeBossScanner,CastingItem,none,0,0,0,0,0,0,0,0,0,0,0,0,0,0,0,0,1
LavaSlimeTrophy,PlaceablePrefab,none,1,0,0,0,0,0,0,1,1,1,0,0,0,0,0,0,1
LavaWoodenDestructible,PlaceablePrefab,none,1,0,1,0,0,1,0,1,1,1,1,0,0,0,0,0,1
LavaWoodenDestructibleDebris,NonObtainable,debris,0,0,0,0,0,0,0,1,1,0,0,0,1,0,0,0,1
LeafFossil,Valuable,none,0,0,0,0,0,0,0,0,0,0,0,0,0,0,0,0,1
Leash,CastingItem,none,0,0,0,0,0,0,0,0,0,0,0,0,0,0,0,0,1
LeatherFrame,PlaceablePrefab,none,1,0,0,0,0,0,0,1,1,1,0,0,0,0,0,0,1
LeatherFrameSmall,PlaceablePrefab,none,1,0,0,0,0,0,0,1,1,1,0,0,0,0,0,0,1
LegendaryBow,RangeWeapon,none,0,0,0,0,0,0,0,0,0,0,0,0,0,0,0,0,1
LegendaryBowParchment,CastingItem,none,0,0,0,0,0,0,0,0,0,0,0,0,0,0,0,0,1
LegendaryBowPart1,UniqueCraftingComponent,none,0,0,0,0,0,0,0,0,0,0,0,0,0,0,0,0,1
LegendaryBowPart2,UniqueCraftingComponent,none,0,0,0,0,0,0,0,0,0,0,0,0,0,0,0,0,1
LegendaryBowPart3,UniqueCraftingComponent,none,0,0,0,0,0,0,0,0,0,0,0,0,0,0,0,0,1
LegendaryEnergyProjectile,NonObtainable,none,1,0,0,0,0,0,0,0,0,0,0,0,0,0,0,0,1
LegendaryExplosion,NonUsable,none,0,0,0,0,0,0,0,0,0,0,0,0,0,0,0,0,1
LegendaryExplosionSmall,NonUsable,none,0,0,0,0,0,0,0,0,0,0,0,0,0,0,0,0,1
LegendaryMiningPick,MiningPick,none,0,0,0,0,0,0,0,0,0,0,0,0,0,0,0,0,1
LegendaryMiningPickParchment,CastingItem,none,0,0,0,0,0,0,0,0,0,0,0,0,0,0,0,0,1
LegendaryMortar,RangeWeapon,none,0,0,0,0,0,0,0,0,0,0,0,0,0,0,0,0,1
LegendaryMortarBigProjectile,NonObtainable,none,1,0,0,0,0,0,0,0,0,0,0,0,0,0,0,0,1
LegendaryMortarParchment,CastingItem,none,0,0,0,0,0,0,0,0,0,0,0,0,0,0,0,0,1
LegendaryMortarPart1,UniqueCraftingComponent,none,0,0,0,0,0,0,0,0,0,0,0,0,0,0,0,0,1
LegendaryMortarPart2,UniqueCraftingComponent,none,0,0,0,0,0,0,0,0,0,0,0,0,0,0,0,0,1
LegendaryMortarPart3,UniqueCraftingComponent,none,0,0,0,0,0,0,0,0,0,0,0,0,0,0,0,0,1
LegendaryMortarProjectile,NonObtainable,none,1,0,0,0,0,0,0,0,0,0,0,0,0,0,0,0,1
LegendaryStaff,BeamWeapon,none,0,0,0,0,0,0,0,0,0,0,0,0,0,0,0,0,1
LegendaryStaffPart1,UniqueCraftingComponent,none,0,0,0,0,0,0,0,0,0,0,0,0,0,0,0,0,1
LegendaryStaffPart2,UniqueCraftingComponent,none,0,0,0,0,0,0,0,0,0,0,0,0,0,0,0,0,1
LegendaryStaffPart3,UniqueCraftingComponent,none,0,0,0,0,0,0,0,0,0,0,0,0,0,0,0,0,1
LegendaryStaffProjectile,NonObtainable,none,1,0,0,0,0,0,0,0,0,0,0,0,0,0,0,0,1
LegendarySword,MeleeWeapon,none,0,0,0,0,0,0,0,0,0,0,0,0,0,0,0,0,1
LegendarySwordBlade,UniqueCraftingComponent,none,0,0,0,0,0,0,0,0,0,0,0,0,0,0,0,0,1
LegendarySwordGemstone,UniqueCraftingComponent,none,0,0,0,0,0,0,0,0,0,0,0,0,0,0,0,0,1
LegendarySwordParchment,CastingItem,none,0,0,0,0,0,0,0,0,0,0,0,0,0,0,0,0,1
Lever,PlaceablePrefab,none,1,0,0,0,0,0,0,1,1,1,0,0,0,0,0,0,1
LightningGun,BeamWeapon,none,0,0,0,0,0,0,0,0,0,0,0,0,0,0,0,0,1
LiquidMetal,Eatable,none,0,0,0,0,0,0,0,0,0,0,0,0,0,0,0,0,1
LiquidMetalBasin,PlaceablePrefab,none,1,0,0,0,0,0,0,1,1,1,0,0,0,0,0,0,1
LiquidMetalVent,PlaceablePrefab,none,1,0,0,0,0,0,0,1,1,1,0,0,0,0,0,0,1
LithoTrilobite,Eatable,none,0,0,0,0,0,0,0,0,0,0,0,0,0,0,0,0,1
LockedCopperChest,PlaceablePrefab,none,1,0,0,0,0,0,0,1,1,1,0,0,0,0,0,0,1
LockedGalaxiteChest,PlaceablePrefab,none,1,0,0,0,0,0,0,1,1,1,0,0,0,0,0,0,1
LockedIronChest,PlaceablePrefab,none,1,0,0,0,0,0,0,1,1,1,0,0,0,0,0,0,1
LockedKingChest,PlaceablePrefab,none,1,0,0,0,0,0,0,1,1,1,0,0,0,0,0,0,1
LockedOctarineChest,PlaceablePrefab,none,1,0,0,0,0,0,0,1,1,1,0,0,0,0,0,0,1
LockedPrinceChest,PlaceablePrefab,none,1,0,0,0,0,0,0,1,1,1,0,0,0,0,0,0,1
LockedQueenChest,PlaceablePrefab,none,1,0,0,0,0,0,0,1,1,1,0,0,0,0,0,0,1
LockedReluciteChest,PlaceablePrefab,none,1,0,0,0,0,0,0,1,1,1,0,0,0,0,0,0,1
LockedScarletChest,PlaceablePrefab,none,1,0,0,0,0,0,0,1,1,1,0,0,0,0,0,0,1
LockedSolariteChest,PlaceablePrefab,none,1,0,0,0,0,0,0,1,1,1,0,0,0,0,0,0,1
LogicCircuit,PlaceablePrefab,none,1,0,0,0,0,0,0,1,1,1,1,0,0,0,0,0,1
LoomSpinningWheel,PlaceablePrefab,none,1,0,0,0,0,0,0,1,1,1,0,0,0,0,0,0,1
LooseFlooring,PlaceablePrefab,looseFlooring,1,0,0,0,0,0,0,1,1,1,1,0,1,0,0,0,1
LostPaddle,Valuable,none,0,0,0,0,0,0,0,0,0,0,0,0,0,0,0,0,1
LucentOakTree,PlaceablePrefab,none,1,0,0,0,0,0,0,1,1,1,0,0,0,0,0,0,1
LuckyCat,PlaceablePrefab,none,1,0,0,0,0,0,0,1,1,1,0,0,0,0,0,0,1
LuckyRing,Ring,none,0,0,0,0,0,0,0,0,0,0,0,0,0,0,0,0,1
LumpOfCoal,Valuable,none,0,0,0,0,0,0,0,0,0,0,0,0,0,0,0,0,1
Lunacorn,Eatable,none,0,0,0,0,0,0,0,0,0,0,0,0,0,0,0,0,1
LunacornPlant,NonObtainable,none,1,0,0,0,0,0,0,1,1,1,1,0,0,1,1,0,1
LunacornRare,Eatable,none,0,0,0,0,0,0,0,0,0,0,0,0,0,0,0,0,1
LunacornSeed,PlaceablePrefab,none,0,0,0,0,0,0,0,1,1,0,1,0,0,0,1,0,1
LuxuriousHandmirror,Valuable,none,0,0,0,0,0,0,0,0,0,0,0,0,0,0,0,0,1
MagicMirror,PlaceablePrefab,none,1,0,0,0,0,0,0,1,1,1,0,0,0,0,0,0,1
MagicPotion,Eatable,none,0,0,0,0,0,0,0,0,0,0,0,0,0,0,0,0,1
MagnetOffHand,Offhand,none,0,0,0,0,0,0,0,0,0,0,0,0,0,0,0,0,1
MagneticRing,Ring,none,0,0,0,0,0,0,0,0,0,0,0,0,0,0,0,0,1
MakeAWishHat,Helm,none,0,0,0,0,0,0,0,0,0,0,0,0,0,0,0,0,1
MalugazChest,PlaceablePrefab,none,1,0,0,0,0,0,0,1,1,1,0,0,0,0,0,0,1
MalugazTrophy,PlaceablePrefab,none,1,0,0,0,0,0,0,1,1,1,0,0,0,0,0,0,1
MammothFossil,NonObtainable,none,1,0,0,0,0,0,0,1,1,1,0,0,0,0,0,0,1
ManaPotion,Eatable,none,0,0,0,0,0,0,0,0,0,0,0,0,0,0,0,0,1
Mannequin,PlaceablePrefab,none,1,0,0,0,0,0,0,1,1,1,0,0,0,0,0,0,1
MapMarker,NonObtainable,none,0,0,0,0,0,0,0,0,0,0,0,0,0,0,0,0,1
MeadowBush,PlaceablePrefab,none,1,0,0,0,0,0,0,1,1,1,0,0,0,0,0,0,1
MeadowTallGrass,PlaceablePrefab,none,1,0,0,0,0,0,0,1,1,1,0,0,0,0,0,0,1
MeadowTree,PlaceablePrefab,none,1,0,0,0,0,0,0,1,1,1,0,0,0,0,0,0,1
Meat,Eatable,none,0,0,0,0,0,0,0,0,0,0,0,0,0,0,0,0,1
MechanicalArm,Valuable,none,0,0,0,0,0,0,0,0,0,0,0,0,0,0,0,0,1
MechanicalPart,NonUsable,none,0,0,0,0,0,0,0,0,0,0,0,0,0,0,0,0,1
MediumCritterPouch,Pouch,none,0,0,0,0,0,0,0,0,0,0,0,0,0,0,0,0,1
MediumFishPouch,Pouch,none,0,0,0,0,0,0,0,0,0,0,0,0,0,0,0,0,1
MediumOreAndBlockPouch,Pouch,none,0,0,0,0,0,0,0,0,0,0,0,0,0,0,0,0,1
MediumPotionPouch,Pouch,none,0,0,0,0,0,0,0,0,0,0,0,0,0,0,0,0,1
MediumSeedAndCropsPouch,Pouch,none,0,0,0,0,0,0,0,0,0,0,0,0,0,0,0,0,1
MediumValuablePouch,Pouch,none,0,0,0,0,0,0,0,0,0,0,0,0,0,0,0,0,1
MeleeMinion,Creature,none,0,0,0,0,0,0,0,0,0,0,0,0,0,0,0,0,1
MelodyListenerMural,NonObtainable,none,1,0,0,0,0,0,0,1,1,1,0,0,0,0,0,0,1
MelodyListenerMuralClay,NonObtainable,none,1,0,0,0,0,0,0,1,1,1,0,0,0,0,0,0,1
MelodyListenerMuralCrystal,NonObtainable,none,1,0,0,0,0,0,0,1,1,1,0,0,0,0,0,0,1
MelodyListenerMuralDesert,NonObtainable,none,1,0,0,0,0,0,0,1,1,1,0,0,0,0,0,0,1
MelodyListenerMuralDirt,NonObtainable,none,1,0,0,0,0,0,0,1,1,1,0,0,0,0,0,0,1
MelodyListenerMuralExcavation,NonObtainable,none,1,0,0,0,0,0,0,1,1,1,0,0,0,0,0,0,1
MelodyListenerMuralNature,NonObtainable,none,1,0,0,0,0,0,0,1,1,1,0,0,0,0,0,0,1
MelodyListenerMuralPassage,NonObtainable,none,1,0,0,0,0,0,0,1,1,1,0,0,0,0,0,0,1
MelodyListenerMuralSea,NonObtainable,none,1,0,0,0,0,0,0,1,1,1,0,0,0,0,0,0,1
MelodyListenerMuralStone,NonObtainable,none,1,0,0,0,0,0,0,1,1,1,0,0,0,0,0,0,1
MeltingCrystalRing,Ring,none,0,0,0,0,0,0,0,0,0,0,0,0,0,0,0,0,1
MetalBarrel,PlaceablePrefab,none,1,0,1,0,0,0,0,1,1,1,1,0,0,0,0,0,1
MetalBarricade,PlaceablePrefab,none,1,0,0,0,0,0,0,1,1,1,0,0,0,0,0,0,1
MetalGrateBridge,PlaceablePrefab,bridge,1,0,0,0,0,0,0,1,1,1,1,0,1,0,0,0,1
MetalPallet,PlaceablePrefab,none,1,0,0,0,0,0,0,1,1,1,0,0,0,0,0,0,1
MetalTable,PlaceablePrefab,none,1,0,0,0,0,0,0,1,1,1,0,0,0,0,0,0,1
MeteorMortarLesserProjectile,NonObtainable,none,1,0,0,0,0,0,0,0,0,0,0,0,0,0,0,0,1
MeteorMortarProjectile,NonObtainable,none,1,0,0,0,0,0,0,0,0,0,0,0,0,0,0,0,1
MeteorRock,NonObtainable,none,1,0,0,0,0,0,0,1,1,1,0,0,0,0,0,0,1
MeteorStaff,RangeWeapon,none,0,0,0,0,0,0,0,0,0,0,0,0,0,0,0,0,1
MeteorStaffLesser,RangeWeapon,none,0,0,0,0,0,0,0,0,0,0,0,0,0,0,0,0,1
MildewLeaf,Valuable,none,0,0,0,0,0,0,0,0,0,0,0,0,0,0,0,0,1
Milk,Eatable,none,0,0,0,0,0,0,0,0,0,0,0,0,0,0,0,0,1
Mimite,Creature,none,1,0,0,0,0,1,0,1,1,0,0,0,0,0,0,0,1
MimiteTrophy,PlaceablePrefab,none,1,0,0,0,0,0,0,1,1,1,0,0,0,0,0,0,1
Minecart,PlaceablePrefab,none,1,0,0,0,0,0,0,1,1,1,0,0,0,0,0,0,1
MinerBreastArmor,BreastArmor,none,0,0,0,0,0,0,0,0,0,0,0,0,0,0,0,0,1
MinerHelm,Helm,none,0,0,0,0,0,0,0,0,0,0,0,0,0,0,0,0,1
MinerPantsArmor,PantsArmor,none,0,0,0,0,0,0,0,0,0,0,0,0,0,0,0,0,1
Minigun,RangeWeapon,none,0,0,0,0,0,0,0,0,0,0,0,0,0,0,0,0,1
MinigunProjectile,NonObtainable,none,1,0,0,0,0,0,0,0,0,0,0,0,0,0,0,0,1
MinionDetonator,Offhand,none,0,0,0,0,0,0,0,0,0,0,0,0,0,0,0,0,1
MinionDetonatorExplosion,NonUsable,none,0,0,0,0,0,0,0,0,0,0,0,0,0,0,0,0,1
MinionDetonatorMinor,Offhand,none,0,0,0,0,0,0,0,0,0,0,0,0,0,0,0,0,1
MinionPotion,Eatable,none,0,0,0,0,0,0,0,0,0,0,0,0,0,0,0,0,1
MoldCicada,PlaceablePrefab,none,1,0,0,0,0,0,0,1,1,1,0,0,0,0,0,0,1
MoldCicadaWithoutSickle,PlaceablePrefab,none,1,0,0,0,0,0,0,1,1,1,0,0,0,0,0,0,1
MoldDestructible,PlaceablePrefab,none,1,0,1,0,0,1,0,1,1,1,1,0,0,0,0,0,1
MoldDew,Valuable,none,0,0,0,0,0,0,0,0,0,0,0,0,0,0,0,0,1
MoldPillar,PlaceablePrefab,none,1,0,0,0,0,0,0,1,1,1,0,0,0,0,0,0,1
MoldProjectile,NonObtainable,none,1,0,0,0,0,0,0,0,0,0,0,0,0,0,0,0,1
MoldRing,Ring,none,0,0,0,0,0,0,0,0,0,0,0,0,0,0,0,0,1
MoldShark,Eatable,none,0,0,0,0,0,0,0,0,0,0,0,0,0,0,0,0,1
MoldShell,Valuable,none,0,0,0,0,0,0,0,0,0,0,0,0,0,0,0,0,1
MoldTentacle,Creature,none,1,0,0,0,0,1,0,1,1,0,0,0,0,0,0,0,1
MoldTentacleTrophy,PlaceablePrefab,none,1,0,0,0,0,0,0,1,1,1,0,0,0,0,0,0,1
MoldTree,PlaceablePrefab,none,1,0,0,0,0,0,0,1,1,1,0,0,0,0,0,0,1
MoldVein,NonObtainable,none,1,0,1,0,0,0,0,1,1,1,0,0,0,0,0,0,1
MoldVeinNecklace,Necklace,none,0,0,0,0,0,0,0,0,0,0,0,0,0,0,0,0,1
MoldWell,PlaceablePrefab,none,1,0,0,0,0,0,0,1,1,1,0,0,0,0,0,0,1
MoldWorshipMural,NonObtainable,none,1,0,0,0,0,0,0,1,1,1,0,0,0,0,0,0,1
MoldwebBreastArmor,BreastArmor,none,0,0,0,0,0,0,0,0,0,0,0,0,0,0,0,0,1
MoldwebHelm,Helm,none,0,0,0,0,0,0,0,0,0,0,0,0,0,0,0,0,1
MoldwebPantsArmor,PantsArmor,none,0,0,0,0,0,0,0,0,0,0,0,0,0,0,0,0,1
MoltenButterflyWing,Valuable,none,0,0,0,0,0,0,0,0,0,0,0,0,0,0,0,0,1
MoonstoneOffhand,Offhand,none,0,0,0,0,0,0,0,0,0,0,0,0,0,0,0,0,1
MorphaBag,Bag,none,0,0,0,0,0,0,0,0,0,0,0,0,0,0,0,0,1
MorphaChest,PlaceablePrefab,none,1,0,0,0,0,0,0,1,1,1,0,0,0,0,0,0,1
MorphaRing,Ring,none,0,0,0,0,0,0,0,0,0,0,0,0,0,0,0,0,1
MorphaTrophy,PlaceablePrefab,none,1,0,0,0,0,0,0,1,1,1,0,0,0,0,0,0,1
MovingVoidTrap,Creature,none,1,0,0,0,0,0,0,0,0,0,0,0,0,0,0,0,1
MovingVoidTrapMortarProjectile,NonObtainable,none,1,0,0,0,0,0,0,1,1,0,0,0,0,0,0,0,1
MucusAmoeba,Valuable,none,0,0,0,0,0,0,0,0,0,0,0,0,0,0,0,0,1
MummyMortarProjectile,NonObtainable,none,1,0,0,0,0,0,0,0,0,0,0,0,0,0,0,0,1
Mushroom,Eatable,none,1,0,0,0,0,0,0,1,1,1,1,0,0,0,0,0,1
MushroomBrute,Creature,none,1,0,0,0,0,1,0,1,1,0,0,0,0,0,0,0,1
MushroomEnemy,Creature,none,1,0,0,0,0,1,0,1,1,0,0,0,0,0,0,0,1
MushroomEnemyTrophy,PlaceablePrefab,none,1,0,0,0,0,0,0,1,1,1,0,0,0,0,0,0,1
MushroomHelm,Helm,none,0,0,0,0,0,0,0,0,0,0,0,0,0,0,0,0,1
MusicArea,NonObtainable,none,0,0,0,0,0,0,0,0,0,0,0,0,0,0,0,0,1
MusicBowl,Valuable,none,0,0,0,0,0,0,0,0,0,0,0,0,0,0,0,0,1
MusicSheetCookServeDelicious3ItsDangerousToGoAlone,NonUsable,none,0,0,0,0,0,0,0,0,0,0,0,0,0,0,0,0,1
MusicSheetCoreKeeperBaseTheme,NonUsable,none,0,0,0,0,0,0,0,0,0,0,0,0,0,0,0,0,1
MusicSheetHappyBirthday,NonUsable,none,0,0,0,0,0,0,0,0,0,0,0,0,0,0,0,0,1
MusicSheetOwlBoyMainTheme,NonUsable,none,0,0,0,0,0,0,0,0,0,0,0,0,0,0,0,0,1
MusicSheetStand,PlaceablePrefab,none,1,0,0,0,0,0,0,1,1,1,0,0,0,0,0,0,1
MusicSheetStardewValleyItsABigWorldOutside,NonUsable,none,0,0,0,0,0,0,0,0,0,0,0,0,0,0,0,0,1
MusicSheetTerrariaJourneysBeginning,NonUsable,none,0,0,0,0,0,0,0,0,0,0,0,0,0,0,0,0,1
MusicSheetValheimMeadows,NonUsable,none,0,0,0,0,0,0,0,0,0,0,0,0,0,0,0,0,1
MusicWorkbench,PlaceablePrefab,none,1,0,0,0,0,0,0,1,1,1,0,0,0,0,0,0,1
MysteriousIdol,PlaceablePrefab,none,1,0,0,0,0,0,0,1,1,1,0,0,0,0,0,0,1
Napalm,NonObtainable,none,1,0,0,0,1,0,0,1,1,0,0,0,0,0,0,0,1
NatureBones,NonObtainable,none,1,0,1,0,0,0,0,1,1,1,0,0,0,0,0,0,1
NatureBossStatue,PlaceablePrefab,none,1,0,0,0,0,0,0,1,1,1,0,0,0,0,0,0,1
NatureCavelingMoss,PlaceablePrefab,chrysalis,1,0,0,0,0,0,0,1,1,1,1,0,1,0,0,0,1
NatureCicadaEnemy,Creature,none,1,0,0,0,0,1,0,1,1,0,0,0,0,0,0,0,1
NatureCicadaSummoningItem,PlaceablePrefab,none,1,0,0,0,0,0,0,1,1,1,0,0,0,0,0,0,1
NatureDestructible,PlaceablePrefab,none,1,0,1,0,0,1,0,1,1,1,1,0,0,0,0,0,1
NatureFlowerDestructibleDebris,NonObtainable,debris,0,0,0,0,0,0,0,1,1,0,0,0,1,0,0,0,1
NatureGemstone,NonUsable,none,0,0,0,0,0,0,0,0,0,0,0,0,0,0,0,0,1
NatureWoodenDestructible,PlaceablePrefab,none,1,0,1,0,0,1,0,1,1,1,1,0,0,0,0,0,1
NatureWoodenDestructibleDebris,NonObtainable,debris2,0,0,0,0,0,0,0,1,1,0,0,0,1,0,0,0,1
NatureWormSegment,Creature,none,1,0,0,0,0,0,0,0,0,0,0,0,0,0,0,0,1
NatureWormSegmentTail,NonObtainable,none,1,0,0,0,0,0,0,0,0,0,0,0,0,0,0,0,1
NilipedeTrophy,PlaceablePrefab,none,1,0,0,0,0,0,0,1,1,1,0,0,0,0,0,0,1
NinjaBreastArmor,BreastArmor,none,0,0,0,0,0,0,0,0,0,0,0,0,0,0,0,0,1
NinjaHelm,Helm,none,0,0,0,0,0,0,0,0,0,0,0,0,0,0,0,0,1
NinjaPantsArmor,PantsArmor,none,0,0,0,0,0,0,0,0,0,0,0,0,0,0,0,0,1
NobleRing,Ring,none,0,0,0,0,0,0,0,0,0,0,0,0,0,0,0,0,1
NomadNecklace,Necklace,none,0,0,0,0,0,0,0,0,0,0,0,0,0,0,0,0,1
NomadRing,Ring,none,0,0,0,0,0,0,0,0,0,0,0,0,0,0,0,0,1
OasisGroundDecoration,NonObtainable,smallGrass,0,0,0,0,0,0,0,1,1,0,0,0,1,0,0,0,1
OasisStalagmite,PlaceablePrefab,none,0,0,0,0,0,0,0,1,1,0,1,0,0,0,0,0,1
OasisSucculent,PlaceablePrefab,none,1,0,0,0,0,0,0,1,1,1,0,0,0,0,0,0,1
OasisSucculentLarge,PlaceablePrefab,none,1,0,0,0,0,0,0,1,1,1,0,0,0,0,0,0,1
ObeliskSmall,PlaceablePrefab,none,1,0,0,0,0,0,0,1,1,1,0,0,0,0,0,0,1
ObeliskTall,PlaceablePrefab,none,1,0,0,0,0,0,0,1,1,1,0,0,0,0,0,0,1
Ocarina,Instrument,none,0,0,0,0,0,0,0,0,0,0,0,0,0,0,0,0,1
OceanHeartNecklace,Necklace,none,0,0,0,0,0,0,0,0,0,0,0,0,0,0,0,0,1
OceanKingFossil,NonObtainable,none,1,0,0,0,0,0,0,1,1,1,0,0,0,0,0,0,1
OctarineAnvil,PlaceablePrefab,none,1,0,0,0,0,0,0,1,1,1,0,0,0,0,0,0,1
OctarineArrowProjectile,NonObtainable,none,1,0,0,0,0,0,0,0,0,0,0,0,0,0,0,0,1
OctarineAxe,MeleeWeapon,none,0,0,0,0,0,0,0,0,0,0,0,0,0,0,0,0,1
OctarineBackpack,Bag,none,0,0,0,0,0,0,0,0,0,0,0,0,0,0,0,0,1
OctarineBar,NonUsable,none,0,0,0,0,0,0,0,0,0,0,0,0,0,0,0,0,1
OctarineBow,RangeWeapon,none,0,0,0,0,0,0,0,0,0,0,0,0,0,0,0,0,1
OctarineBreastArmor,BreastArmor,none,0,0,0,0,0,0,0,0,0,0,0,0,0,0,0,0,1
OctarineChest,PlaceablePrefab,none,1,0,0,0,0,0,0,1,1,1,0,0,0,0,0,0,1
OctarineFishingRod,FishingRod,none,0,0,0,0,0,0,0,0,0,0,0,0,0,0,0,0,1
OctarineHelm,Helm,none,0,0,0,0,0,0,0,0,0,0,0,0,0,0,0,0,1
OctarineKey,KeyItem,none,0,0,0,0,0,0,0,0,0,0,0,0,0,0,0,0,1
OctarineMiningPick,MiningPick,none,0,0,0,0,0,0,0,0,0,0,0,0,0,0,0,0,1
OctarineNecklace,Necklace,none,0,0,0,0,0,0,0,0,0,0,0,0,0,0,0,0,1
OctarineOre,NonUsable,ore,0,0,0,0,0,0,0,1,1,0,0,0,1,0,0,0,1
OctarineOreBoulder,PlaceablePrefab,none,1,0,1,0,0,0,1,1,1,1,0,1,0,0,0,0,1
OctarinePantsArmor,PantsArmor,none,0,0,0,0,0,0,0,0,0,0,0,0,0,0,0,0,1
OctarineRing,Ring,none,0,0,0,0,0,0,0,0,0,0,0,0,0,0,0,0,1
OctarineSeeder,Seeder,none,0,0,0,0,0,0,0,0,0,0,0,0,0,0,0,0,1
OctarineShield,Offhand,none,0,0,0,0,0,0,0,0,0,0,0,0,0,0,0,0,1
OctarineShovel,Shovel,none,0,0,0,0,0,0,0,0,0,0,0,0,0,0,0,0,1
OctarineSledge,Sledge,none,0,0,0,0,0,0,0,0,0,0,0,0,0,0,0,0,1
OctarineSword,MeleeWeapon,none,0,0,0,0,0,0,0,0,0,0,0,0,0,0,0,0,1
OctarineWorkbench,PlaceablePrefab,none,1,0,0,0,0,0,0,1,1,1,0,0,0,0,0,0,1
OctopusBoss,Creature,none,1,0,0,0,0,1,0,1,1,0,0,0,0,0,0,0,1
OctopusBossChest,PlaceablePrefab,none,1,0,0,0,0,0,0,1,1,1,0,0,0,0,0,0,1
OctopusBossPlayerProjectile,NonObtainable,none,1,0,0,0,0,0,0,0,0,0,0,0,0,0,0,0,1
OctopusBossProjectile,NonObtainable,none,1,0,0,0,0,0,0,0,0,0,0,0,0,0,0,0,1
OctopusBossScanner,CastingItem,none,0,0,0,0,0,0,0,0,0,0,0,0,0,0,0,0,1
OctopusBossSpawnLocation,NonObtainable,none,0,0,0,0,0,0,0,0,0,0,0,0,0,0,0,0,1
OctopusBossTeleportLocation,NonObtainable,none,0,0,0,0,0,0,0,0,0,0,0,0,0,0,0,0,1
OctopusBreastArmor,BreastArmor,none,0,0,0,0,0,0,0,0,0,0,0,0,0,0,0,0,1
OctopusHelm,Helm,none,0,0,0,0,0,0,0,0,0,0,0,0,0,0,0,0,1
OctopusPantsArmor,PantsArmor,none,0,0,0,0,0,0,0,0,0,0,0,0,0,0,0,0,1
OctopusTentacle,Creature,none,1,0,0,0,0,0,0,0,0,0,0,0,0,0,0,0,1
OffspringCapsule,Valuable,none,0,0,0,0,0,0,0,0,0,0,0,0,0,0,0,0,1
OilCombustExplosion,NonUsable,none,0,0,0,0,0,0,0,0,0,0,0,0,0,0,0,0,1
OilExplosion,NonUsable,none,0,0,0,0,0,0,0,0,0,0,0,0,0,0,0,0,1
OilFireTrap,NonObtainable,none,1,0,0,0,1,0,0,1,1,0,0,0,0,0,0,0,1
OilGrenade,ThrowingWeapon,none,0,0,0,0,0,0,0,0,0,0,0,0,0,0,0,0,1
OilGrenadeProjectile,NonObtainable,none,1,0,0,0,0,0,0,0,0,0,0,0,0,0,0,0,1
OilNapalm,NonObtainable,none,1,0,0,0,1,0,0,1,1,0,0,0,0,0,0,0,1
OldAmulet,Valuable,none,0,0,0,0,0,0,0,0,0,0,0,0,0,0,0,0,1
OldJournal,Valuable,none,0,0,0,0,0,0,0,0,0,0,0,0,0,0,0,0,1
OldRebreather,NonObtainable,none,1,0,1,0,0,0,0,1,1,1,0,0,0,0,0,0,1
OldSporeMask,Valuable,none,0,0,0,0,0,0,0,0,0,0,0,0,0,0,0,0,1
OmorothBeak,Offhand,none,0,0,0,0,0,0,0,0,0,0,0,0,0,0,0,0,1
OmorothCompass,KeyItem,none,0,0,0,0,0,0,0,0,0,0,0,0,0,0,0,0,1
OmorothNecklace,Necklace,none,0,0,0,0,0,0,0,0,0,0,0,0,0,0,0,0,1
OmorothRing,Ring,none,0,0,0,0,0,0,0,0,0,0,0,0,0,0,0,0,1
OmorothSoulOrb,NonObtainable,none,1,0,0,0,0,0,0,0,0,0,0,0,0,0,0,0,1
OmorothTrophy,PlaceablePrefab,none,1,0,0,0,0,0,0,1,1,1,0,0,0,0,0,0,1
OpabiniaFossil,Valuable,none,0,0,0,0,0,0,0,0,0,0,0,0,0,0,0,0,1
OracleCardAzeos,NonUsable,none,0,0,0,0,0,0,0,0,0,0,0,0,0,0,0,0,1
OracleCardCity,NonUsable,none,0,0,0,0,0,0,0,0,0,0,0,0,0,0,0,0,1
OracleCardCore,NonUsable,none,0,0,0,0,0,0,0,0,0,0,0,0,0,0,0,0,1
OracleCardFlower,NonUsable,none,0,0,0,0,0,0,0,0,0,0,0,0,0,0,0,0,1
OracleCardGem,NonUsable,none,0,0,0,0,0,0,0,0,0,0,0,0,0,0,0,0,1
OracleCardLeader,NonUsable,none,0,0,0,0,0,0,0,0,0,0,0,0,0,0,0,0,1
OracleCardOmoroth,NonUsable,none,0,0,0,0,0,0,0,0,0,0,0,0,0,0,0,0,1
OracleCardRaAkar,NonUsable,none,0,0,0,0,0,0,0,0,0,0,0,0,0,0,0,0,1
OracleCardScholar,NonUsable,none,0,0,0,0,0,0,0,0,0,0,0,0,0,0,0,0,1
OracleDeck,Offhand,none,0,0,0,0,0,0,0,0,0,0,0,0,0,0,0,0,1
OrangeCaveGuppy,Eatable,none,0,0,0,0,0,0,0,0,0,0,0,0,0,0,0,0,1
OrbLantern,Lantern,none,0,0,0,0,0,0,0,0,0,0,0,0,0,0,0,0,1
OrbitalTurret,Creature,none,1,0,0,0,0,1,0,1,1,0,0,0,0,0,0,0,1
OrbitalTurretProjectile,NonObtainable,none,1,0,0,0,0,0,0,0,0,0,0,0,0,0,0,0,1
OrbitalTurretTrophy,PlaceablePrefab,none,1,0,0,0,0,0,0,1,1,1,0,0,0,0,0,0,1
OrbitingMinion,Creature,none,0,0,0,0,0,0,0,0,0,0,0,0,0,0,0,0,1
OreAndBlockPouch,Pouch,none,0,0,0,0,0,0,0,0,0,0,0,0,0,0,0,0,1
OstaraRing,Ring,none,0,0,0,0,0,0,0,0,0,0,0,0,0,0,0,0,1
PaintBrushBlack,PaintTool,none,0,0,0,0,0,0,0,0,0,0,0,0,0,0,0,0,1
PaintBrushBlue,PaintTool,none,0,0,0,0,0,0,0,0,0,0,0,0,0,0,0,0,1
PaintBrushBrown,PaintTool,none,0,0,0,0,0,0,0,0,0,0,0,0,0,0,0,0,1
PaintBrushCyan,PaintTool,none,0,0,0,0,0,0,0,0,0,0,0,0,0,0,0,0,1
PaintBrushGreen,PaintTool,none,0,0,0,0,0,0,0,0,0,0,0,0,0,0,0,0,1
PaintBrushGrey,PaintTool,none,0,0,0,0,0,0,0,0,0,0,0,0,0,0,0,0,1
PaintBrushOrange,PaintTool,none,0,0,0,0,0,0,0,0,0,0,0,0,0,0,0,0,1
PaintBrushPeach,PaintTool,none,0,0,0,0,0,0,0,0,0,0,0,0,0,0,0,0,1
PaintBrushPink,PaintTool,none,0,0,0,0,0,0,0,0,0,0,0,0,0,0,0,0,1
PaintBrushPurple,PaintTool,none,0,0,0,0,0,0,0,0,0,0,0,0,0,0,0,0,1
PaintBrushRed,PaintTool,none,0,0,0,0,0,0,0,0,0,0,0,0,0,0,0,0,1
PaintBrushTeal,PaintTool,none,0,0,0,0,0,0,0,0,0,0,0,0,0,0,0,0,1
PaintBrushWhite,PaintTool,none,0,0,0,0,0,0,0,0,0,0,0,0,0,0,0,0,1
PaintBrushYellow,PaintTool,none,0,0,0,0,0,0,0,0,0,0,0,0,0,0,0,0,1
PaintableFloor,PlaceablePrefab,floor,1,0,0,0,0,0,0,1,1,1,1,0,1,0,0,0,1
PaintableLitFloor,PlaceablePrefab,litFloor,1,0,0,0,0,0,0,1,1,1,1,0,1,0,0,0,1
PaintersTable,PlaceablePrefab,none,1,0,0,0,0,0,0,1,1,1,0,0,0,0,0,0,1
Painting,PlaceablePrefab,none,1,0,0,0,0,0,0,1,1,1,0,0,0,0,0,0,1
PaleKelp,Eatable,none,0,0,0,0,0,0,0,0,0,0,0,0,0,0,0,0,1
PandoriumAxe,MeleeWeapon,none,0,0,0,0,0,0,0,0,0,0,0,0,0,0,0,0,1
PandoriumBar,NonUsable,none,0,0,0,0,0,0,0,0,0,0,0,0,0,0,0,0,1
PandoriumBreastArmor,BreastArmor,none,0,0,0,0,0,0,0,0,0,0,0,0,0,0,0,0,1
PandoriumCrystal,PlaceablePrefab,none,1,0,1,0,0,1,0,1,1,1,0,0,0,0,0,0,1
PandoriumHelm,Helm,none,0,0,0,0,0,0,0,0,0,0,0,0,0,0,0,0,1
PandoriumOre,NonUsable,ore,0,0,0,0,0,0,0,1,1,0,0,0,1,0,0,0,1
PandoriumOreBoulder,PlaceablePrefab,none,1,0,1,0,0,0,1,1,1,1,0,1,0,0,0,0,1
PandoriumPantsArmor,PantsArmor,none,0,0,0,0,0,0,0,0,0,0,0,0,0,0,0,0,1
ParasiteFossil,Valuable,none,0,0,0,0,0,0,0,0,0,0,0,0,0,0,0,0,1
ParsecPalsDolls,Valuable,none,0,0,0,0,0,0,0,0,0,0,0,0,0,0,0,0,1
PassageBossStatue,PlaceablePrefab,none,1,0,0,0,0,0,0,1,1,1,0,0,0,0,0,0,1
PassageChest,PlaceablePrefab,none,1,0,0,0,0,0,0,1,1,1,0,0,0,0,0,0,1
PassageCraftingStatue,PlaceablePrefab,none,1,0,1,0,0,0,0,1,1,1,0,0,0,0,0,0,1
PassageDestructible,PlaceablePrefab,none,1,0,1,0,0,1,0,1,1,1,1,0,0,0,0,0,1
PassageDestructibleDebris,NonObtainable,debris2,0,0,0,0,0,0,0,1,1,0,0,0,1,0,0,0,1
PassageGroundDecoration,NonObtainable,smallGrass,0,0,0,0,0,0,0,1,1,0,0,0,1,0,0,0,1
PearlLantern,Lantern,none,0,0,0,0,0,0,0,0,0,0,0,0,0,0,0,0,1
PeasantBreastArmor,BreastArmor,none,0,0,0,0,0,0,0,0,0,0,0,0,0,0,0,0,1
PeasantHelm,Helm,none,0,0,0,0,0,0,0,0,0,0,0,0,0,0,0,0,1
Pedestal,PlaceablePrefab,none,1,0,0,0,0,0,0,1,1,1,0,0,0,0,0,0,1
PetBed,PlaceablePrefab,none,1,0,0,0,0,0,0,1,1,1,0,0,0,0,0,0,1
PetBedBirdStick,PlaceablePrefab,none,1,0,0,0,0,0,0,1,1,1,0,0,0,0,0,0,1
PetBedCatTree,PlaceablePrefab,none,1,0,0,0,0,0,0,1,1,1,0,0,0,0,0,0,1
PetBedDogHouse,PlaceablePrefab,none,1,0,0,0,0,0,0,1,1,1,0,0,0,0,0,0,1
PetBird,Pet,none,0,0,0,0,0,0,0,0,0,0,0,0,0,0,0,0,1
PetBirdEgg,NonUsable,none,0,0,0,0,0,0,0,0,0,0,0,0,0,0,0,0,1
PetBirdEggCracked,CastingItem,none,0,0,0,0,0,0,0,0,0,0,0,0,0,0,0,0,1
PetBunny,Pet,none,0,0,0,0,0,0,0,0,0,0,0,0,0,0,0,0,1
PetBunnyEgg,NonUsable,none,0,0,0,0,0,0,0,0,0,0,0,0,0,0,0,0,1
PetBunnyEggCracked,CastingItem,none,0,0,0,0,0,0,0,0,0,0,0,0,0,0,0,0,1
PetCandy,Eatable,none,0,0,0,0,0,0,0,0,0,0,0,0,0,0,0,0,1
PetCandyEpic,Eatable,none,0,0,0,0,0,0,0,0,0,0,0,0,0,0,0,0,1
PetCandyRare,Eatable,none,0,0,0,0,0,0,0,0,0,0,0,0,0,0,0,0,1
PetCat,Pet,none,0,0,0,0,0,0,0,0,0,0,0,0,0,0,0,0,1
PetCatEgg,NonUsable,none,0,0,0,0,0,0,0,0,0,0,0,0,0,0,0,0,1
PetCatEggCracked,CastingItem,none,0,0,0,0,0,0,0,0,0,0,0,0,0,0,0,0,1
PetDog,Pet,none,0,0,0,0,0,0,0,0,0,0,0,0,0,0,0,0,1
PetDogEgg,NonUsable,none,0,0,0,0,0,0,0,0,0,0,0,0,0,0,0,0,1
PetDogEggCracked,CastingItem,none,0,0,0,0,0,0,0,0,0,0,0,0,0,0,0,0,1
PetElectric,Pet,none,0,0,0,0,0,0,0,0,0,0,0,0,0,0,0,0,1
PetElectricEgg,NonUsable,none,0,0,0,0,0,0,0,0,0,0,0,0,0,0,0,0,1
PetElectricEggCracked,CastingItem,none,0,0,0,0,0,0,0,0,0,0,0,0,0,0,0,0,1
PetLavaSlimeBlob,Pet,none,0,0,0,0,0,0,0,0,0,0,0,0,0,0,0,0,1
PetLavaSlimeBlobEgg,NonUsable,none,0,0,0,0,0,0,0,0,0,0,0,0,0,0,0,0,1
PetLavaSlimeBlobEggCracked,CastingItem,none,0,0,0,0,0,0,0,0,0,0,0,0,0,0,0,0,1
PetMagic,Pet,none,0,0,0,0,0,0,0,0,0,0,0,0,0,0,0,0,1
PetMagicEgg,NonUsable,none,0,0,0,0,0,0,0,0,0,0,0,0,0,0,0,0,1
PetMagicEggCracked,CastingItem,none,0,0,0,0,0,0,0,0,0,0,0,0,0,0,0,0,1
PetMoth,Pet,none,0,0,0,0,0,0,0,0,0,0,0,0,0,0,0,0,1
PetMothEgg,NonUsable,none,0,0,0,0,0,0,0,0,0,0,0,0,0,0,0,0,1
PetMothEggCracked,CastingItem,none,0,0,0,0,0,0,0,0,0,0,0,0,0,0,0,0,1
PetPoisonSlimeBlob,Pet,none,0,0,0,0,0,0,0,0,0,0,0,0,0,0,0,0,1
PetPoisonSlimeBlobEgg,NonUsable,none,0,0,0,0,0,0,0,0,0,0,0,0,0,0,0,0,1
PetPoisonSlimeBlobEggCracked,CastingItem,none,0,0,0,0,0,0,0,0,0,0,0,0,0,0,0,0,1
PetPrinceSlimeBlob,Pet,none,0,0,0,0,0,0,0,0,0,0,0,0,0,0,0,0,1
PetPrinceSlimeBlobEgg,NonUsable,none,0,0,0,0,0,0,0,0,0,0,0,0,0,0,0,0,1
PetPrinceSlimeBlobEggCracked,CastingItem,none,0,0,0,0,0,0,0,0,0,0,0,0,0,0,0,0,1
PetRock,Offhand,none,0,0,0,0,0,0,0,0,0,0,0,0,0,0,0,0,1
PetSlimeBlob,Pet,none,0,0,0,0,0,0,0,0,0,0,0,0,0,0,0,0,1
PetSlimeBlobEgg,NonUsable,none,0,0,0,0,0,0,0,0,0,0,0,0,0,0,0,0,1
PetSlimeBlobEggCracked,CastingItem,none,0,0,0,0,0,0,0,0,0,0,0,0,0,0,0,0,1
PetSlipperySlimeBlob,Pet,none,0,0,0,0,0,0,0,0,0,0,0,0,0,0,0,0,1
PetSlipperySlimeBlobEgg,NonUsable,none,0,0,0,0,0,0,0,0,0,0,0,0,0,0,0,0,1
PetSlipperySlimeBlobEggCracked,CastingItem,none,0,0,0,0,0,0,0,0,0,0,0,0,0,0,0,0,1
PetTardigrade,Pet,none,0,0,0,0,0,0,0,0,0,0,0,0,0,0,0,0,1
PetTardigradeEgg,NonUsable,none,0,0,0,0,0,0,0,0,0,0,0,0,0,0,0,0,1
PetTardigradeEggCracked,CastingItem,none,0,0,0,0,0,0,0,0,0,0,0,0,0,0,0,0,1
PetWarlock,Pet,none,0,0,0,0,0,0,0,0,0,0,0,0,0,0,0,0,1
PetWarlockEgg,NonUsable,none,0,0,0,0,0,0,0,0,0,0,0,0,0,0,0,0,1
PetWarlockEggCracked,CastingItem,none,0,0,0,0,0,0,0,0,0,0,0,0,0,0,0,0,1
PetalRing,Ring,none,0,0,0,0,0,0,0,0,0,0,0,0,0,0,0,0,1
PetrifiedCoral,Valuable,none,0,0,0,0,0,0,0,0,0,0,0,0,0,0,0,0,1
PetrifiedEgg,Valuable,none,0,0,0,0,0,0,0,0,0,0,0,0,0,0,0,0,1
PetrifiedTrilobite,Valuable,none,0,0,0,0,0,0,0,0,0,0,0,0,0,0,0,0,1
Pewpaya,Eatable,none,0,0,0,0,0,0,0,0,0,0,0,0,0,0,0,0,1
PewpayaPlant,NonObtainable,none,1,0,0,0,0,0,0,1,1,1,1,0,0,1,1,0,1
PewpayaRare,Eatable,none,0,0,0,0,0,0,0,0,0,0,0,0,0,0,0,0,1
PewpayaSeed,PlaceablePrefab,none,0,0,0,0,0,0,0,1,1,0,1,0,0,0,1,0,1
PickaxeHead,Valuable,none,0,0,0,0,0,0,0,0,0,0,0,0,0,0,0,0,1
PickaxeMinion,Creature,none,0,0,0,0,0,0,0,0,0,0,0,0,0,0,0,0,1
PileOfChum,PlaceablePrefab,none,1,0,0,0,0,0,0,1,1,1,0,0,0,0,0,0,1
Pinegrapple,Eatable,none,0,0,0,0,0,0,0,0,0,0,0,0,0,0,0,0,1
PinegrapplePlant,NonObtainable,none,1,0,0,0,0,0,0,1,1,1,1,0,0,1,1,0,1
PinegrappleRare,Eatable,none,0,0,0,0,0,0,0,0,0,0,0,0,0,0,0,0,1
PinegrappleSeed,PlaceablePrefab,none,0,0,0,0,0,0,0,1,1,0,1,0,0,0,1,0,1
PinkCherryFlower,CastingItem,none,1,1,0,0,0,0,0,1,1,1,1,0,0,0,0,0,1
PinkCherryTree,PlaceablePrefab,none,1,0,0,0,0,0,0,1,1,1,0,0,0,0,0,0,1
PinkCoralotl,Eatable,none,0,0,0,0,0,0,0,0,0,0,0,0,0,0,0,0,1
PinkPalaceFish,Eatable,none,0,0,0,0,0,0,0,0,0,0,0,0,0,0,0,0,1
PinkRoseBouquet,PlaceablePrefab,none,1,0,0,0,0,0,0,1,1,1,0,0,0,0,0,0,1
PinkhornPico,Eatable,none,0,0,0,0,0,0,0,0,0,0,0,0,0,0,0,0,1
Pit,NonObtainable,pit,0,0,0,0,0,0,0,1,1,0,0,0,1,0,0,0,1
PlagueDoctorHelm,Helm,none,0,0,0,0,0,0,0,0,0,0,0,0,0,0,0,0,1
Plank,NonUsable,none,0,0,0,0,0,0,0,0,0,0,0,0,0,0,0,0,1
PlanterBox,PlaceablePrefab,none,1,0,0,0,0,0,0,1,1,1,0,0,0,0,0,0,1
PlateBreastArmor,BreastArmor,none,0,0,0,0,0,0,0,0,0,0,0,0,0,0,0,0,1
PlateHelm,Helm,none,0,0,0,0,0,0,0,0,0,0,0,0,0,0,0,0,1
PlatePantsArmor,PantsArmor,none,0,0,0,0,0,0,0,0,0,0,0,0,0,0,0,0,1
Player,PlayerType,none,1,0,0,0,0,0,0,1,1,0,0,0,0,0,0,0,1
PlayerGrave,PlaceablePrefab,none,1,0,0,0,0,0,0,1,1,1,0,0,0,0,0,0,1
PlayerProximitySensor,PlaceablePrefab,none,1,0,0,0,0,0,0,1,1,1,1,0,0,0,0,0,1
PlayingDice,Valuable,none,0,0,0,0,0,0,0,0,0,0,0,0,0,0,0,0,1
PlumeBall,Valuable,none,0,0,0,0,0,0,0,0,0,0,0,0,0,0,0,0,1
PlumeTree,PlaceablePrefab,none,1,0,0,0,0,0,0,1,1,1,0,0,0,0,0,0,1
PoisonAidPotion,Eatable,none,0,0,0,0,0,0,0,0,0,0,0,0,0,0,0,0,1
PoisonExplosion,NonUsable,none,0,0,0,0,0,0,0,0,0,0,0,0,0,0,0,0,1
PoisonGrenade,ThrowingWeapon,none,0,0,0,0,0,0,0,0,0,0,0,0,0,0,0,0,1
PoisonGrenadeProjectile,NonObtainable,none,1,0,0,0,0,0,0,0,0,0,0,0,0,0,0,0,1
PoisonMinion,Creature,none,0,0,0,0,0,0,0,0,0,0,0,0,0,0,0,0,1
PoisonMinionProjectile,NonObtainable,none,1,0,0,0,0,0,0,0,0,0,0,0,0,0,0,0,1
PoisonSlime,NonUsable,none,0,0,0,0,0,0,0,0,0,0,0,0,0,0,0,0,1
PoisonSlimeBlob,Creature,none,1,0,0,0,0,1,0,1,1,0,0,0,0,0,0,0,1
PoisonSlimeBoss,Creature,none,1,0,0,0,0,1,0,1,1,0,0,0,0,0,0,0,1
PoisonSlimeBossMortarProjectile,NonObtainable,none,1,0,0,0,0,0,0,1,1,0,0,0,0,0,0,0,1
PoisonSlimeBossScanner,CastingItem,none,0,0,0,0,0,0,0,0,0,0,0,0,0,0,0,0,1
PoisonSlimeDestructLarge,NonObtainable,none,1,0,1,0,0,1,0,1,1,1,0,0,0,0,0,0,1
PoisonSlimeDestructMedium,NonObtainable,none,1,0,1,0,0,1,0,1,1,1,0,0,0,0,0,0,1
PoisonSlimeDestructSmall,NonObtainable,none,1,0,1,0,0,1,0,1,1,1,0,0,0,0,0,0,1
PoisonTrap,PlaceablePrefab,none,1,0,0,0,0,0,0,1,1,1,1,0,0,0,0,0,1
PoisonousShield,Offhand,none,0,0,0,0,0,0,0,0,0,0,0,0,0,0,0,0,1
PoisonousSickle,MeleeWeapon,none,0,0,0,0,0,0,0,0,0,0,0,0,0,0,0,0,1
PolishedCopperCrossNecklace,Necklace,none,0,0,0,0,0,0,0,0,0,0,0,0,0,0,0,0,1
PolishedCoralAmulet,Necklace,none,0,0,0,0,0,0,0,0,0,0,0,0,0,0,0,0,1
PolishedGlowTulipRing,Ring,none,0,0,0,0,0,0,0,0,0,0,0,0,0,0,0,0,1
PolishedGoldCrystalNecklace,Necklace,none,0,0,0,0,0,0,0,0,0,0,0,0,0,0,0,0,1
PolishedGoldCrystalRing,Ring,none,0,0,0,0,0,0,0,0,0,0,0,0,0,0,0,0,1
PolishedGoldenSpikeRing,Ring,none,0,0,0,0,0,0,0,0,0,0,0,0,0,0,0,0,1
PolishedIronChunkNecklace,Necklace,none,0,0,0,0,0,0,0,0,0,0,0,0,0,0,0,0,1
PolishedMagneticRing,Ring,none,0,0,0,0,0,0,0,0,0,0,0,0,0,0,0,0,1
PolishedOctarineNecklace,Necklace,none,0,0,0,0,0,0,0,0,0,0,0,0,0,0,0,0,1
PolishedOctarineRing,Ring,none,0,0,0,0,0,0,0,0,0,0,0,0,0,0,0,0,1
PolishedScarletChunkNecklace,Necklace,none,0,0,0,0,0,0,0,0,0,0,0,0,0,0,0,0,1
PolishedShell,Valuable,none,0,0,0,0,0,0,0,0,0,0,0,0,0,0,0,0,1
PolishedSwiftRing,Ring,none,0,0,0,0,0,0,0,0,0,0,0,0,0,0,0,0,1
Portal,PlaceablePrefab,none,1,0,1,0,0,0,0,1,1,1,0,0,0,0,0,0,1
PotBreastArmor,BreastArmor,none,0,0,0,0,0,0,0,0,0,0,0,0,0,0,0,0,1
PotHelm,Helm,none,0,0,0,0,0,0,0,0,0,0,0,0,0,0,0,0,1
PotionPouch,Pouch,none,0,0,0,0,0,0,0,0,0,0,0,0,0,0,0,0,1
PottedAlienFlower,PlaceablePrefab,none,1,0,0,0,0,0,0,1,1,1,0,0,0,0,0,0,1
PottedCherryTree,PlaceablePrefab,none,1,0,0,0,0,0,0,1,1,1,0,0,0,0,0,0,1
PottedEnvelopeTree,PlaceablePrefab,none,1,0,0,0,0,0,0,1,1,1,0,0,0,0,0,0,1
PottedFlowerTree,PlaceablePrefab,none,1,0,0,0,0,0,0,1,1,1,0,0,0,0,0,0,1
PottedGlowberryTree,PlaceablePrefab,none,1,0,0,0,0,0,0,1,1,1,0,0,0,0,0,0,1
PottedGoldenOrbBush,PlaceablePrefab,none,1,0,0,0,0,0,0,1,1,1,0,0,0,0,0,0,1
PottedLandKelp,PlaceablePrefab,none,1,0,0,0,0,0,0,1,1,1,0,0,0,0,0,0,1
PottedLucentTree,PlaceablePrefab,none,1,0,0,0,0,0,0,1,1,1,0,0,0,0,0,0,1
PottedLushBush,PlaceablePrefab,none,1,0,0,0,0,0,0,1,1,1,0,0,0,0,0,0,1
PottedLushTree,PlaceablePrefab,none,1,0,0,0,0,0,0,1,1,1,0,0,0,0,0,0,1
PottedMagmaTulip,PlaceablePrefab,none,1,0,0,0,0,0,0,1,1,1,0,0,0,0,0,0,1
PottedPlumeTree,PlaceablePrefab,none,1,0,0,0,0,0,0,1,1,1,0,0,0,0,0,0,1
PottedPuffSticks,PlaceablePrefab,none,1,0,0,0,0,0,0,1,1,1,0,0,0,0,0,0,1
PouchWorkbench,PlaceablePrefab,none,1,0,0,0,0,0,0,1,1,1,0,0,0,0,0,0,1
PreciousUrn,Valuable,none,0,0,0,0,0,0,0,0,0,0,0,0,0,0,0,0,1
PressurePlate,PlaceablePrefab,none,1,0,0,0,0,0,0,1,1,1,1,0,0,0,0,0,1
PrimitiveGoKart,PlaceablePrefab,none,1,0,0,0,0,0,0,1,1,1,0,0,0,0,0,0,1
PrinceGrave,NonObtainable,none,1,0,0,0,0,0,0,1,1,1,0,0,0,0,0,0,1
ProcessorChip,Valuable,none,0,0,0,0,0,0,0,0,0,0,0,0,0,0,0,0,1
ProtocolSlate,CastingItem,none,0,0,0,0,0,0,0,0,0,0,0,0,0,0,0,0,1
ProtocolSlateKey,KeyItem,none,0,0,0,0,0,0,0,0,0,0,0,0,0,0,0,0,1
ProximityBomb,PlaceablePrefab,none,1,0,0,0,0,0,0,1,1,1,1,0,0,0,0,0,1
Puffungi,Eatable,none,0,0,0,0,0,0,0,0,0,0,0,0,0,0,0,0,1
PuffungiPlant,NonObtainable,none,1,0,0,0,0,0,0,1,1,1,1,0,0,1,1,0,1
PuffungiRare,Eatable,none,0,0,0,0,0,0,0,0,0,0,0,0,0,0,0,0,1
PuffungiSeed,PlaceablePrefab,none,0,0,0,0,0,0,0,1,1,0,1,0,0,0,1,0,1
PulseCircuit,PlaceablePrefab,none,1,0,0,0,0,0,0,1,1,1,0,0,0,0,0,0,1
PumpkinCoin,NonUsable,none,0,0,0,0,0,0,0,0,0,0,0,0,0,0,0,0,1
PumpkinHeadCavelingShamanTrophy,PlaceablePrefab,none,1,0,0,0,0,0,0,1,1,1,0,0,0,0,0,0,1
PumpkinHelm,Helm,none,0,0,0,0,0,0,0,0,0,0,0,0,0,0,0,0,1
PumpkinLantern,Lantern,none,0,0,0,0,0,0,0,0,0,0,0,0,0,0,0,0,1
PuppetRing,Ring,none,0,0,0,0,0,0,0,0,0,0,0,0,0,0,0,0,1
PurpleFireFly,Critter,none,1,0,1,0,0,0,0,1,1,1,0,0,0,0,0,1,1
PurpleSlimeTrophy,PlaceablePrefab,none,1,0,0,0,0,0,0,1,1,1,0,0,0,0,0,0,1
PuzzleDoor,PlaceablePrefab,none,1,0,0,0,0,0,0,1,1,1,0,0,0,0,0,0,1
PuzzleDoorKey,KeyItem,none,0,0,0,0,0,0,0,0,0,0,0,0,0,0,0,0,1
PuzzleDoorLocked,PlaceablePrefab,none,1,0,0,0,0,0,0,1,1,1,0,0,0,0,0,0,1
QueenGrave,NonObtainable,none,1,0,0,0,0,0,0,1,1,1,0,0,0,0,0,0,1
RaAkarAutomaton,KeyItem,none,0,0,0,0,0,0,0,0,0,0,0,0,0,0,0,0,1
RaAkarNecklace,Necklace,none,0,0,0,0,0,0,0,0,0,0,0,0,0,0,0,0,1
RaAkarTrophy,PlaceablePrefab,none,1,0,0,0,0,0,0,1,1,1,0,0,0,0,0,0,1
RadiatingMinion,Creature,none,0,0,0,0,0,0,0,0,0,0,0,0,0,0,0,0,1
RadiationBreastArmor,BreastArmor,none,0,0,0,0,0,0,0,0,0,0,0,0,0,0,0,0,1
RadiationCrystal,PlaceablePrefab,none,1,0,0,0,0,1,0,1,1,1,0,0,0,0,0,0,1
RadiationHelm,Helm,none,0,0,0,0,0,0,0,0,0,0,0,0,0,0,0,0,1
RadiationPantsArmor,PantsArmor,none,0,0,0,0,0,0,0,0,0,0,0,0,0,0,0,0,1
RadicalRabbitEars,Helm,none,0,0,0,0,0,0,0,0,0,0,0,0,0,0,0,0,1
RadicalRabbitEarsDiadem,Helm,none,0,0,0,0,0,0,0,0,0,0,0,0,0,0,0,0,1
Rail,PlaceablePrefab,rail,1,0,0,0,0,0,0,1,1,1,1,0,1,0,0,0,1
RailwayForge,PlaceablePrefab,none,1,0,0,0,0,0,0,1,1,1,0,0,0,0,0,0,1
RainBreastArmor,BreastArmor,none,0,0,0,0,0,0,0,0,0,0,0,0,0,0,0,0,1
RainPantsArmor,PantsArmor,none,0,0,0,0,0,0,0,0,0,0,0,0,0,0,0,0,1
RainbowKelp,Eatable,none,0,0,0,0,0,0,0,0,0,0,0,0,0,0,0,0,1
RamboBreastArmor,BreastArmor,none,0,0,0,0,0,0,0,0,0,0,0,0,0,0,0,0,1
RamboHelm,Helm,none,0,0,0,0,0,0,0,0,0,0,0,0,0,0,0,0,1
RamboPantsArmor,PantsArmor,none,0,0,0,0,0,0,0,0,0,0,0,0,0,0,0,0,1
RangerBreastArmor,BreastArmor,none,0,0,0,0,0,0,0,0,0,0,0,0,0,0,0,0,1
RangerHelm,Helm,none,0,0,0,0,0,0,0,0,0,0,0,0,0,0,0,0,1
RangerPantsArmor,PantsArmor,none,0,0,0,0,0,0,0,0,0,0,0,0,0,0,0,0,1
RazorFlake,RangeWeapon,none,0,0,0,0,0,0,0,0,0,0,0,0,0,0,0,0,1
RazorFlakeProjectile,NonObtainable,none,1,0,0,0,0,0,0,0,0,0,0,0,0,0,0,0,1
RazorFlakeShardProjectile,NonObtainable,none,1,0,0,0,0,0,0,0,0,0,0,0,0,0,0,0,1
RebreatherSceneSprout,NonObtainable,none,1,0,1,0,0,0,0,1,1,1,0,0,0,0,0,0,1
RecallIdol,CastingItem,none,0,0,0,0,0,0,0,0,0,0,0,0,0,0,0,0,1
RedEnvelope,CastingItem,none,1,1,0,0,0,0,0,1,1,1,1,0,0,0,0,0,1
RedFireFly,Critter,none,1,0,1,0,0,0,0,1,1,1,0,0,0,0,0,1,1
RedKelp,Eatable,none,0,0,0,0,0,0,0,0,0,0,0,0,0,0,0,0,1
RedSlimeTrophy,PlaceablePrefab,none,1,0,0,0,0,0,0,1,1,1,0,0,0,0,0,0,1
ReluciteBar,NonUsable,none,0,0,0,0,0,0,0,0,0,0,0,0,0,0,0,0,1
ReluciteChest,PlaceablePrefab,none,1,0,0,0,0,0,0,1,1,1,0,0,0,0,0,0,1
ReluciteKey,KeyItem,none,0,0,0,0,0,0,0,0,0,0,0,0,0,0,0,0,1
ReluciteOre,NonUsable,ore,0,0,0,0,0,0,0,1,1,0,0,0,1,0,0,0,1
ReluciteOreBoulder,PlaceablePrefab,none,1,0,1,0,0,0,1,1,1,1,0,1,0,0,0,0,1
RemedaisyNecklace,Necklace,none,0,0,0,0,0,0,0,0,0,0,0,0,0,0,0,0,1
RemoteDetonatorOffHand,Offhand,none,0,0,0,0,0,0,0,0,0,0,0,0,0,0,0,0,1
RemoteExplosive,PlaceablePrefab,none,1,0,0,0,0,0,0,1,1,1,0,0,0,0,0,0,1
RenegadeGoKart,PlaceablePrefab,none,1,0,0,0,0,0,0,1,1,1,0,0,0,0,0,0,1
RiftLensOffhand,Offhand,none,0,0,0,0,0,0,0,0,0,0,0,0,0,0,0,0,1
RiftianLampfish,Eatable,none,0,0,0,0,0,0,0,0,0,0,0,0,0,0,0,0,1
RingOfRock,Ring,none,0,0,0,0,0,0,0,0,0,0,0,0,0,0,0,0,1
RingOfSand,Ring,none,0,0,0,0,0,0,0,0,0,0,0,0,0,0,0,0,1
RingOfStone,Ring,none,0,0,0,0,0,0,0,0,0,0,0,0,0,0,0,0,1
RitualDagger,MeleeWeapon,none,0,0,0,0,0,0,0,0,0,0,0,0,0,0,0,0,1
RitualGoblet,Valuable,none,0,0,0,0,0,0,0,0,0,0,0,0,0,0,0,0,1
RobotArm,PlaceablePrefab,none,1,0,0,0,0,0,0,1,1,1,0,0,0,0,0,0,1
RobotBoss,Creature,none,1,0,0,0,1,1,0,1,1,0,0,0,0,0,0,0,1
RobotBossActivatorConsole,NonObtainable,none,1,0,0,0,0,0,0,1,1,1,0,0,0,0,0,0,1
RobotBossAttackPushback,NonObtainable,none,1,0,0,0,0,0,0,0,0,0,0,0,0,0,0,0,1
RobotBossChest,PlaceablePrefab,none,1,0,0,0,0,0,0,1,1,1,0,0,0,0,0,0,1
RobotBossFireRocketMortarProjectile,NonObtainable,none,1,0,0,0,0,0,0,0,0,0,0,0,0,0,0,0,1
RobotBossLargeProjectile,NonObtainable,none,1,0,0,0,0,0,0,0,0,0,0,0,0,0,0,0,1
RobotBossLeg,Creature,none,1,0,0,1,1,0,0,0,0,0,0,0,0,0,0,0,1
RobotBossScanner,CastingItem,none,0,0,0,0,0,0,0,0,0,0,0,0,0,0,0,0,1
RobotBossSummoningItem,PlaceablePrefab,none,1,0,0,0,0,0,0,1,1,1,0,0,0,0,0,0,1
RobotBossTrophy,PlaceablePrefab,none,1,0,0,0,0,0,0,1,1,1,0,0,0,0,0,0,1
RobotBossVoidChaser,PlaceablePrefab,none,1,0,0,0,1,0,0,1,1,1,0,0,0,0,0,0,1
RobotBossVoidMortarProjectile,NonObtainable,none,1,0,0,0,0,0,0,1,1,0,0,0,0,0,0,0,1
RobotFarmArm,PlaceablePrefab,none,1,0,0,0,0,0,0,1,1,1,0,0,0,0,0,0,1
RobotMiner,Creature,none,1,0,0,0,0,1,0,1,1,0,0,0,0,0,0,0,1
RobotMinerTrophy,PlaceablePrefab,none,1,0,0,0,0,0,0,1,1,1,0,0,0,0,0,0,1
RobotPatroller,Creature,none,1,0,0,0,0,1,0,1,1,0,0,0,0,0,0,0,1
RobotPatrollerMeteorFireProjectile,NonObtainable,none,1,0,0,0,0,0,0,0,0,0,0,0,0,0,0,0,1
RobotPatrollerMeteorOilProjectile,NonObtainable,none,1,0,0,0,0,0,0,0,0,0,0,0,0,0,0,0,1
RobotPatrollerTrophy,PlaceablePrefab,none,1,0,0,0,0,0,0,1,1,1,0,0,0,0,0,0,1
RobotSwarmer,Creature,none,1,0,0,0,0,1,0,1,1,0,0,0,0,0,0,0,1
RobotSwarmerTrophy,PlaceablePrefab,none,1,0,0,0,0,0,0,1,1,1,0,0,0,0,0,0,1
RockJaw,Eatable,none,0,0,0,0,0,0,0,0,0,0,0,0,0,0,0,0,1
RolyPoly,Creature,none,1,0,0,0,0,0,0,1,1,0,0,0,0,0,0,0,1
RolyPolyBaby,Creature,none,1,0,0,0,0,0,0,1,1,0,0,0,0,0,0,0,1
RolyPolyPlate,NonUsable,none,0,0,0,0,0,0,0,0,0,0,0,0,0,0,0,0,1
Roof,NonObtainable,roof,0,0,0,0,0,0,0,1,1,0,0,0,1,0,0,0,1
RoofHole,NonObtainable,roofHole,0,0,0,0,0,0,0,1,1,0,0,0,1,0,0,0,1
RoofingTool,RoofingTool,none,0,0,0,0,0,0,0,0,0,0,0,0,0,0,0,0,1
RootPlant,NonObtainable,none,1,0,0,0,0,0,0,1,1,1,1,0,0,1,1,0,1
RootSeed,PlaceablePrefab,none,0,0,0,0,0,0,0,1,1,0,1,0,0,0,1,0,1
RoseWater,Valuable,none,0,0,0,0,0,0,0,0,0,0,0,0,0,0,0,0,1
RotFish,Eatable,none,0,0,0,0,0,0,0,0,0,0,0,0,0,0,0,0,1
RoyalGel,Offhand,none,0,0,0,0,0,0,0,0,0,0,0,0,0,0,0,0,1
RoyalSlimeBlob,Creature,none,1,0,0,0,0,0,0,0,0,0,0,0,0,0,0,0,1
Rug,PlaceablePrefab,rug,1,0,0,0,0,0,0,1,1,1,1,0,1,0,0,0,1
RuinsCavelingPillar,PlaceablePrefab,none,1,0,0,0,0,0,0,1,1,1,0,0,0,0,0,0,1
RuinsCoreRelief,PlaceablePrefab,none,1,0,0,0,0,0,0,1,1,1,1,0,0,0,0,0,1
RuinsFireplace,PlaceablePrefab,none,1,0,0,0,0,0,0,1,1,1,0,0,0,0,0,0,1
RuinsGate,PlaceablePrefab,none,1,0,0,0,0,0,0,1,1,1,0,0,0,0,0,0,1
RuinsPedestal,PlaceablePrefab,none,1,0,0,0,0,0,0,1,1,1,0,0,0,0,0,0,1
RuinsPiece1,PlaceablePrefab,none,1,0,0,0,0,0,0,1,1,1,0,0,0,0,0,0,1
RuinsPiece2,PlaceablePrefab,none,1,0,0,0,0,0,0,1,1,1,0,0,0,0,0,0,1
RuinsPiece3,PlaceablePrefab,none,1,0,0,0,0,0,0,1,1,1,0,0,0,0,0,0,1
RuinsPiece4,PlaceablePrefab,none,1,0,0,0,0,0,0,1,1,1,0,0,0,0,0,0,1
RuinsShelfLarge,PlaceablePrefab,none,1,0,0,0,0,0,0,1,1,1,0,0,0,0,0,0,1
RuinsShelfSmall,PlaceablePrefab,none,1,0,0,0,0,0,0,1,1,1,0,0,0,0,0,0,1
RuinsStool,PlaceablePrefab,none,1,0,0,0,0,0,0,1,1,1,0,0,0,0,0,0,1
RuinsTable,PlaceablePrefab,none,1,0,0,0,0,0,0,1,1,1,0,0,0,0,0,0,1
RuinsTableSmall,PlaceablePrefab,none,1,0,0,0,0,0,0,1,1,1,0,0,0,0,0,0,1
RuneSongTrail,NonObtainable,none,1,0,0,0,0,0,0,0,0,0,0,0,0,0,0,0,1
RustedNecklace,Necklace,none,0,0,0,0,0,0,0,0,0,0,0,0,0,0,0,0,1
RustedRing,Ring,none,0,0,0,0,0,0,0,0,0,0,0,0,0,0,0,0,1
RustyDagger,MeleeWeapon,none,0,0,0,0,0,0,0,0,0,0,0,0,0,0,0,0,1
RustyFishingHook,Valuable,none,0,0,0,0,0,0,0,0,0,0,0,0,0,0,0,0,1
RustySpoon,Valuable,none,0,0,0,0,0,0,0,0,0,0,0,0,0,0,0,0,1
SahabarMonument,PlaceablePrefab,none,1,0,0,0,0,0,0,1,1,1,0,0,0,0,0,0,1
SalvageAndRepairStation,PlaceablePrefab,none,1,0,0,0,0,0,0,1,1,1,0,0,0,0,0,0,1
SamhainCurseRing,Ring,none,0,0,0,0,0,0,0,0,0,0,0,0,0,0,0,0,1
SamhainOfferingNecklace,Necklace,none,0,0,0,0,0,0,0,0,0,0,0,0,0,0,0,0,1
SandExplosion,NonObtainable,none,1,0,0,0,0,0,0,0,0,0,0,0,0,0,0,0,1
SandExplosionWithScarab,NonObtainable,none,1,0,0,0,0,0,0,1,1,0,0,0,0,0,0,0,1
SandySpikeback,Eatable,none,0,0,0,0,0,0,0,0,0,0,0,0,0,0,0,0,1
SantaHelm,Helm,none,0,0,0,0,0,0,0,0,0,0,0,0,0,0,0,0,1
SantasLittleHelper,PlaceablePrefab,none,1,0,0,0,0,0,0,1,1,1,0,0,0,0,0,0,1
ScarabBoss,Creature,none,1,0,0,0,0,1,0,1,1,0,0,0,0,0,0,0,1
ScarabBossPlayerProjectile,NonObtainable,none,1,0,0,0,0,0,0,0,0,0,0,0,0,0,0,0,1
ScarabBossProjectile,NonObtainable,none,1,0,0,0,0,0,0,0,0,0,0,0,0,0,0,0,1
ScarabBossScanner,CastingItem,none,0,0,0,0,0,0,0,0,0,0,0,0,0,0,0,0,1
ScarabBossSoulOrb,NonObtainable,none,1,0,0,0,0,0,0,0,0,0,0,0,0,0,0,0,1
ScarabBossSpawnLocation,NonObtainable,none,0,0,0,0,0,0,0,0,0,0,0,0,0,0,0,0,1
ScarabBreastArmor,BreastArmor,none,0,0,0,0,0,0,0,0,0,0,0,0,0,0,0,0,1
ScarabHelm,Helm,none,0,0,0,0,0,0,0,0,0,0,0,0,0,0,0,0,1
ScarabMortar,RangeWeapon,none,0,0,0,0,0,0,0,0,0,0,0,0,0,0,0,0,1
ScarabMortarProjectile,NonObtainable,none,1,0,0,0,0,0,0,0,0,0,0,0,0,0,0,0,1
ScarabPantsArmor,PantsArmor,none,0,0,0,0,0,0,0,0,0,0,0,0,0,0,0,0,1
ScarabWingcover,NonUsable,none,1,1,0,0,0,0,0,1,1,1,1,0,0,0,0,0,1
ScarfHelm,Helm,none,0,0,0,0,0,0,0,0,0,0,0,0,0,0,0,0,1
ScarletAnvil,PlaceablePrefab,none,1,0,0,0,0,0,0,1,1,1,0,0,0,0,0,0,1
ScarletBar,NonUsable,none,0,0,0,0,0,0,0,0,0,0,0,0,0,0,0,0,1
ScarletBoltProjectile,NonObtainable,none,1,0,0,0,0,0,0,0,0,0,0,0,0,0,0,0,1
ScarletBreastArmor,BreastArmor,none,0,0,0,0,0,0,0,0,0,0,0,0,0,0,0,0,1
ScarletBridge,PlaceablePrefab,bridge,1,0,0,0,0,0,0,1,1,1,1,0,1,0,0,0,1
ScarletChest,PlaceablePrefab,none,1,0,0,0,0,0,0,1,1,1,0,0,0,0,0,0,1
ScarletChunkNecklace,Necklace,none,0,0,0,0,0,0,0,0,0,0,0,0,0,0,0,0,1
ScarletCrossbow,RangeWeapon,none,0,0,0,0,0,0,0,0,0,0,0,0,0,0,0,0,1
ScarletDagger,MeleeWeapon,none,0,0,0,0,0,0,0,0,0,0,0,0,0,0,0,0,1
ScarletDoor,PlaceablePrefab,none,1,0,0,0,0,0,0,1,1,1,0,0,0,0,0,0,1
ScarletFence,PlaceablePrefab,fence,1,0,0,0,0,0,0,1,1,1,0,0,1,0,0,0,1
ScarletFenceGate,PlaceablePrefab,none,1,0,0,0,0,0,0,1,1,1,0,0,0,0,0,0,1
ScarletFishingRod,FishingRod,none,0,0,0,0,0,0,0,0,0,0,0,0,0,0,0,0,1
ScarletFloor,PlaceablePrefab,floor,1,0,0,0,0,0,0,1,1,1,1,0,1,0,0,0,1
ScarletHelm,Helm,none,0,0,0,0,0,0,0,0,0,0,0,0,0,0,0,0,1
ScarletHoe,Hoe,none,0,0,0,0,0,0,0,0,0,0,0,0,0,0,0,0,1
ScarletKey,KeyItem,none,0,0,0,0,0,0,0,0,0,0,0,0,0,0,0,0,1
ScarletMiningPick,MiningPick,none,0,0,0,0,0,0,0,0,0,0,0,0,0,0,0,0,1
ScarletOre,NonUsable,ore,0,0,0,0,0,0,0,1,1,0,0,0,1,0,0,0,1
ScarletOreBoulder,PlaceablePrefab,none,1,0,1,0,0,0,1,1,1,1,0,1,0,0,0,0,1
ScarletPantsArmor,PantsArmor,none,0,0,0,0,0,0,0,0,0,0,0,0,0,0,0,0,1
ScarletShellBackpack,Bag,none,0,0,0,0,0,0,0,0,0,0,0,0,0,0,0,0,1
ScarletShovel,Shovel,none,0,0,0,0,0,0,0,0,0,0,0,0,0,0,0,0,1
ScarletSledge,Sledge,none,0,0,0,0,0,0,0,0,0,0,0,0,0,0,0,0,1
ScarletSword,MeleeWeapon,none,0,0,0,0,0,0,0,0,0,0,0,0,0,0,0,0,1
ScarletWorkBench,PlaceablePrefab,none,1,0,0,0,0,0,0,1,1,1,0,0,0,0,0,0,1
ScatterExplosion,NonUsable,none,0,0,0,0,0,0,0,0,0,0,0,0,0,0,0,0,1
ScholarArmor,BreastArmor,none,0,0,0,0,0,0,0,0,0,0,0,0,0,0,0,0,1
ScholarBag,Bag,none,0,0,0,0,0,0,0,0,0,0,0,0,0,0,0,0,1
ScholarHelm,Helm,none,0,0,0,0,0,0,0,0,0,0,0,0,0,0,0,0,1
ScholarStaff,RangeWeapon,none,0,0,0,0,0,0,0,0,0,0,0,0,0,0,0,0,1
ScholarTrophy,PlaceablePrefab,none,1,0,0,0,0,0,0,1,1,1,0,0,0,0,0,0,1
ScrapPart,NonUsable,none,0,0,0,0,0,0,0,0,0,0,0,0,0,0,0,0,1
ScreenDevice,Valuable,none,0,0,0,0,0,0,0,0,0,0,0,0,0,0,0,0,1
SeaBossStatue,PlaceablePrefab,none,1,0,0,0,0,0,0,1,1,1,0,0,0,0,0,0,1
SeaFoamRing,Ring,none,0,0,0,0,0,0,0,0,0,0,0,0,0,0,0,0,1
SeaGemstone,NonUsable,none,0,0,0,0,0,0,0,0,0,0,0,0,0,0,0,0,1
SeaShell,NonUsable,none,1,1,0,0,0,0,0,1,1,1,1,0,0,0,0,0,1
SeaWoodenDestructible,PlaceablePrefab,none,1,0,1,0,0,1,0,1,1,1,1,0,0,0,0,0,1
SeaWoodenDestructibleDebris,NonObtainable,debris2,0,0,0,0,0,0,0,1,1,0,0,0,1,0,0,0,1
SealedBeverage,Valuable,none,0,0,0,0,0,0,0,0,0,0,0,0,0,0,0,0,1
SeasonalMerchant,Creature,none,1,0,0,0,0,0,0,0,0,0,0,0,0,0,0,0,1
SeedAndCropsPouch,Pouch,none,0,0,0,0,0,0,0,0,0,0,0,0,0,0,0,0,1
SeedExtractor,PlaceablePrefab,none,1,0,0,0,0,0,0,1,1,1,0,0,0,0,0,0,1
SeekerBomb,PlaceablePrefab,none,1,0,0,0,0,0,0,0,0,0,0,0,0,0,0,0,1
SeismicClock,Valuable,none,0,0,0,0,0,0,0,0,0,0,0,0,0,0,0,0,1
SentryNutcracker,Valuable,none,0,0,0,0,0,0,0,0,0,0,0,0,0,0,0,0,1
SeptumRing,Ring,none,0,0,0,0,0,0,0,0,0,0,0,0,0,0,0,0,1
ShadowBreastArmor,BreastArmor,none,0,0,0,0,0,0,0,0,0,0,0,0,0,0,0,0,1
ShadowCharmNecklace,Necklace,none,0,0,0,0,0,0,0,0,0,0,0,0,0,0,0,0,1
ShadowHelm,Helm,none,0,0,0,0,0,0,0,0,0,0,0,0,0,0,0,0,1
ShadowPantsArmor,PantsArmor,none,0,0,0,0,0,0,0,0,0,0,0,0,0,0,0,0,1
ShamanBoss,Creature,none,1,0,0,0,0,1,0,1,1,0,0,0,0,0,0,0,1
ShamanBossCrystalShard,CastingItem,none,0,0,0,0,0,0,0,0,0,0,0,0,0,0,0,0,1
ShamanBossMortarProjectile,NonObtainable,none,1,0,0,0,0,0,0,1,1,0,0,0,0,0,0,0,1
ShamanBossScanner,CastingItem,none,0,0,0,0,0,0,0,0,0,0,0,0,0,0,0,0,1
ShamanBossSummoningItem,PlaceablePrefab,none,1,0,0,0,0,0,0,1,1,1,0,0,0,0,0,0,1
ShamanHelm,Helm,none,0,0,0,0,0,0,0,0,0,0,0,0,0,0,0,0,1
ShardClub,MeleeWeapon,none,0,0,0,0,0,0,0,0,0,0,0,0,0,0,0,0,1
SharkTooth,Valuable,none,0,0,0,0,0,0,0,0,0,0,0,0,0,0,0,0,1
ShockWaveProjectile,NonObtainable,none,1,0,0,0,0,0,0,0,0,0,0,0,0,0,0,0,1
Shredder,PlaceablePrefab,none,1,0,0,0,0,0,0,1,1,1,0,0,0,0,0,0,1
ShrineMural,NonObtainable,none,1,0,0,0,0,0,0,1,1,1,0,0,0,0,0,0,1
ShroomanBruteTrophy,PlaceablePrefab,none,1,0,0,0,0,0,0,1,1,1,0,0,0,0,0,0,1
SignArrow,PlaceablePrefab,none,1,0,0,0,0,0,0,1,1,1,0,0,0,0,0,0,1
SignBrute,PlaceablePrefab,none,1,0,0,0,0,0,0,1,1,1,0,0,0,0,0,0,1
SignRedWarning,PlaceablePrefab,none,1,0,0,0,0,0,0,1,1,1,0,0,0,0,0,0,1
SignSkull,PlaceablePrefab,none,1,0,0,0,0,0,0,1,1,1,0,0,0,0,0,0,1
SignText,PlaceablePrefab,none,1,0,0,0,0,0,0,1,1,1,0,0,0,0,0,0,1
SignTextMetropolis,PlaceablePrefab,none,1,0,0,0,0,0,0,1,1,1,0,0,0,0,0,0,1
SignYellowWarning,PlaceablePrefab,none,1,0,0,0,0,0,0,1,1,1,0,0,0,0,0,0,1
SilverTorrentDart,Eatable,none,0,0,0,0,0,0,0,0,0,0,0,0,0,0,0,0,1
SingingCrystal,PlaceablePrefab,none,1,0,0,0,0,0,0,1,1,1,0,0,0,0,0,0,1
SirenLamp,PlaceablePrefab,none,1,0,0,0,0,0,0,1,1,1,0,0,0,0,0,0,1
SkeletonPedestal,PlaceablePrefab,none,1,0,0,0,0,0,0,1,1,1,0,0,0,0,0,0,1
SkeletonPedestal2,PlaceablePrefab,none,1,0,0,0,0,0,0,1,1,1,0,0,0,0,0,0,1
SkirmisherHelm,Helm,none,0,0,0,0,0,0,0,0,0,0,0,0,0,0,0,0,1
SkullNecklace,Necklace,none,0,0,0,0,0,0,0,0,0,0,0,0,0,0,0,0,1
SkullRing,Ring,none,0,0,0,0,0,0,0,0,0,0,0,0,0,0,0,0,1
SkyRing,Ring,none,0,0,0,0,0,0,0,0,0,0,0,0,0,0,0,0,1
SleepyBreastArmor,BreastArmor,none,0,0,0,0,0,0,0,0,0,0,0,0,0,0,0,0,1
SleepyHelm,Helm,none,0,0,0,0,0,0,0,0,0,0,0,0,0,0,0,0,1
SleepyPantsArmor,PantsArmor,none,0,0,0,0,0,0,0,0,0,0,0,0,0,0,0,0,1
Slime,NonUsable,none,0,0,0,0,0,0,0,0,0,0,0,0,0,0,0,0,1
SlimeBlob,Creature,none,1,0,0,0,0,1,0,1,1,0,0,0,0,0,0,0,1
SlimeBoss,Creature,none,1,0,0,0,0,1,0,1,1,0,0,0,0,0,0,0,1
SlimeBossCrystal,NonUsable,none,0,0,0,0,0,0,0,0,0,0,0,0,0,0,0,0,1
SlimeBossStatue,NonUsable,none,0,0,0,0,0,0,0,1,1,0,0,0,0,0,0,0,1
SlimeBossSummoningItem,PlaceablePrefab,none,1,0,0,0,0,0,0,1,1,1,0,0,0,0,0,0,1
SlimeBreastArmor,BreastArmor,none,0,0,0,0,0,0,0,0,0,0,0,0,0,0,0,0,1
SlimeDestructLarge,NonObtainable,none,1,0,1,0,0,1,0,1,1,1,0,0,0,0,0,0,1
SlimeDestructMedium,NonObtainable,none,1,0,1,0,0,1,0,1,1,1,0,0,0,0,0,0,1
SlimeDestructSmall,NonObtainable,none,1,0,1,0,0,1,0,1,1,1,0,0,0,0,0,0,1
SlimeHelm,Helm,none,0,0,0,0,0,0,0,0,0,0,0,0,0,0,0,0,1
SlimeMerchant,Creature,none,1,0,0,0,0,1,0,1,1,0,0,0,0,0,0,0,1
SlimeOil,PlaceablePrefab,none,1,0,0,0,0,0,0,1,1,1,0,0,0,0,0,0,1
SlimeProjectile,NonObtainable,none,1,0,0,0,0,0,0,0,0,0,0,0,0,0,0,0,1
SlimeStaff,RangeWeapon,none,0,0,0,0,0,0,0,0,0,0,0,0,0,0,0,0,1
SlimeSword,MeleeWeapon,none,0,0,0,0,0,0,0,0,0,0,0,0,0,0,0,0,1
SlimeTerritorySpawner,NonUsable,none,0,0,0,0,0,0,0,0,0,0,0,0,0,0,0,0,1
SlimeTrophy,PlaceablePrefab,none,1,0,0,0,0,0,0,1,1,1,0,0,0,0,0,0,1
Slingshot,RangeWeapon,none,0,0,0,0,0,0,0,0,0,0,0,0,0,0,0,0,1
SlingshotProjectile,NonObtainable,none,1,0,0,0,0,0,0,0,0,0,0,0,0,0,0,0,1
SlipperySlime,NonUsable,none,0,0,0,0,0,0,0,0,0,0,0,0,0,0,0,0,1
SlipperySlimeBlob,Creature,none,1,0,0,0,0,1,0,1,1,0,0,0,0,0,0,0,1
SlipperySlimeBoss,Creature,none,1,0,0,0,0,1,0,1,1,0,0,0,0,0,0,0,1
SlipperySlimeBossScanner,CastingItem,none,0,0,0,0,0,0,0,0,0,0,0,0,0,0,0,0,1
SlipperySlimeSword,MeleeWeapon,none,0,0,0,0,0,0,0,0,0,0,0,0,0,0,0,0,1
SmallBarnacleGrass,PlaceablePrefab,none,1,0,0,0,0,0,0,1,1,1,0,0,0,0,0,0,1
SmallBomb,PlaceablePrefab,none,1,0,0,0,0,0,0,1,1,1,0,0,0,0,0,0,1
SmallBombMortarPojectile,NonObtainable,none,1,0,0,0,0,0,0,1,1,0,0,0,0,0,0,0,1
SmallCavelingSkull,Valuable,none,0,0,0,0,0,0,0,0,0,0,0,0,0,0,0,0,1
SmallCrystalGrass,PlaceablePrefab,none,1,0,0,0,0,0,0,1,1,1,0,0,0,0,0,0,1
SmallDesertGrass,NonObtainable,smallGrass,0,0,0,0,0,0,0,1,1,0,0,0,1,0,0,0,1
SmallFeatherTree,PlaceablePrefab,none,1,0,0,0,0,0,0,1,1,1,0,0,0,0,0,0,1
SmallFeatherTreeCyan,PlaceablePrefab,none,1,0,0,0,0,0,0,1,1,1,0,0,0,0,0,0,1
SmallFireballProjectile,NonObtainable,none,1,0,0,0,0,0,0,0,0,0,0,0,0,0,0,0,1
SmallGrass,NonObtainable,smallGrass,0,0,0,0,0,0,0,1,1,0,0,0,1,0,0,0,1
SmallIndustrialTable,PlaceablePrefab,none,1,0,0,0,0,0,0,1,1,1,0,0,0,0,0,0,1
SmallLantern,Lantern,none,0,0,0,0,0,0,0,0,0,0,0,0,0,0,0,0,1
SmallPandoriumCrystal,PlaceablePrefab,none,1,0,1,0,0,1,0,1,1,1,0,0,0,0,0,0,1
SmallPoisonExplosion,NonUsable,none,0,0,0,0,0,0,0,0,0,0,0,0,0,0,0,0,1
SmallStones,NonObtainable,smallStones,0,0,0,0,0,0,0,1,1,0,0,0,1,0,0,0,1
SmallSulfurExplosion,NonUsable,none,0,0,0,0,0,0,0,0,0,0,0,0,0,0,0,0,1
SmallTempleRug,PlaceablePrefab,none,1,0,0,0,0,0,0,1,1,1,1,0,0,0,0,0,1
SmallTentacle,Creature,none,1,0,0,0,0,1,0,1,1,0,0,0,0,0,0,0,1
SmelterKiln,PlaceablePrefab,none,1,0,0,0,0,0,0,1,1,1,0,0,0,0,0,0,1
SmithingBellow,PlaceablePrefab,none,1,0,0,0,0,0,0,1,1,1,0,0,0,0,0,0,1
SmithingGlove,Offhand,none,0,0,0,0,0,0,0,0,0,0,0,0,0,0,0,0,1
SnakeBossScanner,CastingItem,none,0,0,0,0,0,0,0,0,0,0,0,0,0,0,0,0,1
SnakeBossSegment,Creature,none,1,0,0,0,1,1,0,1,1,0,0,0,0,0,0,0,1
SnarePlant,Creature,none,1,0,0,0,0,1,0,1,1,0,0,0,0,0,0,0,1
SnarePlantTrophy,PlaceablePrefab,none,1,0,0,0,0,0,0,1,1,1,0,0,0,0,0,0,1
SnowGlobe,Valuable,none,0,0,0,0,0,0,0,0,0,0,0,0,0,0,0,0,1
Snowball,RangeWeapon,none,0,0,0,0,0,0,0,0,0,0,0,0,0,0,0,0,1
SnowballProjectile,NonObtainable,none,1,0,0,0,0,0,0,0,0,0,0,0,0,0,0,0,1
SnowballPyramid,PlaceablePrefab,none,1,0,0,0,0,0,0,1,1,1,0,0,0,0,0,0,1
SnowmanHelm,Helm,none,0,0,0,0,0,0,0,0,0,0,0,0,0,0,0,0,1
SoaringBreastArmor,BreastArmor,none,0,0,0,0,0,0,0,0,0,0,0,0,0,0,0,0,1
SoaringHelm,Helm,none,0,0,0,0,0,0,0,0,0,0,0,0,0,0,0,0,1
SoaringPantsArmor,PantsArmor,none,0,0,0,0,0,0,0,0,0,0,0,0,0,0,0,0,1
SoftSponge,Valuable,none,0,0,0,0,0,0,0,0,0,0,0,0,0,0,0,0,1
SolariteAnvil,PlaceablePrefab,none,1,0,0,0,0,0,0,1,1,1,0,0,0,0,0,0,1
SolariteBar,NonUsable,none,0,0,0,0,0,0,0,0,0,0,0,0,0,0,0,0,1
SolariteBoltProjectile,NonObtainable,none,1,0,0,0,0,0,0,0,0,0,0,0,0,0,0,0,1
SolariteChest,PlaceablePrefab,none,1,0,0,0,0,0,0,1,1,1,0,0,0,0,0,0,1
SolariteCrossbow,RangeWeapon,none,0,0,0,0,0,0,0,0,0,0,0,0,0,0,0,0,1
SolariteFishingRod,FishingRod,none,0,0,0,0,0,0,0,0,0,0,0,0,0,0,0,0,1
SolariteKey,KeyItem,none,0,0,0,0,0,0,0,0,0,0,0,0,0,0,0,0,1
SolariteMiningPick,MiningPick,none,0,0,0,0,0,0,0,0,0,0,0,0,0,0,0,0,1
SolariteOre,NonUsable,ore,0,0,0,0,0,0,0,1,1,0,0,0,1,0,0,0,1
SolariteOreBoulder,PlaceablePrefab,none,1,0,1,0,0,0,1,1,1,1,0,1,0,0,0,0,1
SolariteSword,MeleeWeapon,none,0,0,0,0,0,0,0,0,0,0,0,0,0,0,0,0,1
SolariteWorkbench,PlaceablePrefab,none,1,0,0,0,0,0,0,1,1,1,0,0,0,0,0,0,1
SolidSpikeback,Eatable,none,0,0,0,0,0,0,0,0,0,0,0,0,0,0,0,0,1
SorcererBreastArmor,BreastArmor,none,0,0,0,0,0,0,0,0,0,0,0,0,0,0,0,0,1
SorcererHelm,Helm,none,0,0,0,0,0,0,0,0,0,0,0,0,0,0,0,0,1
SorcererPantsArmor,PantsArmor,none,0,0,0,0,0,0,0,0,0,0,0,0,0,0,0,0,1
SoulLantern,Lantern,none,0,0,0,0,0,0,0,0,0,0,0,0,0,0,0,0,1
SoulNecklace,Necklace,none,0,0,0,0,0,0,0,0,0,0,0,0,0,0,0,0,1
SparkleOpal,Valuable,none,0,0,0,0,0,0,0,0,0,0,0,0,0,0,0,0,1
Speaker,PlaceablePrefab,none,1,0,0,0,0,0,0,1,1,1,1,0,0,0,0,0,1
SpearProjectile,NonObtainable,none,1,0,0,0,0,0,0,0,0,0,0,0,0,0,0,0,1
SpearRack,PlaceablePrefab,none,1,0,0,0,0,0,0,1,1,1,0,0,0,0,0,0,1
SpeederBoat,PlaceablePrefab,none,1,0,0,0,0,0,0,1,1,1,0,0,0,0,0,0,1
SpeederGoKart,PlaceablePrefab,none,1,0,0,0,0,0,0,1,1,1,0,0,0,0,0,0,1
SpikeTrap,PlaceablePrefab,none,1,0,0,0,0,0,0,1,1,1,1,0,0,0,0,0,1
SpineRing,Ring,none,0,0,0,0,0,0,0,0,0,0,0,0,0,0,0,0,1
SpiritVeil,Eatable,none,0,0,0,0,0,0,0,0,0,0,0,0,0,0,0,0,1
SpookyPopCandy,Eatable,none,0,0,0,0,0,0,0,0,0,0,0,0,0,0,0,0,1
Sprinkler,PlaceablePrefab,none,1,0,0,0,0,0,0,1,1,1,0,0,0,0,0,0,1
Stalagmite,PlaceablePrefab,none,0,0,0,0,0,0,0,1,1,0,1,0,0,0,0,0,1
StarlightNautilus,Eatable,none,0,0,0,0,0,0,0,0,0,0,0,0,0,0,0,0,1
StarlightShards,Valuable,none,0,0,0,0,0,0,0,0,0,0,0,0,0,0,0,0,1
StoneBridge,PlaceablePrefab,bridge,1,0,0,0,0,0,0,1,1,1,1,0,1,0,0,0,1
StoneCap,Valuable,none,0,0,0,0,0,0,0,0,0,0,0,0,0,0,0,0,1
StoneCavelingMoss,PlaceablePrefab,chrysalis,1,0,0,0,0,0,0,1,1,1,1,0,1,0,0,0,1
StoneDoor,PlaceablePrefab,none,1,0,0,0,0,0,0,1,1,1,0,0,0,0,0,0,1
StoneFence,PlaceablePrefab,fence,1,0,0,0,0,0,0,1,1,1,0,0,1,0,0,0,1
StoneFenceGate,PlaceablePrefab,none,1,0,0,0,0,0,0,1,1,1,0,0,0,0,0,0,1
StoneFloor,PlaceablePrefab,floor,1,0,0,0,0,0,0,1,1,1,1,0,1,0,0,0,1
StoneHatchlingExplosion,NonUsable,none,0,0,0,0,0,0,0,0,0,0,0,0,0,0,0,0,1
StoneLantern,PlaceablePrefab,none,1,0,0,0,0,0,0,1,1,1,0,0,0,0,0,0,1
StoneMortar,RangeWeapon,none,0,0,0,0,0,0,0,0,0,0,0,0,0,0,0,0,1
StoneMortarProjectile,NonObtainable,none,1,0,0,0,0,0,0,0,0,0,0,0,0,0,0,0,1
StonePedestal,PlaceablePrefab,none,1,0,0,0,0,0,0,1,1,1,0,0,0,0,0,0,1
StoneSeeder,Seeder,none,0,0,0,0,0,0,0,0,0,0,0,0,0,0,0,0,1
StoneskinPotion,Eatable,none,0,0,0,0,0,0,0,0,0,0,0,0,0,0,0,0,1
StunExplosion,NonUsable,none,0,0,0,0,0,0,0,0,0,0,0,0,0,0,0,0,1
StunGrenade,ThrowingWeapon,none,0,0,0,0,0,0,0,0,0,0,0,0,0,0,0,0,1
StunGrenadeProjectile,NonObtainable,none,1,0,0,0,0,0,0,0,0,0,0,0,0,0,0,0,1
SuitBreastArmor,BreastArmor,none,0,0,0,0,0,0,0,0,0,0,0,0,0,0,0,0,1
SuitHelm,Helm,none,0,0,0,0,0,0,0,0,0,0,0,0,0,0,0,0,1
SuitPantsArmor,PantsArmor,none,0,0,0,0,0,0,0,0,0,0,0,0,0,0,0,0,1
SulfurBomb,PlaceablePrefab,none,1,0,0,0,0,0,0,1,1,1,0,0,0,0,0,0,1
SulfurBombMortarPojectile,NonObtainable,none,1,0,0,0,0,0,0,1,1,0,0,0,0,0,0,0,1
SulfurBreastArmor,BreastArmor,none,0,0,0,0,0,0,0,0,0,0,0,0,0,0,0,0,1
SulfurBud,PlaceablePrefab,none,1,0,1,0,0,0,0,1,1,1,1,0,0,0,0,0,1
SulfurExplosion,NonUsable,none,0,0,0,0,0,0,0,0,0,0,0,0,0,0,0,0,1
SulfurHelm,Helm,none,0,0,0,0,0,0,0,0,0,0,0,0,0,0,0,0,1
SulfurPantsArmor,PantsArmor,none,0,0,0,0,0,0,0,0,0,0,0,0,0,0,0,0,1
SulfurSetPuffExplosion,NonUsable,none,0,0,0,0,0,0,0,0,0,0,0,0,0,0,0,0,1
SulfurTree,PlaceablePrefab,none,1,0,0,0,0,0,0,1,1,1,0,0,0,0,0,0,1
SulfurWormTrophy,PlaceablePrefab,none,1,0,0,0,0,0,0,1,1,1,0,0,0,0,0,0,1
SummonArea,NonObtainable,none,0,0,0,0,0,0,0,0,0,0,0,0,0,0,0,0,1
SummonerOffhand,Offhand,none,0,0,0,0,0,0,0,0,0,0,0,0,0,0,0,0,1
SunExplosion,NonUsable,none,0,0,0,0,0,0,0,0,0,0,0,0,0,0,0,0,1
SunStaff,RangeWeapon,none,0,0,0,0,0,0,0,0,0,0,0,0,0,0,0,0,1
SunStaffProjectile,NonObtainable,none,1,0,0,0,0,0,0,0,0,0,0,0,0,0,0,0,1
SunglassesHelm,Helm,none,0,0,0,0,0,0,0,0,0,0,0,0,0,0,0,0,1
Sunrice,Eatable,none,0,0,0,0,0,0,0,0,0,0,0,0,0,0,0,0,1
SunricePlant,NonObtainable,none,1,0,0,0,0,0,0,1,1,1,1,0,0,1,1,0,1
SunriceRare,Eatable,none,0,0,0,0,0,0,0,0,0,0,0,0,0,0,0,0,1
SunriceSeed,PlaceablePrefab,none,0,0,0,0,0,0,0,1,1,0,1,0,0,0,1,0,1
SurfaceCoral1Large,PlaceablePrefab,none,1,0,0,0,0,0,0,1,1,1,0,0,0,0,0,0,1
SurfaceCoral1Medium,PlaceablePrefab,none,1,0,0,0,0,0,0,1,1,1,0,0,0,0,0,0,1
SurfaceCoral1Small,PlaceablePrefab,none,1,0,0,0,0,0,0,1,1,1,0,0,0,0,0,0,1
SurfaceCoral2Large,PlaceablePrefab,none,1,0,0,0,0,0,0,1,1,1,0,0,0,0,0,0,1
SurfaceCoral2Small,PlaceablePrefab,none,1,0,0,0,0,0,0,1,1,1,0,0,0,0,0,0,1
SurfaceCoral3Large,PlaceablePrefab,none,1,0,0,0,0,0,0,1,1,1,0,0,0,0,0,0,1
SurfaceCoral3Small,PlaceablePrefab,none,1,0,0,0,0,0,0,1,1,1,0,0,0,0,0,0,1
SuspendedButterfly,Valuable,none,0,0,0,0,0,0,0,0,0,0,0,0,0,0,0,0,1
SwampMageBreastArmor,BreastArmor,none,0,0,0,0,0,0,0,0,0,0,0,0,0,0,0,0,1
SwampMageHelm,Helm,none,0,0,0,0,0,0,0,0,0,0,0,0,0,0,0,0,1
SwampMagePantsArmor,PantsArmor,none,0,0,0,0,0,0,0,0,0,0,0,0,0,0,0,0,1
SwiftFeather,Offhand,none,0,0,0,0,0,0,0,0,0,0,0,0,0,0,0,0,1
SwiftRing,Ring,none,0,0,0,0,0,0,0,0,0,0,0,0,0,0,0,0,1
SwimingPantsArmorBlue,PantsArmor,none,0,0,0,0,0,0,0,0,0,0,0,0,0,0,0,0,1
SwimingPantsArmorGreen,PantsArmor,none,0,0,0,0,0,0,0,0,0,0,0,0,0,0,0,0,1
SwimingPantsArmorRed,PantsArmor,none,0,0,0,0,0,0,0,0,0,0,0,0,0,0,0,0,1
TCircuit,PlaceablePrefab,none,1,0,0,0,0,0,0,1,1,1,1,0,0,0,0,0,1
TableSaw,PlaceablePrefab,none,1,0,0,0,0,0,0,1,1,1,0,0,0,0,0,0,1
TallBarnacleGrass,PlaceablePrefab,none,1,0,0,0,0,0,0,1,1,1,0,0,0,0,0,0,1
TallCrystalGrass,PlaceablePrefab,none,1,0,0,0,0,0,0,1,1,1,0,0,0,0,0,0,1
TallGrass,PlaceablePrefab,none,1,0,0,0,0,0,0,1,1,1,0,0,0,0,0,0,1
TallLandKelp,PlaceablePrefab,none,1,0,0,0,0,0,0,1,1,1,0,0,0,0,0,0,1
TamerBreastArmor,BreastArmor,none,0,0,0,0,0,0,0,0,0,0,0,0,0,0,0,0,1
TamerHelm,Helm,none,0,0,0,0,0,0,0,0,0,0,0,0,0,0,0,0,1
TamerNecklace,Necklace,none,0,0,0,0,0,0,0,0,0,0,0,0,0,0,0,0,1
TamerPantsArmor,PantsArmor,none,0,0,0,0,0,0,0,0,0,0,0,0,0,0,0,0,1
TamerRing,Ring,none,0,0,0,0,0,0,0,0,0,0,0,0,0,0,0,0,1
Tapestry,PlaceablePrefab,none,1,0,0,0,0,0,0,1,1,1,0,0,0,0,0,0,1
TealPalaceFish,Eatable,none,0,0,0,0,0,0,0,0,0,0,0,0,0,0,0,0,1
TempleAzeosUrn,PlaceablePrefab,none,1,0,0,0,0,0,0,1,1,1,0,0,0,0,0,0,1
TempleGlyphBlock,PlaceablePrefab,none,1,0,0,0,0,0,0,1,1,1,0,0,0,0,0,0,1
TempleGlyphBlockBroken,PlaceablePrefab,none,1,0,0,0,0,0,0,1,1,1,0,0,0,0,0,0,1
TempleGlyphWall1,PlaceablePrefab,none,1,0,0,0,0,0,0,1,1,1,0,0,0,0,0,0,1
TempleGlyphWall2,PlaceablePrefab,none,1,0,0,0,0,0,0,1,1,1,0,0,0,0,0,0,1
TempleGuardianStatue,PlaceablePrefab,none,1,0,0,0,0,0,0,1,1,1,0,0,0,0,0,0,1
TempleGuardianStatueRaided,PlaceablePrefab,none,1,0,0,0,0,0,0,1,1,1,0,0,0,0,0,0,1
TempleMuralAzeos,NonObtainable,none,1,0,0,0,0,0,0,1,1,1,0,0,0,0,0,0,1
TempleMuralOmoroth,NonObtainable,none,1,0,0,0,0,0,0,1,1,1,0,0,0,0,0,0,1
TempleMuralRaAkar,NonObtainable,none,1,0,0,0,0,0,0,1,1,1,0,0,0,0,0,0,1
TempleOmorothUrn,PlaceablePrefab,none,1,0,0,0,0,0,0,1,1,1,0,0,0,0,0,0,1
TemplePedestal,PlaceablePrefab,none,1,0,0,0,0,0,0,1,1,1,0,0,0,0,0,0,1
TemplePillar,PlaceablePrefab,none,1,0,0,0,0,0,0,1,1,1,0,0,0,0,0,0,1
TempleRaAkarUrn,PlaceablePrefab,none,1,0,0,0,0,0,0,1,1,1,0,0,0,0,0,0,1
TempleThrone,PlaceablePrefab,none,1,0,0,0,0,0,0,1,1,1,0,0,0,0,0,0,1
TempleTurret,PlaceablePrefab,none,1,0,0,0,0,0,0,1,1,1,0,0,0,0,0,0,1
TentacleJerky,Eatable,none,0,0,0,0,0,0,0,0,0,0,0,0,0,0,0,0,1
TentacleTrophy,PlaceablePrefab,none,1,0,0,0,0,0,0,1,1,1,0,0,0,0,0,0,1
TentacleWhip,MeleeWeapon,none,0,0,0,0,0,0,0,0,0,0,0,0,0,0,0,0,1
TerraTrilobite,Eatable,none,0,0,0,0,0,0,0,0,0,0,0,0,0,0,0,0,1
Terrarium,PlaceablePrefab,none,1,0,0,0,0,0,0,1,1,1,0,0,0,0,0,0,1
TerrariumBeach,PlaceablePrefab,none,1,0,0,0,0,0,0,1,1,1,0,0,0,0,0,0,1
TerrariumCrystal,PlaceablePrefab,none,1,0,0,0,0,0,0,1,1,1,0,0,0,0,0,0,1
TerrariumDesert,PlaceablePrefab,none,1,0,0,0,0,0,0,1,1,1,0,0,0,0,0,0,1
TerrariumNature,PlaceablePrefab,none,1,0,0,0,0,0,0,1,1,1,0,0,0,0,0,0,1
TerrariumPassage,PlaceablePrefab,none,1,0,0,0,0,0,0,1,1,1,0,0,0,0,0,0,1
TheCore,NonUsable,none,0,0,0,0,0,0,0,1,1,0,0,0,0,0,0,0,1
ThinWallGlass,PlaceablePrefab,thinWall,1,0,0,0,0,0,0,1,1,1,0,0,1,0,0,0,1
ThornWood,NonObtainable,bigRoot,1,0,0,0,0,1,0,1,1,1,0,0,1,0,0,0,1
ThrowingDaggers,RangeWeapon,none,0,0,0,0,0,0,0,0,0,0,0,0,0,0,0,0,1
Thumper,PlaceablePrefab,none,1,0,0,0,0,0,0,1,1,1,0,0,0,0,0,0,1
TiltedGrave,PlaceablePrefab,none,1,0,0,0,0,0,0,1,1,1,0,0,0,0,0,0,1
TimelessHourglass,Valuable,none,0,0,0,0,0,0,0,0,0,0,0,0,0,0,0,0,1
TinAnvil,PlaceablePrefab,none,1,0,0,0,0,0,0,1,1,1,0,0,0,0,0,0,1
TinAxe,MeleeWeapon,none,0,0,0,0,0,0,0,0,0,0,0,0,0,0,0,0,1
TinBar,NonUsable,none,0,0,0,0,0,0,0,0,0,0,0,0,0,0,0,0,1
TinDagger,MeleeWeapon,none,0,0,0,0,0,0,0,0,0,0,0,0,0,0,0,0,1
TinFishingRod,FishingRod,none,0,0,0,0,0,0,0,0,0,0,0,0,0,0,0,0,1
TinHoe,Hoe,none,0,0,0,0,0,0,0,0,0,0,0,0,0,0,0,0,1
TinMiningPick,MiningPick,none,0,0,0,0,0,0,0,0,0,0,0,0,0,0,0,0,1
TinOre,NonUsable,ore,0,0,0,0,0,0,0,1,1,0,0,0,1,0,0,0,1
TinOreBoulder,PlaceablePrefab,none,1,0,1,0,0,0,1,1,1,1,0,1,0,0,0,0,1
TinShovel,Shovel,none,0,0,0,0,0,0,0,0,0,0,0,0,0,0,0,0,1
TinSledge,Sledge,none,0,0,0,0,0,0,0,0,0,0,0,0,0,0,0,0,1
TinSword,MeleeWeapon,none,0,0,0,0,0,0,0,0,0,0,0,0,0,0,0,0,1
TinWorkbench,PlaceablePrefab,none,1,0,0,0,0,0,0,1,1,1,0,0,0,0,0,0,1
TomeOfFire,SummoningWeapon,none,0,0,0,0,0,0,0,0,0,0,0,0,0,0,0,0,1
TomeOfMelee,SummoningWeapon,none,0,0,0,0,0,0,0,0,0,0,0,0,0,0,0,0,1
TomeOfMining,SummoningWeapon,none,0,0,0,0,0,0,0,0,0,0,0,0,0,0,0,0,1
TomeOfOrbit,SummoningWeapon,none,0,0,0,0,0,0,0,0,0,0,0,0,0,0,0,0,1
TomeOfPoison,SummoningWeapon,none,0,0,0,0,0,0,0,0,0,0,0,0,0,0,0,0,1
TomeOfRadiation,SummoningWeapon,none,0,0,0,0,0,0,0,0,0,0,0,0,0,0,0,0,1
TomeOfRange,SummoningWeapon,none,0,0,0,0,0,0,0,0,0,0,0,0,0,0,0,0,1
TopazRing,Ring,none,0,0,0,0,0,0,0,0,0,0,0,0,0,0,0,0,1
TorcNecklace,Necklace,none,0,0,0,0,0,0,0,0,0,0,0,0,0,0,0,0,1
Torch,PlaceablePrefab,none,1,0,0,0,0,0,0,1,1,1,0,0,0,0,0,0,1
TornisKingfish,Eatable,none,0,0,0,0,0,0,0,0,0,0,0,0,0,0,0,0,1
TowelBreastArmor,BreastArmor,none,0,0,0,0,0,0,0,0,0,0,0,0,0,0,0,0,1
TowerShell,NonObtainable,none,1,0,0,0,0,0,0,1,1,1,0,0,0,0,0,0,1
TowerShellNecklace,Necklace,none,0,0,0,0,0,0,0,0,0,0,0,0,0,0,0,0,1
TrenchcoatBreastArmor,BreastArmor,none,0,0,0,0,0,0,0,0,0,0,0,0,0,0,0,0,1
TriangleTrinket,Valuable,none,0,0,0,0,0,0,0,0,0,0,0,0,0,0,0,0,1
TrinityHeartOrbOffhand,Offhand,none,0,0,0,0,0,0,0,0,0,0,0,0,0,0,0,0,1
TriopsFossil,Valuable,none,0,0,0,0,0,0,0,0,0,0,0,0,0,0,0,0,1
Turtle,Creature,none,1,0,0,0,0,0,0,1,1,0,0,0,0,0,0,0,1
TurtleBaby,Creature,none,1,0,0,0,0,0,0,1,1,0,0,0,0,0,0,0,1
TurtleRock,NonObtainable,none,1,0,0,0,0,0,0,1,1,1,0,0,0,0,0,0,1
TurtleShell,Offhand,none,0,0,0,0,0,0,0,0,0,0,0,0,0,0,0,0,1
TwistedAgate,Valuable,none,0,0,0,0,0,0,0,0,0,0,0,0,0,0,0,0,1
UndergroundElectricityGenerator,PlaceablePrefab,none,1,0,0,0,0,0,0,1,1,1,1,0,0,0,0,0,1
UnleashedCoreCommanderTrophy,PlaceablePrefab,none,1,0,0,0,0,0,0,1,1,1,0,0,0,0,0,0,1
UnlockedKingChest,PlaceablePrefab,none,1,0,0,0,0,0,0,1,1,1,0,0,0,0,0,0,1
UnlockedPrinceChest,PlaceablePrefab,none,1,0,0,0,0,0,0,1,1,1,0,0,0,0,0,0,1
UnlockedQueenChest,PlaceablePrefab,none,1,0,0,0,0,0,0,1,1,1,0,0,0,0,0,0,1
UnusualPotion,Eatable,none,0,0,0,0,0,0,0,0,0,0,0,0,0,0,0,0,1
UpgradeForge,PlaceablePrefab,none,1,0,0,0,0,0,0,1,1,1,0,0,0,0,0,0,1
ValentineCandles,PlaceablePrefab,none,1,0,0,0,0,0,0,1,1,1,0,0,0,0,0,0,1
ValentineChest,PlaceablePrefab,none,1,0,0,0,0,0,0,1,1,1,0,0,0,0,0,0,1
ValentineFloorPetals,PlaceablePrefab,looseFlooring,1,0,0,0,0,0,0,1,1,1,1,0,1,0,0,0,1
ValentineLetter,NonUsable,none,1,1,0,0,0,0,0,1,1,1,1,0,0,0,0,0,1
ValentineNecklace,Necklace,none,0,0,0,0,0,0,0,0,0,0,0,0,0,0,0,0,1
ValentinePainting,PlaceablePrefab,none,1,0,0,0,0,0,0,1,1,1,0,0,0,0,0,0,1
ValentinePlushie,PlaceablePrefab,none,1,0,0,0,0,0,0,1,1,1,0,0,0,0,0,0,1
ValentinePresent,CastingItem,none,0,0,0,0,0,0,0,0,0,0,0,0,0,0,0,0,1
ValentineRing,Ring,none,0,0,0,0,0,0,0,0,0,0,0,0,0,0,0,0,1
ValentineRug,PlaceablePrefab,none,1,0,0,0,0,0,0,1,1,1,1,0,0,0,0,0,1
ValentineWallHearts,PlaceablePrefab,none,1,0,0,0,0,0,0,1,1,1,0,0,0,0,0,0,1
ValentineWorkbench,PlaceablePrefab,none,1,0,0,0,0,0,0,1,1,1,0,0,0,0,0,0,1
ValuableExcavationDisabledDataPad,Valuable,none,0,0,0,0,0,0,0,0,0,0,0,0,0,0,0,0,1
ValuableExcavationRobotLeg,Valuable,none,0,0,0,0,0,0,0,0,0,0,0,0,0,0,0,0,1
ValuableExcavationTotem,Valuable,none,0,0,0,0,0,0,0,0,0,0,0,0,0,0,0,0,1
ValuablePouch,Pouch,none,0,0,0,0,0,0,0,0,0,0,0,0,0,0,0,0,1
VampireCapeBreastArmor,BreastArmor,none,0,0,0,0,0,0,0,0,0,0,0,0,0,0,0,0,1
VampireEel,Eatable,none,0,0,0,0,0,0,0,0,0,0,0,0,0,0,0,0,1
VendingMachine,PlaceablePrefab,none,1,0,0,0,0,0,0,1,1,1,0,0,0,0,0,0,1
VendingMachineBroken,PlaceablePrefab,none,1,0,0,0,0,0,0,1,1,1,0,0,0,0,0,0,1
VerdantDragonfish,Eatable,none,0,0,0,0,0,0,0,0,0,0,0,0,0,0,0,0,1
ViciousRing,Ring,none,0,0,0,0,0,0,0,0,0,0,0,0,0,0,0,0,1
VoidAltarWorkbench,PlaceablePrefab,none,1,0,0,0,0,0,0,1,1,1,0,0,0,0,0,0,1
VoidBomb,PlaceablePrefab,none,1,0,0,0,0,0,0,0,0,0,0,0,0,0,0,0,1
VoidBombMortarPojectile,NonObtainable,none,1,0,0,0,0,0,0,1,1,0,0,0,0,0,0,0,1
VoidCaveling,Creature,none,1,0,0,0,0,1,0,1,1,0,0,0,0,0,0,0,1
VoidCavelingBrute,Creature,none,1,0,0,0,0,1,0,1,1,0,0,0,0,0,0,0,1
VoidCavelingBruteTrophy,PlaceablePrefab,none,1,0,0,0,0,0,0,1,1,1,0,0,0,0,0,0,1
VoidCavelingMinerTrophy,PlaceablePrefab,none,1,0,0,0,0,0,0,1,1,1,0,0,0,0,0,0,1
VoidCavelingShaman,Creature,none,1,0,0,0,0,1,0,1,1,0,0,0,0,0,0,0,1
VoidCavelingShamanProjectile,NonObtainable,none,1,0,0,0,0,0,0,0,0,0,0,0,0,0,0,0,1
VoidCavelingShamanTrophy,PlaceablePrefab,none,1,0,0,0,0,0,0,1,1,1,0,0,0,0,0,0,1
VoidClub,MeleeWeapon,none,0,0,0,0,0,0,0,0,0,0,0,0,0,0,0,0,1
VoidClubTrail,NonObtainable,none,1,0,0,0,0,0,0,0,0,0,0,0,0,0,0,0,1
VoidExplosion,NonUsable,none,0,0,0,0,0,0,0,0,0,0,0,0,0,0,0,0,1
VoidFusedBreastArmor,BreastArmor,none,0,0,0,0,0,0,0,0,0,0,0,0,0,0,0,0,1
VoidFusedExplosion,NonUsable,none,0,0,0,0,0,0,0,0,0,0,0,0,0,0,0,0,1
VoidFusedHelm,Helm,none,0,0,0,0,0,0,0,0,0,0,0,0,0,0,0,0,1
VoidFusedPantsArmor,PantsArmor,none,0,0,0,0,0,0,0,0,0,0,0,0,0,0,0,0,1
VoidHydraHeart,Eatable,none,0,0,0,0,0,0,0,0,0,0,0,0,0,0,0,0,1
VoidLarva,Creature,none,1,0,0,0,0,1,0,1,1,0,0,0,0,0,0,0,1
VoidLarvaCocoon,Creature,none,1,0,0,0,0,1,0,1,1,0,0,0,0,0,0,0,1
VoidLarvaCocoonTrophy,PlaceablePrefab,none,1,0,0,0,0,0,0,1,1,1,0,0,0,0,0,0,1
VoidLarvaTrophy,PlaceablePrefab,none,1,0,0,0,0,0,0,1,1,1,0,0,0,0,0,0,1
VoidMerchant,Creature,none,1,0,0,0,0,0,0,1,1,0,0,0,0,0,0,0,1
VoidMerchantIdol,PlaceablePrefab,none,1,0,0,0,0,0,0,1,1,1,0,0,0,0,0,0,1
VoidNeuronCicada,NonUsable,none,0,0,0,0,0,0,0,0,0,0,0,0,0,0,0,0,1
VoidNeuronRobotBoss,NonUsable,none,0,0,0,0,0,0,0,0,0,0,0,0,0,0,0,0,1
VoidOrbGun,RangeWeapon,none,0,0,0,0,0,0,0,0,0,0,0,0,0,0,0,0,1
VoidOrbGunProjectile,NonObtainable,none,1,0,0,0,0,0,0,0,0,0,0,0,0,0,0,0,1
VoidRift,Creature,none,1,0,0,0,0,0,0,0,0,0,0,0,0,0,0,0,1
WallAlienBlock,PlaceablePrefab,wall,1,0,0,0,0,1,0,1,1,1,0,0,1,0,0,0,1
WallBoss,Creature,none,1,0,0,0,1,1,0,1,1,0,0,0,0,0,0,0,1
WallBossBulb,Creature,none,1,0,0,1,0,0,0,0,0,0,0,0,0,0,0,0,1
WallBossChest,PlaceablePrefab,none,1,0,0,0,0,0,0,1,1,1,0,0,0,0,0,0,1
WallBossHead,Creature,none,1,0,0,1,0,0,0,0,0,0,0,0,0,0,0,0,1
WallBossScanner,CastingItem,none,0,0,0,0,0,0,0,0,0,0,0,0,0,0,0,0,1
WallBossSummoningItem,CastingItem,none,1,0,0,0,0,0,0,1,1,1,0,0,0,0,0,0,1
WallBossTrophy,PlaceablePrefab,none,1,0,0,0,0,0,0,1,1,1,0,0,0,0,0,0,1
WallCityBlock,PlaceablePrefab,wall,1,0,0,0,0,1,0,1,1,1,0,0,1,0,0,0,1
WallClayBlock,PlaceablePrefab,wall,1,0,0,0,0,1,0,1,1,1,0,0,1,0,0,0,1
WallCoralBlock,PlaceablePrefab,wall,1,0,0,0,0,1,0,1,1,1,0,0,1,0,0,0,1
WallCrystalBlock,PlaceablePrefab,wall,1,0,0,0,0,1,0,1,1,1,0,0,1,0,0,0,1
WallDarkStoneBlock,PlaceablePrefab,wall,1,0,0,0,0,1,0,1,1,1,0,0,1,0,0,0,1
WallDesertBlock,PlaceablePrefab,wall,1,0,0,0,0,1,0,1,1,1,0,0,1,0,0,0,1
WallDesertExplosiveBlock,PlaceablePrefab,wall,1,0,0,0,0,1,0,1,1,1,0,0,1,0,0,0,1
WallDesertTempleBlock,PlaceablePrefab,wall,1,0,0,0,0,1,0,1,1,1,0,0,1,0,0,0,1
WallDesertTempleBlock2,PlaceablePrefab,wall,1,0,0,0,0,1,0,1,1,1,0,0,1,0,0,0,1
WallDirtBlock,PlaceablePrefab,wall,1,0,0,0,0,1,0,1,1,1,0,0,1,0,0,0,1
WallEerieBlock,PlaceablePrefab,wall,1,0,0,0,0,1,0,1,1,1,0,0,1,0,0,0,1
WallExcavationBlock,PlaceablePrefab,wall,1,0,0,0,0,1,0,1,1,1,0,0,1,0,0,0,1
WallExcavationBorderBlock,PlaceablePrefab,wall,1,0,0,0,0,1,0,1,1,1,0,0,1,0,0,0,1
WallExcavationDungeonBlock,PlaceablePrefab,wall,1,0,0,0,0,1,0,1,1,1,0,0,1,0,0,0,1
WallExcavationRockBlock,PlaceablePrefab,wall,1,0,0,0,0,1,0,1,1,1,0,0,1,0,0,0,1
WallExcavationVoidBlock,PlaceablePrefab,wall,1,0,0,0,0,1,0,1,1,1,0,0,1,0,0,0,1
WallExplosiveBlock,PlaceablePrefab,wall,1,0,0,0,0,1,0,1,1,1,0,0,1,0,0,0,1
WallForestExplosiveBlock,PlaceablePrefab,wall,1,0,0,0,0,1,0,1,1,1,0,0,1,0,0,0,1
WallGalaxiteBlock,PlaceablePrefab,wall,1,0,0,0,0,1,0,1,1,1,0,0,1,0,0,0,1
WallGauge,PlaceablePrefab,none,1,0,0,0,0,0,0,1,1,1,0,0,0,0,0,0,1
WallGlassBlock,PlaceablePrefab,wall,1,0,0,0,0,1,0,1,1,1,0,0,1,0,0,0,1
WallGleamWoodBlock,PlaceablePrefab,wall,1,0,0,0,0,1,0,1,1,1,0,0,1,0,0,0,1
WallGrass,NonObtainable,wallGrass,0,0,0,0,0,0,0,1,1,0,0,0,1,0,0,0,1
WallGrassBlock,PlaceablePrefab,wall,1,0,0,0,0,1,0,1,1,1,0,0,1,0,0,0,1
WallHiveBlock,PlaceablePrefab,wall,1,0,0,0,0,1,0,1,1,1,0,0,1,0,0,0,1
WallLavaBlock,PlaceablePrefab,wall,1,0,0,0,0,1,0,1,1,1,0,0,1,0,0,0,1
WallLightBulb,PlaceablePrefab,none,1,0,0,0,0,0,0,1,1,1,0,0,0,0,0,0,1
WallLimestoneBlock,PlaceablePrefab,wall,1,0,0,0,0,1,0,1,1,1,0,0,1,0,0,0,1
WallMeadowBlock,PlaceablePrefab,wall,1,0,0,0,0,1,0,1,1,1,0,0,1,0,0,0,1
WallMetalSheet,PlaceablePrefab,none,1,0,0,0,0,0,0,1,1,1,0,0,0,0,0,0,1
WallMoldBlock,PlaceablePrefab,wall,1,0,0,0,0,1,0,1,1,1,0,0,1,0,0,0,1
WallNaturalExplosiveBlock,PlaceablePrefab,wall,1,0,0,0,0,1,0,1,1,1,0,0,1,0,0,0,1
WallOasisBlock,PlaceablePrefab,wall,1,0,0,0,0,1,0,1,1,1,0,0,1,0,0,0,1
WallObsidianBlock,PlaceablePrefab,wall,1,0,0,0,0,1,0,1,1,1,0,0,1,0,0,0,1
WallPaintableBlock,PlaceablePrefab,wall,1,0,0,0,0,1,0,1,1,1,0,0,1,0,0,0,1
WallPassageBlock,PlaceablePrefab,wall,1,0,0,0,0,1,0,1,1,1,0,0,1,0,0,0,1
WallSandBlock,PlaceablePrefab,wall,1,0,0,0,0,1,0,1,1,1,0,0,1,0,0,0,1
WallScarletBlock,PlaceablePrefab,wall,1,0,0,0,0,1,0,1,1,1,0,0,1,0,0,0,1
WallSnowBlock,PlaceablePrefab,wall,1,0,0,0,0,1,0,1,1,1,0,0,1,0,0,0,1
WallStoneBlock,PlaceablePrefab,wall,1,0,0,0,0,1,0,1,1,1,0,0,1,0,0,0,1
WallStoneBricksBlock,PlaceablePrefab,wall,1,0,0,0,0,1,0,1,1,1,0,0,1,0,0,0,1
WallStrawBlock,PlaceablePrefab,wall,1,0,0,0,0,1,0,1,1,1,0,0,1,0,0,0,1
WallThermostat,PlaceablePrefab,none,1,0,0,0,0,0,0,1,1,1,0,0,0,0,0,0,1
WallTurfBlock,PlaceablePrefab,wall,1,0,0,0,0,1,0,1,1,1,0,0,1,0,0,0,1
WallWoodBlock,PlaceablePrefab,wall,1,0,0,0,0,1,0,1,1,1,0,0,1,0,0,0,1
WashBasin,PlaceablePrefab,none,1,0,0,0,0,0,0,1,1,1,0,0,0,0,0,0,1
Water,NonObtainable,water,0,0,0,0,0,0,0,1,1,0,0,0,1,0,0,0,1
WaterCan,WaterCan,none,0,0,0,0,0,0,0,0,0,0,0,0,0,0,0,0,1
WaterKelp,PlaceablePrefab,none,0,0,0,0,0,0,0,1,1,0,1,0,0,0,0,0,1
WaterLily,PlaceablePrefab,none,0,0,0,0,0,0,0,1,1,0,1,0,0,0,0,0,1
WaterReed,PlaceablePrefab,none,1,0,0,0,0,0,0,1,1,1,0,0,0,0,0,0,1
WaterWell,PlaceablePrefab,none,1,0,0,0,0,0,0,1,1,1,0,0,0,0,0,0,1
WateredClayGround,NonObtainable,wateredGround,0,0,0,0,0,0,0,1,1,0,1,0,1,0,0,0,1
WateredCrystalGround,NonObtainable,wateredGround,0,0,0,0,0,0,0,1,1,0,1,0,1,0,0,0,1
WateredGround,NonObtainable,wateredGround,0,0,0,0,0,0,0,1,1,0,1,0,1,0,0,0,1
WateredMeadowGround,NonObtainable,wateredGround,0,0,0,0,0,0,0,1,1,0,1,0,1,0,0,0,1
WateredMoldGround,NonObtainable,wateredGround,0,0,0,0,0,0,0,1,1,0,1,0,1,0,0,0,1
WateredNatureGround,NonObtainable,wateredGround,0,0,0,0,0,0,0,1,1,0,1,0,1,0,0,0,1
WateredOasisGround,NonObtainable,wateredGround,0,0,0,0,0,0,0,1,1,0,1,0,1,0,0,0,1
WateredSeaGround,NonObtainable,wateredGround,0,0,0,0,0,0,0,1,1,0,1,0,1,0,0,0,1
WateredStoneGround,NonObtainable,wateredGround,0,0,0,0,0,0,0,1,1,0,1,0,1,0,0,0,1
WateredTurfGround,NonObtainable,wateredGround,0,0,0,0,0,0,0,1,1,0,1,0,1,0,0,0,1
WayPoint,PlaceablePrefab,none,1,0,0,0,0,0,0,1,1,1,0,0,0,0,0,0,1
WeddingDressArmor,BreastArmor,none,0,0,0,0,0,0,0,0,0,0,0,0,0,0,0,0,1
WeddingHelm,Helm,none,0,0,0,0,0,0,0,0,0,0,0,0,0,0,0,0,1
Wheelbarrow,PlaceablePrefab,none,1,0,0,0,0,0,0,1,1,1,0,0,0,0,0,0,1
WhiteCherryFlower,CastingItem,none,1,1,0,0,0,0,0,1,1,1,1,0,0,0,0,0,1
WhiteCherryTree,PlaceablePrefab,none,1,0,0,0,0,0,0,1,1,1,0,0,0,0,0,0,1
WhiteCoralotl,Eatable,none,0,0,0,0,0,0,0,0,0,0,0,0,0,0,0,0,1
WhiteGlassRing,Ring,none,0,0,0,0,0,0,0,0,0,0,0,0,0,0,0,0,1
WhiteRoseBouquet,PlaceablePrefab,none,1,0,0,0,0,0,0,1,1,1,0,0,0,0,0,0,1
WhiteWhistle,Valuable,none,0,0,0,0,0,0,0,0,0,0,0,0,0,0,0,0,1
WinterBell,Valuable,none,0,0,0,0,0,0,0,0,0,0,0,0,0,0,0,0,1
WinterCookies,Eatable,none,0,0,0,0,0,0,0,0,0,0,0,0,0,0,0,0,1
WinterDinner,Eatable,none,0,0,0,0,0,0,0,0,0,0,0,0,0,0,0,0,1
WitchDoctorBreastArmor,BreastArmor,none,0,0,0,0,0,0,0,0,0,0,0,0,0,0,0,0,1
WitchDoctorHelm,Helm,none,0,0,0,0,0,0,0,0,0,0,0,0,0,0,0,0,1
WitchDoctorPantsArmor,PantsArmor,none,0,0,0,0,0,0,0,0,0,0,0,0,0,0,0,0,1
WonkyMinecart,PlaceablePrefab,none,1,0,0,0,0,0,0,1,1,1,0,0,0,0,0,0,1
Wood,NonUsable,bigRoot,1,0,0,0,0,1,0,1,1,1,0,0,1,0,0,0,1
WoodArrowProjectile,NonObtainable,none,1,0,0,0,0,0,0,0,0,0,0,0,0,0,0,0,1
WoodBoltProjectile,NonObtainable,none,1,0,0,0,0,0,0,0,0,0,0,0,0,0,0,0,1
WoodBow,RangeWeapon,none,0,0,0,0,0,0,0,0,0,0,0,0,0,0,0,0,1
WoodBreastArmor,BreastArmor,none,0,0,0,0,0,0,0,0,0,0,0,0,0,0,0,0,1
WoodBridge,PlaceablePrefab,bridge,1,0,0,0,0,0,0,1,1,1,1,0,1,0,0,0,1
WoodCrossbow,RangeWeapon,none,0,0,0,0,0,0,0,0,0,0,0,0,0,0,0,0,1
WoodDoor,PlaceablePrefab,none,1,0,0,0,0,0,0,1,1,1,0,0,0,0,0,0,1
WoodFence,PlaceablePrefab,fence,1,0,0,0,0,0,0,1,1,1,0,0,1,0,0,0,1
WoodFenceGate,PlaceablePrefab,none,1,0,0,0,0,0,0,1,1,1,0,0,0,0,0,0,1
WoodFishingRod,FishingRod,none,0,0,0,0,0,0,0,0,0,0,0,0,0,0,0,0,1
WoodFloor,PlaceablePrefab,floor,1,0,0,0,0,0,0,1,1,1,1,0,1,0,0,0,1
WoodHelm,Helm,none,0,0,0,0,0,0,0,0,0,0,0,0,0,0,0,0,1
WoodHoe,Hoe,none,0,0,0,0,0,0,0,0,0,0,0,0,0,0,0,0,1
WoodMiningPick,MiningPick,none,0,0,0,0,0,0,0,0,0,0,0,0,0,0,0,0,1
WoodPantsArmor,PantsArmor,none,0,0,0,0,0,0,0,0,0,0,0,0,0,0,0,0,1
WoodPillar,PlaceablePrefab,none,1,0,0,0,0,0,0,1,1,1,0,0,0,0,0,0,1
WoodShield,Offhand,none,0,0,0,0,0,0,0,0,0,0,0,0,0,0,0,0,1
WoodShovel,Shovel,none,0,0,0,0,0,0,0,0,0,0,0,0,0,0,0,0,1
WoodSpikeTrap,PlaceablePrefab,none,1,0,0,0,0,0,0,1,1,1,1,0,0,0,0,0,1
WoodStool,PlaceablePrefab,none,1,0,0,0,0,0,0,1,1,1,0,0,0,0,0,0,1
WoodSword,MeleeWeapon,none,0,0,0,0,0,0,0,0,0,0,0,0,0,0,0,0,1
WoodTable,PlaceablePrefab,none,1,0,0,0,0,0,0,1,1,1,0,0,0,0,0,0,1
WoodenDestructible,PlaceablePrefab,none,1,0,1,0,0,1,0,1,1,1,1,0,0,0,0,0,1
WoodenDestructibleDebris,NonObtainable,debris,0,0,0,0,0,0,0,1,1,0,0,0,1,0,0,0,1
WoodenRing,Ring,none,0,0,0,0,0,0,0,0,0,0,0,0,0,0,0,0,1
WoodenSign1,PlaceablePrefab,none,1,0,0,0,0,0,0,1,1,1,0,0,0,0,0,0,1
WoodenSign2,PlaceablePrefab,none,1,0,0,0,0,0,0,1,1,1,0,0,0,0,0,0,1
WoodenThornRing,Ring,none,0,0,0,0,0,0,0,0,0,0,0,0,0,0,0,0,1
WoodenWorkBench,PlaceablePrefab,none,1,0,0,0,0,0,0,1,1,1,0,0,0,0,0,0,1
Wool,NonUsable,none,0,0,0,0,0,0,0,0,0,0,0,0,0,0,0,0,1
WorkerHandcuff,Valuable,none,0,0,0,0,0,0,0,0,0,0,0,0,0,0,0,0,1
WormSegment,Creature,none,1,0,0,0,0,1,0,1,1,0,0,0,0,0,0,0,1
WormSegmentTail,NonObtainable,none,1,0,0,0,0,1,0,1,1,0,0,0,0,0,0,0,1
WormSulfurExplosion,NonUsable,none,0,0,0,0,0,0,0,0,0,0,0,0,0,0,0,0,1
WorshipMural,NonObtainable,none,1,0,0,0,0,0,0,1,1,1,0,0,0,0,0,0,1
WovenMat,PlaceablePrefab,rug,1,0,0,0,0,0,0,1,1,1,1,0,1,0,0,0,1
WovenStrawFloor,PlaceablePrefab,floor,1,0,0,0,0,0,0,1,1,1,1,0,1,0,0,0,1
YellowBlisterHead,Eatable,none,0,0,0,0,0,0,0,0,0,0,0,0,0,0,0,0,1
YellowFirefly,Critter,none,1,0,1,0,0,0,0,1,1,1,0,0,0,0,0,1,1
YellowKelp,Eatable,none,0,0,0,0,0,0,0,0,0,0,0,0,0,0,0,0,1
ZealotSword,MeleeWeapon,none,0,0,0,0,0,0,0,0,0,0,0,0,0,0,0,0,1
