fileID,assembly,fullName
13554170,Pug.Automation,Pug.Automation.PugAutomationCraftingSystemGroup
675144191,Pug.Automation,Pug.Automation.PugAutomationFinishCraftingSystemGroup
146934636,Pug.Automation,Pug.Automation.PugAutomationStartCraftSystemGroup
1439412704,Pug.Automation,Pug.Automation.PugElectricityInstantiateSystem
-42345036,Pug.Automation,Pug.Automation.RunWithoutJobSystem_0000053D
-1564952751,Pug.Automation,Pug.Automation.RunWithoutJobSystem_00000541
1929855499,Pug.Automation,Pug.Automation.RunWithoutJobSystem_00000545
-401719702,Pug.Automation,Pug.Automation.RunWithoutJobSystem_00000549
1542899959,Pug.Automation,Pug.Automation.__codegen__OnCreate_0000003A
219298524,Pug.Automation,Pug.Automation.__codegen__OnCreate_00000072
1702595312,Pug.Automation,Pug.Automation.__codegen__OnCreate_000000A5
-633692972,Pug.Automation,Pug.Automation.__codegen__OnCreate_000000D7
1907886035,Pug.Automation,Pug.Automation.__codegen__OnCreate_00000109
1548978561,Pug.Automation,Pug.Automation.__codegen__OnCreate_0000013C
1440627012,Pug.Automation,Pug.Automation.__codegen__OnCreate_00000189
235552675,Pug.Automation,Pug.Automation.__codegen__OnCreate_000001B9
-719387488,Pug.Automation,Pug.Automation.__codegen__OnCreate_000001E7
1655957706,Pug.Automation,Pug.Automation.__codegen__OnCreate_00000215
1328684532,Pug.Automation,Pug.Automation.__codegen__OnCreate_00000243
-167450764,Pug.Automation,Pug.Automation.__codegen__OnCreate_00000288
-492237405,Pug.Automation,Pug.Automation.__codegen__OnCreate_0000055D
-693909072,Pug.Automation,Pug.Automation.__codegen__OnDestroy_0000013E
338000380,Pug.Automation,Pug.Automation.__codegen__OnDestroy_0000028A
-139494262,Pug.Automation,Pug.Automation.__codegen__OnDestroy_0000055F
-142769787,Pug.Automation,Pug.Automation.__codegen__OnStartRunning_0000003C
-1643090945,Pug.Automation,Pug.Automation.__codegen__OnStartRunning_00000075
-2113236250,Pug.Automation,Pug.Automation.__codegen__OnStartRunning_000000A7
1004980675,Pug.Automation,Pug.Automation.__codegen__OnStartRunning_000000D9
1377631125,Pug.Automation,Pug.Automation.__codegen__OnStartRunning_0000010B
348100293,Pug.Automation,Pug.Automation.__codegen__OnStartRunning_0000018B
-1532515075,Pug.Automation,Pug.Automation.__codegen__OnStartRunning_0000028B
112475083,Pug.Automation,Pug.Automation.__codegen__OnStopRunning_0000028C
84766239,Pug.Automation,Pug.Automation.__codegen__OnUpdate_0000003B
-120355909,Pug.Automation,Pug.Automation.__codegen__OnUpdate_00000073
-369300994,Pug.Automation,Pug.Automation.__codegen__OnUpdate_000000A6
1184341649,Pug.Automation,Pug.Automation.__codegen__OnUpdate_000000D8
1850256566,Pug.Automation,Pug.Automation.__codegen__OnUpdate_0000010A
-641354103,Pug.Automation,Pug.Automation.__codegen__OnUpdate_0000013D
1045275098,Pug.Automation,Pug.Automation.__codegen__OnUpdate_0000018A
-752903666,Pug.Automation,Pug.Automation.__codegen__OnUpdate_000001BA
241721227,Pug.Automation,Pug.Automation.__codegen__OnUpdate_000001E8
-2021594550,Pug.Automation,Pug.Automation.__codegen__OnUpdate_00000216
-1189873829,Pug.Automation,Pug.Automation.__codegen__OnUpdate_00000244
-621365376,Pug.Automation,Pug.Automation.__codegen__OnUpdate_00000289
40439301,Pug.Automation,Pug.Automation.__codegen__OnUpdate_0000055E
348058110,Pug.Automation,Pug.Automation.__codegen__OnUpdate_0000064A
-1815552678,Pug.Automation,UnitySourceGeneratedAssemblyMonoScriptTypes_v1
1278011170,Pug.Automation,__JobReflectionRegistrationOutput__9444841269806480932
1613514872,Pug.Automation,__UnmanagedPostProcessorOutput__9444841269806480932
342295054,Pug.Automation,__codegen__OnUpdate_00000008
-295086804,Pug.Automation.Authoring,AutomatedApplyFilterForMoversAuthoring
693585436,Pug.Automation.Authoring,AutomatedHarvestAndMoverAuthoring
-1386052950,Pug.Automation.Authoring,AutomatedMoveAndPlanterAuthoring
-1105911412,Pug.Automation.Authoring,AutomatedMoverSharedAuthoring
531418640,Pug.Automation.Authoring,Pug.Automation.AffectedByAutomationAuthoring
-1632074425,Pug.Automation.Authoring,Pug.Automation.AutomatedCrafterAuthoring
458921170,Pug.Automation.Authoring,Pug.Automation.AutomatedHarvestablePlantAuthoring
-12734460,Pug.Automation.Authoring,Pug.Automation.AutomatedMineableAuthoring
-518066367,Pug.Automation.Authoring,Pug.Automation.AutomatedMinerAuthoring
1500225243,Pug.Automation.Authoring,Pug.Automation.AutomatedMoverAuthoring
427307091,Pug.Automation.Authoring,Pug.Automation.AutomatedPlantableSeedAuthoring
-993501624,Pug.Automation.Authoring,Pug.Automation.AutomatedStorageAuthoring
-775665477,Pug.Automation.Authoring,Pug.Automation.CritterCatcherCatchableAuthoring
1452735546,Pug.Automation.Authoring,Pug.Automation.ElectricityAuthoring
1189583719,Pug.Automation.Components,Pug.Automation.Components.Generated.__codegen__OnUpdate_00000027
2026284830,Pug.Automation.Components,Pug.Automation.MoverUtilities
479500365,Pug.Automation.Components,__UnmanagedPostProcessorOutput__9408515948795329174
-1515720314,Pug.Base,AnimID
-1466617080,Pug.Base,BackgroundInfo
-1839997195,Pug.Base,BackgroundInfoBank
1317026818,Pug.Base,BiomeLayers
674426775,Pug.Base,BiomeLootTables
328609245,Pug.Base,BiomesTable
1888927483,Pug.Base,BodySkinCollectionDataBlock
1845929242,Pug.Base,BodySkinDataBlock
908498004,Pug.Base,BreastArmorSkinCollectionDataBlock
-2095689814,Pug.Base,BreastArmorSkinDataBlock
-611817766,Pug.Base,CompassDirectionExtensions
-29900315,Pug.Base,ConditionCategory
-299622337,Pug.Base,ConditionsTable
-873621251,Pug.Base,Constants
1416872094,Pug.Base,ContentBundleDataBlock
668994224,Pug.Base,CraftingObject
-452666572,Pug.Base,CreditsData
1431996126,Pug.Base,CreditsEntry
49634712,Pug.Base,EnvironmentEventsTable
-380515175,Pug.Base,EnvironmentSpawnData
835301233,Pug.Base,EnvironmentSpawnObject
-810392628,Pug.Base,EnvironmentSpawnObjectsTable
-647721337,Pug.Base,ExtraLootAtStartTable
385247714,Pug.Base,EyesSkinCollectionDataBlock
-938363731,Pug.Base,EyesSkinDataBlock
574903394,Pug.Base,FactionsLookUp
825724598,Pug.Base,FishingTable
-2077015389,Pug.Base,HairSkinCollectionDataBlock
1459646310,Pug.Base,HairSkinDataBlock
-468561747,Pug.Base,HelmSkinCollectionDataBlock
857666313,Pug.Base,HelmSkinDataBlock
142900682,Pug.Base,InventoryAuxDataComponentAttribute
790783068,Pug.Base,ItemOverridesTable
1705208611,Pug.Base,LanguageGender
891954248,Pug.Base,LevelScaling
-1940766301,Pug.Base,LootInfo
785336054,Pug.Base,LootTable
206887757,Pug.Base,LootTableBank
-1346921604,Pug.Base,Melody
570099161,Pug.Base,ObjectIDExtensions
1146855989,Pug.Base,ObjectInfo
-565537477,Pug.Base,ObjectLayerID
1889082937,Pug.Base,ObjectLayerMask
-930839439,Pug.Base,ObjectTypeUtility
-37492466,Pug.Base,PantsArmorSkinCollectionDataBlock
-324346736,Pug.Base,PantsArmorSkinDataBlock
-1042653109,Pug.Base,PantsSkinCollectionDataBlock
-211787141,Pug.Base,PantsSkinDataBlock
1220910726,Pug.Base,ParticleEffectID
-140829234,Pug.Base,PerformanceDeviceProfile
409190061,Pug.Base,PetInfosTable
115201841,Pug.Base,PetSkin
-472736013,Pug.Base,PetSkinInfo
521176680,Pug.Base,PhysicsLayerID
266138361,Pug.Base,PlatformConfiguration
-65561106,Pug.Base,PlayerCustomizationTableDataBlock
-403441069,Pug.Base,PlayerEquipment.EquipmentSlotUtility
-119740040,Pug.Base,PlayerKeyArtTable
-1777205127,Pug.Base,PrefabInfo
735433661,Pug.Base,PugTextEditorLanguage
-1193894063,Pug.Base,PugTilemap.TileData
-1881003301,Pug.Base,PugTilemap.TileTypeUtility
-769792378,Pug.Base,ReplacementColorCollectionDataBlock
1617458896,Pug.Base,ReplacementColorDataBlock
612659698,Pug.Base,RespawnData
1399825528,Pug.Base,RolePerksTable
1753636431,Pug.Base,SeasonDates
-1456757896,Pug.Base,SeasonsDate
1985430363,Pug.Base,SeasonsDateWithYear
1963104710,Pug.Base,SeasonsTable
-2057219298,Pug.Base,SessionConfiguration
-1658230497,Pug.Base,SfxTableID
-230035974,Pug.Base,ShirtSkinCollectionDataBlock
-438615766,Pug.Base,ShirtSkinDataBlock
-1091196728,Pug.Base,SkillIcon
749733734,Pug.Base,SkillIconsTable
1873819090,Pug.Base,SkillTalentsTable
-462502990,Pug.Base,SkinBaseDataBlock
812981323,Pug.Base,SortingLayerID
-657030064,Pug.Base,SourceColorDataBlock
1756820737,Pug.Base,SpriteTempEffectID
918007241,Pug.Base,UpgradeCost
329390376,Pug.Base,UpgradeCosts
-790903041,Pug.Base,UpgradeCostsTable
537299584,Pug.Base,WeaponEffect
1273082701,Pug.Base,WeaponEffectsTable
-496039458,Pug.Base,WorldInfoTable
-466043574,Pug.ColorCycling,Pattern
670798764,Pug.ColorCycling,PugColorCyclingAutoPlay
2061937984,Pug.ColorCycling,PugColorCyclingController
168384508,Pug.ColorCycling,PugColorCyclingData
-2062461817,Pug.ColorCycling,PugColorCyclingHolder
920502926,Pug.ECS.Authoring,AchievementTrackerAuthoring
2006179823,Pug.ECS.Authoring,ActAsDestructibleWhileAboveHealthThresholdAuthoring
-1727328638,Pug.ECS.Authoring,ActAsLightSourceWhenHeldInHandAuthoring
-541158633,Pug.ECS.Authoring,ActivatedByElectricityStateAuthoring
-1603747242,Pug.ECS.Authoring,ActivatedContentBundlesAuthoring
643669860,Pug.ECS.Authoring,AdaptiveEntityBufferAuthoring
208119847,Pug.ECS.Authoring,AddForceToNearbyEntitiesAuthoring
1860600081,Pug.ECS.Authoring,AffectObjectWhenMelodyPlayedAuthoring
1387246920,Pug.ECS.Authoring,AlertEmoteStateAuthoring
363721826,Pug.ECS.Authoring,AlwaysDropOneAuthoring
-782887090,Pug.ECS.Authoring,AlwaysDropVariationZeroAuthoring
2050211411,Pug.ECS.Authoring,AncientElectricityConnectionAuthoring
948936897,Pug.ECS.Authoring,AnimationSpeedAuthoring
22310068,Pug.ECS.Authoring,AnvilAuthoring
1462739941,Pug.ECS.Authoring,AreaLevelAuthoring
-1709528542,Pug.ECS.Authoring,AttackContinuouslyAuthoring
-1164075576,Pug.ECS.Authoring,AttackableWithMeleeAuthoring
-1499917906,Pug.ECS.Authoring,AuraDistanceOverrideAuthoring
157903356,Pug.ECS.Authoring,BaitOnAPoleAuthoring
1599999165,Pug.ECS.Authoring,BeDestroyedAlongWithOwnerAuthoring
-821891033,Pug.ECS.Authoring,BeamAttackStateAuthoring
2052244950,Pug.ECS.Authoring,BeamWeaponAuthoring
806473537,Pug.ECS.Authoring,BedAuthoring
-1503963009,Pug.ECS.Authoring,BehaviourAuthoring
-1224447016,Pug.ECS.Authoring,BehaviourTagsAuthoring
-890612395,Pug.ECS.Authoring,BiomesTableAuthoring
-135269701,Pug.ECS.Authoring,BirdBossAuthoring
695057897,Pug.ECS.Authoring,BirdBossBeamAuthoring
2133939097,Pug.ECS.Authoring,BoatAuthoring
-1703100865,Pug.ECS.Authoring,BossAuthoring
1322181004,Pug.ECS.Authoring,BossLarvaAuthoring
1968658321,Pug.ECS.Authoring,BossLarvaSpawnStateAuthoring
-1512201804,Pug.ECS.Authoring,BossSpawnLocationAuthoring
-490498651,Pug.ECS.Authoring,BossStatueAuthoring
466673081,Pug.ECS.Authoring,BreedStateAuthoring
-310252202,Pug.ECS.Authoring,BreedToggleAuthoring
27587792,Pug.ECS.Authoring,BushStateAuthoring
-1309124531,Pug.ECS.Authoring,CanBeControlledByOtherEntityAuthoring
-1905178955,Pug.ECS.Authoring,CanBeDiscoveredAuthoring
1627153480,Pug.ECS.Authoring,CanBePickedUpAuthoring
-1728049361,Pug.ECS.Authoring,CanBeRemovedByWaterAuthoring
1248741986,Pug.ECS.Authoring,CanBeScannedAuthoring
-159987593,Pug.ECS.Authoring,CanClaimBedAuthoring
527139927,Pug.ECS.Authoring,CantBeAttackedAuthoring
-493020481,Pug.ECS.Authoring,CantBeSoldAuthoring
-2014588969,Pug.ECS.Authoring,CastItemAuthoring
-163262979,Pug.ECS.Authoring,CattleAuthoring
-1132365811,Pug.ECS.Authoring,CavelingNatureTerritorySpawnerAuthoring
-1889085602,Pug.ECS.Authoring,CavelingTerritorySpawnerAuthoring
-1114969725,Pug.ECS.Authoring,ChanceToApplyConditionToSelfWhenDamagedAuthoring
-98526386,Pug.ECS.Authoring,ChangeVariationAfterTimeAuthoring
-214662344,Pug.ECS.Authoring,ChangeVariationWhenContainingObjectAuthoring
1935574122,Pug.ECS.Authoring,ChangeVariationWhenObjectNearbyAuthoring
1873143841,Pug.ECS.Authoring,ChangeVariationWhenPlayerHoldObjectNearbyAuthoring
2143957168,Pug.ECS.Authoring,ChangeVariationWhenTookDamageAuthoring
106068198,Pug.ECS.Authoring,ChargeAttackRotateToTargetData
1529200526,Pug.ECS.Authoring,ChargeAttackStateAuthoring
-1777273319,Pug.ECS.Authoring,ChaseStateAuthoring
-117752678,Pug.ECS.Authoring,CherryBlossomTreeAuthoring
-1095940149,Pug.ECS.Authoring,CicadaBossAuthoring
2134936437,Pug.ECS.Authoring,CicadaNymphAuthoring
1014227598,Pug.ECS.Authoring,ClientBiomeSamplesAuthoring
695055645,Pug.ECS.Authoring,ClientSubMapAuthoring
-1197329222,Pug.ECS.Authoring,CoinAmountAuthoring
-850277017,Pug.ECS.Authoring,CombatEmoteStateAuthoring
-4376952,Pug.ECS.Authoring,CombatRadiusAuthoring
525547344,Pug.ECS.Authoring,CombatantsTrackerAuthoring
-2068848822,Pug.ECS.Authoring,CommandMinionWeaponAuthoring
-49844811,Pug.ECS.Authoring,ConditionByChance
143553765,Pug.ECS.Authoring,ConditionWithRandomChance
-1369191646,Pug.ECS.Authoring,ConditionsTableAuthoring
-1869734531,Pug.ECS.Authoring,ConsumesManaAuthoring
-1517720800,Pug.ECS.Authoring,ConvertToInterpolatedGhostAfterSpawnAuthoring
-1629495369,Pug.ECS.Authoring,ConvertToTileAuthoring
1829958836,Pug.ECS.Authoring,CookedFoodAuthoring
1882760820,Pug.ECS.Authoring,CookingIngredientAuthoring
-1263341004,Pug.ECS.Authoring,CooldownAuthoring
1995454296,Pug.ECS.Authoring,CoreAttentionMarkerAuthoring
1043921067,Pug.ECS.Authoring,CoreBossAuthoring
-567334665,Pug.ECS.Authoring,CoreBossBeamAuthoring
81249819,Pug.ECS.Authoring,CoreBossOrbAuthoring
577313044,Pug.ECS.Authoring,CoreBossSpawnAuthoring
-261161947,Pug.ECS.Authoring,CornerSmoothingAuthoring
-1954702380,Pug.ECS.Authoring,CrackableTileAuthoring
-1018308397,Pug.ECS.Authoring,CraftingAuthoring
-375941838,Pug.ECS.Authoring,CreateCharacterGuidAuthoring
-612827826,Pug.ECS.Authoring,CreatePlayerGuidAuthoring
-104467423,Pug.ECS.Authoring,CritterAuthoring
1600091730,Pug.ECS.Authoring,CustomAttackSoundAuthoring
98292199,Pug.ECS.Authoring,CustomDisableAuthoring
1565748467,Pug.ECS.Authoring,CustomLoot
-435197931,Pug.ECS.Authoring,CustomSceneAddInitialItemsAuthoring
1740491652,Pug.ECS.Authoring,CustomScenePrefabAuthoring
872903683,Pug.ECS.Authoring,DamageEffectAuthoring
1282196352,Pug.ECS.Authoring,DamageObjectStateAuthoring
-818048808,Pug.ECS.Authoring,DamageReductionAuthoring
1735619606,Pug.ECS.Authoring,DamageableObjectAuthoring
282287656,Pug.ECS.Authoring,DeathStateAuthoring
-1345978197,Pug.ECS.Authoring,DescriptionAuthoring
-1816026244,Pug.ECS.Authoring,DestroyEntityIfPlacementNotValidAuthoring
1919128286,Pug.ECS.Authoring,DestroyIfNotOnTileAuthoring
-1219379496,Pug.ECS.Authoring,DestroyNearbyOnDeathAuthoring
1117659987,Pug.ECS.Authoring,DestroyTimerAuthoring
1289922408,Pug.ECS.Authoring,DestroyWhenNoNearbyPlayerAuthoring
554613256,Pug.ECS.Authoring,DestructibleObjectAuthoring
1292704640,Pug.ECS.Authoring,DetectCollisionAuthoring
1875260839,Pug.ECS.Authoring,DiggableAuthoring
1067622787,Pug.ECS.Authoring,DirectionBasedOnVariationAuthoring
-1352183478,Pug.ECS.Authoring,DisableMapMarkerOnDeathAuthoring
-644869381,Pug.ECS.Authoring,DisablePhysicsAuthoring
87057327,Pug.ECS.Authoring,DisplayConditionAsBarWhenEquippedAuthoring
-889645821,Pug.ECS.Authoring,DontBlockDiggingAuthoring
-86613880,Pug.ECS.Authoring,DontBlockPlayerFromHittingObjectsWhenMiningPickEquippedAuthoring
651124635,Pug.ECS.Authoring,DontCountAsHitForAttackerAuthoring
2021012183,Pug.ECS.Authoring,DontDestroyOnZeroHealthAuthoring
1664946528,Pug.ECS.Authoring,DontDropContainedAuthoring
973679317,Pug.ECS.Authoring,DontDropSelfAuthoring
-773745774,Pug.ECS.Authoring,DontSerializeAuthoring
-705836961,Pug.ECS.Authoring,DoorAuthoring
-1280060992,Pug.ECS.Authoring,DrillAuthoring
983122780,Pug.ECS.Authoring,DropAllItemsOnHitAuthoring
-135843945,Pug.ECS.Authoring,DropLootAuthoring
-955471450,Pug.ECS.Authoring,DurabilityAuthoring
310491880,Pug.ECS.Authoring,EatStateAuthoring
-1580716094,Pug.ECS.Authoring,ElectricOrbAuthoring
1751214620,Pug.ECS.Authoring,EnemyAuthoring
1893057268,Pug.ECS.Authoring,EnemySpawnerPlatformAuthoring
1758141580,Pug.ECS.Authoring,EnrageStateAuthoring
1139551432,Pug.ECS.Authoring,EnsureSameGroundTileBeneathEntityAuthoring
1814889704,Pug.ECS.Authoring,EntityMonoBehaviourData
1161464942,Pug.ECS.Authoring,EntityPartAuthoring
-557025588,Pug.ECS.Authoring,EnvironmentSpawnObjectsTableAuthoring
-1124538393,Pug.ECS.Authoring,EquipmentAuthoring
1006278844,Pug.ECS.Authoring,EquipmentSkinAuthoring
-308930772,Pug.ECS.Authoring,EquippedObjectAuthoring
-173178371,Pug.ECS.Authoring,EventTerminalAuthoring
-1111337977,Pug.ECS.Authoring,EvolveStateAuthoring
-2051723758,Pug.ECS.Authoring,ExplodeOnImpactAuthoring
-381511680,Pug.ECS.Authoring,ExplodeStateAuthoring
2091106320,Pug.ECS.Authoring,ExplosionAuthoring
129765634,Pug.ECS.Authoring,ExplosiveAuthoring
1361191240,Pug.ECS.Authoring,ExtraInventorySizeAuthoring
1784661851,Pug.ECS.Authoring,ExtractableAuthoring
-926307767,Pug.ECS.Authoring,FactionAuthoring
979688483,Pug.ECS.Authoring,FactionSpawnGroups
560446994,Pug.ECS.Authoring,FenceGateAuthoring
-1221446628,Pug.ECS.Authoring,FireflyAuthoring
-140432111,Pug.ECS.Authoring,FishAuthoring
581017886,Pug.ECS.Authoring,FishShoalAuthoring
-1006369741,Pug.ECS.Authoring,FishingNetVisualAuthoring
157075957,Pug.ECS.Authoring,FishingTableAuthoring
-1672130515,Pug.ECS.Authoring,FlowerAuthoring
1057608520,Pug.ECS.Authoring,FollowPheromoneStateAuthoring
-757864502,Pug.ECS.Authoring,ForceInCombatIfPlayerNearbySpawnPointAuthoring
-1248681198,Pug.ECS.Authoring,FullnessAuthoring
-1331914568,Pug.ECS.Authoring,GiantCicadaBossAuthoring
1717633301,Pug.ECS.Authoring,GivesConditionsWhenConsumedAuthoring
-1465117922,Pug.ECS.Authoring,GivesConditionsWhenEquippedAuthoring
782416644,Pug.ECS.Authoring,GlowLightAuthoring
-1764526079,Pug.ECS.Authoring,GroundBouncableProjectileAuthoring
390220252,Pug.ECS.Authoring,GroundDecorationAuthoring
1401510196,Pug.ECS.Authoring,GrowingPlantAuthoring
-1469010429,Pug.ECS.Authoring,GrowingSettings
-481463595,Pug.ECS.Authoring,HasSpawnPointAuthoring
657740952,Pug.ECS.Authoring,HatchWhenPlayerNearbyStateAuthoring
1269196832,Pug.ECS.Authoring,HealNearbyEntitiesAuthoring
740674184,Pug.ECS.Authoring,HealOtherEntityStateAuthoring
1594252633,Pug.ECS.Authoring,HealthAuthoring
1269855623,Pug.ECS.Authoring,HydraBossAuthoring
-1283613074,Pug.ECS.Authoring,HydraBossBaitAuthoring
-456195946,Pug.ECS.Authoring,IdleEmoteStateAuthoring
-1613287979,Pug.ECS.Authoring,IdleInCombatStateAuthoring
178800199,Pug.ECS.Authoring,IdleStateAuthoring
827266785,Pug.ECS.Authoring,IdleWhenNearbyPlayerStateAuthoring
-1559639524,Pug.ECS.Authoring,IgnoreImmuneZoneAuthoring
83705680,Pug.ECS.Authoring,IgnoreVertexOffsetsAuthoring
856608494,Pug.ECS.Authoring,ImmuneToDamageAuthoring
299358193,Pug.ECS.Authoring,ImmuneToRangeDamageAuthoring
2100129978,Pug.ECS.Authoring,ImmuneToSkipLootDropAuthoring
-1947607622,Pug.ECS.Authoring,ImmunityZoneAuthoring
-919611338,Pug.ECS.Authoring,IndestructibleAuthoring
-1192547340,Pug.ECS.Authoring,IndirectProjectileAuthoring
1808005845,Pug.ECS.Authoring,InstrumentAuthoring
1710100774,Pug.ECS.Authoring,InteractWithEnvironmentAuthoring
863540370,Pug.ECS.Authoring,InventoryAuthoring
-2100666848,Pug.ECS.Authoring,InventoryAuxDataPrefabsAuthoring
244469479,Pug.ECS.Authoring,InventoryItemAuthoring
-1347802797,Pug.ECS.Authoring,IsFlyingAuthoring
1418861652,Pug.ECS.Authoring,IsHabitableIdolAuthoring
524795614,Pug.ECS.Authoring,JewelryAuthoring
-420821421,Pug.ECS.Authoring,JumpAttackStateAuthoring
14325256,Pug.ECS.Authoring,LarvaHiveBossHatchEggStateAuthoring
1339709422,Pug.ECS.Authoring,LarvaHiveEggHatchStateAuthoring
-1785613863,Pug.ECS.Authoring,LarvaTerritorySpawnerAuthoring
1907328949,Pug.ECS.Authoring,LeaveTrailAuthoring
1596865243,Pug.ECS.Authoring,LocalizationAuthoring
-1178349296,Pug.ECS.Authoring,LootTableAuthoring
-1854963312,Pug.ECS.Authoring,ManaAuthoring
883087517,Pug.ECS.Authoring,ManaBarrierAuthoring
1766464854,Pug.ECS.Authoring,MapMarkerAuthoring
-866607926,Pug.ECS.Authoring,MealsEatenAuthoring
1116551026,Pug.ECS.Authoring,MeleeAttackStateAuthoring
-155993072,Pug.ECS.Authoring,MeleeWeaponAuthoring
1025200945,Pug.ECS.Authoring,MerchantAuthoring
904244740,Pug.ECS.Authoring,MergeDroppedItemAuthoring
-1947260546,Pug.ECS.Authoring,MimicPlayerInstrumentNotesAuthoring
793611198,Pug.ECS.Authoring,MineableAuthoring
346682171,Pug.ECS.Authoring,MinecartAuthoring
-910016458,Pug.ECS.Authoring,MinionAuthoring
1447353990,Pug.ECS.Authoring,MinionDataAuthoring
909728865,Pug.ECS.Authoring,MinionOrbitAuthoring
-1762259485,Pug.ECS.Authoring,MortarProjectileAuthoring
987389087,Pug.ECS.Authoring,MoveFreelyWeaponAuthoring
-547658089,Pug.ECS.Authoring,MoveToPositionFromCommandStateAuthoring
-632177757,Pug.ECS.Authoring,MovementParameters
-1898781156,Pug.ECS.Authoring,MovementPattern
1278374231,Pug.ECS.Authoring,MovementSpeedAuthoring
1229201810,Pug.ECS.Authoring,MusicAreaAuthoring
735037745,Pug.ECS.Authoring,MusicSheetAuthoring
-857358543,Pug.ECS.Authoring,NameAuthoring
622530669,Pug.ECS.Authoring,NearbyEntitiesTrackerAuthoring
1848583747,Pug.ECS.Authoring,NonHittableAuthoring
318086258,Pug.ECS.Authoring,ObjectAuthoring
1041762700,Pug.ECS.Authoring,OccupiableAuthoring
-1245629303,Pug.ECS.Authoring,OctopusBossAuthoring
2042111050,Pug.ECS.Authoring,OctopusBossTeleportLocationAuthoring
628344197,Pug.ECS.Authoring,OffHandAuthoring
35880716,Pug.ECS.Authoring,OverrideLeaveCombatTimeAuthoring
-371481077,Pug.ECS.Authoring,OverrideLegendaryForSlotRequirementsAuthoring
677673726,Pug.ECS.Authoring,OverrideNetworkSyncDistanceAuthoring
1791868221,Pug.ECS.Authoring,OwnerAuthoring
-1679881608,Pug.ECS.Authoring,PaintToolAuthoring
-801732333,Pug.ECS.Authoring,PaintableObjectAuthoring
151822428,Pug.ECS.Authoring,PetAuthoring
1488556103,Pug.ECS.Authoring,PetCandyAuthoring
-1768284539,Pug.ECS.Authoring,PetDataAuthoring
-960874214,Pug.ECS.Authoring,PetOwnerAuthoring
-1355109958,Pug.ECS.Authoring,PetWalkStateAuthoring
91490603,Pug.ECS.Authoring,PheromoneAdderAuthoring
133385345,Pug.ECS.Authoring,PheromoneSensorAuthoring
86514525,Pug.ECS.Authoring,PlaceObjectStateAuthoring
1739311503,Pug.ECS.Authoring,PlaceableObjectAuthoring
1438530119,Pug.ECS.Authoring,PlantAuthoring
1368885088,Pug.ECS.Authoring,PlayerAimPositionAuthoring
305588756,Pug.ECS.Authoring,PlayerAuthoring
413389853,Pug.ECS.Authoring,PlayerCustomizationAuthoring
-1384611723,Pug.ECS.Authoring,PlayerGraveAuthoring
-1341232049,Pug.ECS.Authoring,PlayerLocalAuthoring
2066533592,Pug.ECS.Authoring,PlayingInstrumentAuthoring
570299406,Pug.ECS.Authoring,PortalAuthoring
2060761105,Pug.ECS.Authoring,PotionAuthoring
1523979375,Pug.ECS.Authoring,PrioritizedRepairMaterialAuthoring
2026792211,Pug.ECS.Authoring,ProjectileAuthoring
518873985,Pug.ECS.Authoring,ProximityTriggerAuthoring
908980081,Pug.ECS.Authoring,PseudoTileAuthoring
2024336294,Pug.ECS.Authoring,PugDatabaseAuthoring
-1123038902,Pug.ECS.Authoring,PugPrefabBufferAuthoring
1645871355,Pug.ECS.Authoring,PutTargetInCombatOnDealingDamageAuthoring
791289974,Pug.ECS.Authoring,RandomFollowStateAuthoring
115681396,Pug.ECS.Authoring,RandomWalkGravityAuthoring
-1018835182,Pug.ECS.Authoring,RandomWalkGravityWellAuthoring
55559483,Pug.ECS.Authoring,RangeAttackStateAuthoring
606060924,Pug.ECS.Authoring,RangeWeaponAuthoring
1687984742,Pug.ECS.Authoring,RecipeAuthoring
-1851814472,Pug.ECS.Authoring,RemoveTileOnDeathAuthoring
-1293511809,Pug.ECS.Authoring,ResizableTileSizeAuthoring
1683572621,Pug.ECS.Authoring,RewiredPS5TriggerEffectFeedbackProxy
2012754928,Pug.ECS.Authoring,RewiredPS5TriggerEffectMultiplePositionFeedbackProxy
-130565137,Pug.ECS.Authoring,RewiredPS5TriggerEffectMultiplePositionVibrationProxy
-1061684647,Pug.ECS.Authoring,RewiredPS5TriggerEffectSlopeFeedbackProxy
628606925,Pug.ECS.Authoring,RewiredPS5TriggerEffectVibrationProxy
1863601466,Pug.ECS.Authoring,RewiredPS5TriggerEffectWeaponProxy
1104532414,Pug.ECS.Authoring,RoamingPathAuthoring
-1001978474,Pug.ECS.Authoring,RoamingStateAuthoring
259409228,Pug.ECS.Authoring,RobotBossAuthoring
840867106,Pug.ECS.Authoring,RootAuthoring
-1828560540,Pug.ECS.Authoring,RootPlantAuthoring
74837128,Pug.ECS.Authoring,RotationAuthoring
982988465,Pug.ECS.Authoring,ScaleHealthByPlayerCountAuthoring
1992132066,Pug.ECS.Authoring,ScannerAuthoring
2099458643,Pug.ECS.Authoring,ScarabBossAuthoring
-1528075215,Pug.ECS.Authoring,SeasonAndLoot
-1513073021,Pug.ECS.Authoring,SeasonAndLoots
341840561,Pug.ECS.Authoring,SeasonObjectAuthoring
-1754845523,Pug.ECS.Authoring,SecondaryUseAuthoring
1154117976,Pug.ECS.Authoring,SeedAuthoring
-142485992,Pug.ECS.Authoring,SellSlotsAuthoring
2036758582,Pug.ECS.Authoring,SequenceExplosiveAuthoring
1328315103,Pug.ECS.Authoring,ShamanBossAuthoring
1536774315,Pug.ECS.Authoring,ShieldAuthoring
-564405200,Pug.ECS.Authoring,ShootMortarProjectileStateAuthoring
-143648603,Pug.ECS.Authoring,SittableAuthoring
2082060970,Pug.ECS.Authoring,SkillTalentsTableAuthoring
-911848267,Pug.ECS.Authoring,SleepStateAuthoring
448671597,Pug.ECS.Authoring,SlimeBossAuthoring
884548102,Pug.ECS.Authoring,SlimeBossJumpStateAuthoring
-15821622,Pug.ECS.Authoring,SlimeTerritorySpawnerAuthoring
2132241313,Pug.ECS.Authoring,Slot
1931568311,Pug.ECS.Authoring,SlotRequirement
-791787769,Pug.ECS.Authoring,SnakeBossAuthoring
-182120332,Pug.ECS.Authoring,SnakeMovementStateAuthoring
761827712,Pug.ECS.Authoring,SoulOrbAuthoring
-1459463531,Pug.ECS.Authoring,SoulsAuthoring
-1180322270,Pug.ECS.Authoring,SpawnAroundObjectAuthoring
-353020529,Pug.ECS.Authoring,SpawnCompanionsAuthoring
1058084300,Pug.ECS.Authoring,SpawnDroppedItemAuthoring
897741184,Pug.ECS.Authoring,SpawnEntry
-336508619,Pug.ECS.Authoring,SpawnGroup
151503026,Pug.ECS.Authoring,SpawnGroupTable
-1720707325,Pug.ECS.Authoring,SpawnOnDeathAuthoring
-1326216555,Pug.ECS.Authoring,SpawnStateAuthoring
-1724308863,Pug.ECS.Authoring,SpawnTileOnDeathAuthoring
2026453952,Pug.ECS.Authoring,SpawnTileOnExplosionAuthoring
968591444,Pug.ECS.Authoring,SpawnerAuthoring
-1001620479,Pug.ECS.Authoring,SprinklerAuthoring
1798704345,Pug.ECS.Authoring,StateAuthoring
336610442,Pug.ECS.Authoring,SummonAreaAuthoring
1220032075,Pug.ECS.Authoring,SummoningItemAuthoring
-694010661,Pug.ECS.Authoring,SupportsConditionsAuthoring
135880401,Pug.ECS.Authoring,SurfacePriorityAuthoring
1380884478,Pug.ECS.Authoring,TableItemLightSourceAuthoring
820474598,Pug.ECS.Authoring,TeleportStateAuthoring
-184741565,Pug.ECS.Authoring,TheCoreAuthoring
-2104126469,Pug.ECS.Authoring,TileAuthoring
769860865,Pug.ECS.Authoring,TileEffectAuthoring
1032742824,Pug.ECS.Authoring,TitanShrineAuthoring
-1089278989,Pug.ECS.Authoring,TookDamageStateAuthoring
-1041351352,Pug.ECS.Authoring,TouchAttackAuthoring
-426023901,Pug.ECS.Authoring,TrailAuthoring
-1916822914,Pug.ECS.Authoring,TrashCanAuthoring
-1967492263,Pug.ECS.Authoring,TriggerAchievementOnDeathAuthoring
1410114798,Pug.ECS.Authoring,TriggerEffectAuthoring
-609576212,Pug.ECS.Authoring,TrophyAuthoring
-1237233768,Pug.ECS.Authoring,UpgradeCostsTableAuthoring
619346698,Pug.ECS.Authoring,UpgradeSlotAuthoring
175046638,Pug.ECS.Authoring,VanitySlotsAuthoring
68062029,Pug.ECS.Authoring,VehicleAuthoring
1045628432,Pug.ECS.Authoring,VelocityAffectorAuthoring
610927247,Pug.ECS.Authoring,VendingMachineAuthoring
-720359002,Pug.ECS.Authoring,VisualSmoothFollowAuthoring
331485899,Pug.ECS.Authoring,VulnerableStateAuthoring
-2031686474,Pug.ECS.Authoring,WallBossAuthoring
570169987,Pug.ECS.Authoring,WallBossHeadAuthoring
-1584287265,Pug.ECS.Authoring,WarmupAuthoring
-732930456,Pug.ECS.Authoring,WaterSourceAuthoring
1237350251,Pug.ECS.Authoring,WaterSpreaderAuthoring
-733105822,Pug.ECS.Authoring,WayPointAuthoring
-963874711,Pug.ECS.Authoring,WeaponDamageAuthoring
-1317747691,Pug.ECS.Authoring,WeaponSkillGainedMultiplierAuthoring
-446700953,Pug.ECS.Authoring,WorldExplorerDebugTrackerAuthoring
-1354709223,Pug.ECS.Authoring,WorldInfoAuthoring
1978026812,Pug.ECS.Components,BlocksDiggingTilesCD
-1496054491,Pug.ECS.Components,ChaseStateUtility
-1474792051,Pug.ECS.Components,ConditionExtensionMethods
125340460,Pug.ECS.Components,ConditionTickTimerUtilities
2144628983,Pug.ECS.Components,CornerSmoothingUtility
-1192954579,Pug.ECS.Components,MoveToPositionFromCommandStateUtility
1235394938,Pug.ECS.Components,PathFindUtility
-1865798200,Pug.ECS.Components,PetWalkStateUtility
1571053828,Pug.ECS.Components,PlacementSizeByEquipmentTypeBufferExtensions
1874406483,Pug.ECS.Components,PlayerRecentAttackersBufferUtilities
-2031888301,Pug.ECS.Components,Pug.ECS.Components.Generated.__codegen__OnCreate_00000136
-779880998,Pug.ECS.Components,Pug.ECS.Components.Generated.__codegen__OnCreate_0000013C
896000591,Pug.ECS.Components,Pug.ECS.Components.Generated.__codegen__OnCreate_00000142
407800798,Pug.ECS.Components,Pug.ECS.Components.Generated.__codegen__OnUpdate_00000137
-1857781392,Pug.ECS.Components,Pug.ECS.Components.Generated.__codegen__OnUpdate_0000013D
-1238617780,Pug.ECS.Components,Pug.ECS.Components.Generated.__codegen__OnUpdate_00000143
1391931910,Pug.ECS.Components,Pug.ECS.Components.Generated.__codegen__OnUpdate_0000198C
2097177570,Pug.ECS.Components,Pug.ECS.Components.Generated.__codegen__OnUpdate_00001997
530800798,Pug.ECS.Components,Pug.ECS.Components.Generated.__codegen__OnUpdate_000019A4
855043671,Pug.ECS.Components,Pug.ECS.Components.Generated.__codegen__OnUpdate_000019B1
841090107,Pug.ECS.Components,Pug.ECS.Components.Generated.__codegen__OnUpdate_000019BE
740784703,Pug.ECS.Components,Pug.ECS.Components.Generated.__codegen__OnUpdate_000019CB
44163318,Pug.ECS.Components,Pug.ECS.Components.Generated.__codegen__OnUpdate_000019D8
1479845398,Pug.ECS.Components,Pug.ECS.Components.Generated.__codegen__OnUpdate_000019E5
1277010761,Pug.ECS.Components,Pug.ECS.Components.Generated.__codegen__OnUpdate_000019F2
-1720515688,Pug.ECS.Components,Pug.ECS.Components.Generated.__codegen__OnUpdate_000019FF
1174223726,Pug.ECS.Components,__JobReflectionRegistrationOutput__13488357670879074260
2098499327,Pug.ECS.Components,__UnmanagedPostProcessorOutput__13488357670879074260
942813022,Pug.ECS.Components,__codegen__Unity_NetCode_ApplyCurrentInputBufferElementToInputDataSystem_2_ClientInputData_Pug_ECS_Components_Generated_ClientInputDataEventHelper__OnCreate_00001A1A
-1675312576,Pug.ECS.Components,__codegen__Unity_NetCode_ApplyCurrentInputBufferElementToInputDataSystem_2_ClientInputData_Pug_ECS_Components_Generated_ClientInputDataEventHelper__OnUpdate_00001A1B
682035039,Pug.ECS.Components,__codegen__Unity_NetCode_CopyInputToCommandBufferSystem_2_ClientInputData_Pug_ECS_Components_Generated_ClientInputDataEventHelper__OnCreate_00001A1D
68963457,Pug.ECS.Components,__codegen__Unity_NetCode_CopyInputToCommandBufferSystem_2_ClientInputData_Pug_ECS_Components_Generated_ClientInputDataEventHelper__OnUpdate_00001A1E
-862574285,Pug.ECS.ConditionExtensions,ConditionExtensions
-1675303636,Pug.ECS.Extensions,CurveExt
-76931439,Pug.ECS.Extensions,Microsoft.CodeAnalysis.EmbeddedAttribute
814321138,Pug.ECS.Extensions,NetworkTickExtensions
-625978961,Pug.ECS.Extensions,NetworkTimeUtilities
886860862,Pug.ECS.Extensions,RingBufferUtility
-1375412943,Pug.ECS.Extensions,System.Runtime.CompilerServices.IsUnmanagedAttribute
575214321,Pug.ECS.Serialization,Pug.ECS.Serialization.WorldDeserializer
101142778,Pug.Mods,PugMods.Config
-1751686877,Pug.Mods,PugMods.Factions
-1508899959,Pug.Mods,PugMods.FishStruggleModFile
-213676904,Pug.Mods,PugMods.Fishing
-255831123,Pug.Mods,PugMods.ID
2082459757,Pug.Mods,PugMods.Localization
73126082,Pug.Mods,PugMods.Loot
1394515070,Pug.Mods,PugMods.LootTable
2022436448,Pug.Mods,PugMods.ModRespawnData
884084153,Pug.Mods,PugMods.SpawnTable
-2018966044,Pug.Mods,PugMods.Talents
-967265485,Pug.ObjectIDCategory,ObjectIDCategory
-101915998,Pug.ObjectIDCategory,ObjectIDCategoryManager
706579860,Pug.Objects,AFBottledAnomaly
533738725,Pug.Objects,AFPestElectric
600443519,Pug.Objects,AFQuillProjectile
2037444661,Pug.Objects,AFVendingMachine
736258327,Pug.Objects,AFWaterCooler
546195042,Pug.Objects,AFWhiteboard
1663368480,Pug.Objects,AbandonedCamp
1052369234,Pug.Objects,AbandonedCampMatress
-501161505,Pug.Objects,AbandonedFireplace
-1666369133,Pug.Objects,AbyssTree
1195367913,Pug.Objects,AcidLarva
1908110513,Pug.Objects,AdvancedAutomationTable
-1927633980,Pug.Objects,AffixArcaneBeam
-913066556,Pug.Objects,AffixElectricOrb
1574622005,Pug.Objects,AffixFireBomb
-1887317364,Pug.Objects,AffixVisualUtilities
389790037,Pug.Objects,AlienFloorVent
-1267653399,Pug.Objects,AlienTechCrystalLight
-1019512007,Pug.Objects,AlienTechDecorSpire
-1136341421,Pug.Objects,AlienTechDestructible
-1547570334,Pug.Objects,AmberBoulder
-1216093548,Pug.Objects,AmberLarva
592051113,Pug.Objects,AmoebaBomb
2047027506,Pug.Objects,AmoebaGiantSegment
155230912,Pug.Objects,AmoebaGiantSegmentTail
748870749,Pug.Objects,AmoebaWormSegment
-443255060,Pug.Objects,AmoebaWormSegmentTail
-1859208958,Pug.Objects,AncientChest
-382467044,Pug.Objects,AncientFeather
846867590,Pug.Objects,AncientForge
1625806150,Pug.Objects,AncientFountain
-946420755,Pug.Objects,AncientGiant
1109116854,Pug.Objects,AncientGolem
477158581,Pug.Objects,AncientHologramPod
-520660301,Pug.Objects,Aquarium
-1988098589,Pug.Objects,ArcaneStaffProjectile
1384025361,Pug.Objects,ArchMortarProjectile
-601068630,Pug.Objects,AssassinDaggerProjectile
475512812,Pug.Objects,AvailableEffects
1028712847,Pug.Objects,BaitOnAPole
-580806644,Pug.Objects,Banner
-1180206104,Pug.Objects,BarnacleGrass
-1897080715,Pug.Objects,BasicMortarProjectile
897131296,Pug.Objects,BasicStaffProjectile
1763938752,Pug.Objects,BatMinion
309482476,Pug.Objects,BatMinionProjectile
941468976,Pug.Objects,Beams
621778426,Pug.Objects,BigFloorTileCaveling
-1145128806,Pug.Objects,BigFloorTileGemstone
-1993299506,Pug.Objects,BigFloorTileScholar
1652138350,Pug.Objects,BigGrenade
-2030092358,Pug.Objects,BigIndustrialTableEntity
-235346139,Pug.Objects,BigJungleTree
-1247607780,Pug.Objects,BigLarva
1238004958,Pug.Objects,BiomePaintableTerrarium
1359605994,Pug.Objects,BirdBoss
-1561790438,Pug.Objects,BirdBossBeam
310594664,Pug.Objects,BirdBossStone
1898613041,Pug.Objects,BirdPoop
-944699136,Pug.Objects,BlowDartProjectile
2084858042,Pug.Objects,BlunderBomb
-795614657,Pug.Objects,BlunderBombExplosion
1424975340,Pug.Objects,BoatTurretProjectile
1407530676,Pug.Objects,Bomb
-529658266,Pug.Objects,BombMortarProjectile
-1029481279,Pug.Objects,BombScarab
-838893230,Pug.Objects,BossChest
-1069844941,Pug.Objects,BossExplosion
-357931667,Pug.Objects,BossLarva
50223165,Pug.Objects,BossSummoningItem
1967465347,Pug.Objects,BrokenCore
-1975356198,Pug.Objects,BrokenCoreSentry1
-818071062,Pug.Objects,BrokenCoreSentry2
-1357534329,Pug.Objects,BrokenEventTerminal
1244995584,Pug.Objects,BrokenGrave
-530269958,Pug.Objects,BubbleProjectile
752622140,Pug.Objects,BulletHellProjectile
-419792540,Pug.Objects,BulletHellProjectileVoid
244240067,Pug.Objects,BunnyPoisonDartProjectile
1042687809,Pug.Objects,BurnzookaProjectile
-1223827663,Pug.Objects,Bush
1862678909,Pug.Objects,Butterfly
1720081578,Pug.Objects,Calendar
147456505,Pug.Objects,Camel
-1066969222,Pug.Objects,CamelBaby
647243629,Pug.Objects,Campfire
-2113928579,Pug.Objects,Candle
-908888569,Pug.Objects,CandleStack
-2035227168,Pug.Objects,CandleStick
-1432757476,Pug.Objects,CartographyTable
443399497,Pug.Objects,CattleFeedTray
1138183813,Pug.Objects,Caveling
1348701321,Pug.Objects,CavelingAssassin
-1742922852,Pug.Objects,CavelingBed
446726634,Pug.Objects,CavelingBrute
905631369,Pug.Objects,CavelingChair
1342729668,Pug.Objects,CavelingFloorTile
-1489807241,Pug.Objects,CavelingFloorTileDark
-1580572241,Pug.Objects,CavelingGardener
-299882173,Pug.Objects,CavelingHunter
1282123606,Pug.Objects,CavelingMerchant
649266374,Pug.Objects,CavelingMonument
-493437345,Pug.Objects,CavelingMonumentBroken
1588039653,Pug.Objects,CavelingMummy
-531187897,Pug.Objects,CavelingPillar
658896981,Pug.Objects,CavelingPot
-646413343,Pug.Objects,CavelingScholar
1531726096,Pug.Objects,CavelingShaman
-910730751,Pug.Objects,CavelingShip
-2127364119,Pug.Objects,CavelingShipBeached
-372967260,Pug.Objects,CavelingShortWall
-1399078383,Pug.Objects,CavelingSkirmisher
-737658418,Pug.Objects,CavelingSpearman
-1420342610,Pug.Objects,CavelingTable
-1844576243,Pug.Objects,CavelingThrone
-9992507,Pug.Objects,CavelingToilet
-474266858,Pug.Objects,CavelingWall
-294154496,Pug.Objects,CharmGrenade
-1729539290,Pug.Objects,CherryFlowerPink
107938957,Pug.Objects,CherryFlowerWhite
347211937,Pug.Objects,CherryTreePink
-572148198,Pug.Objects,CherryTreeWhite
-1054259690,Pug.Objects,ChineseFoldingScreen
2054565677,Pug.Objects,ChineseGuardianLion
-1378532552,Pug.Objects,ChineseKnotDecoration
11767426,Pug.Objects,ChineseLantern
-1067230988,Pug.Objects,ChineseWallLantern
-698025897,Pug.Objects,ChristmasFireplace
791421511,Pug.Objects,ChristmasLightDecoration
-2029933388,Pug.Objects,ChristmasSnowman
316512551,Pug.Objects,ChristmasStool
-949551584,Pug.Objects,ChristmasTable
-624684712,Pug.Objects,ChristmasTree
-2113656752,Pug.Objects,ChristmasWallDecoration
-1449996197,Pug.Objects,ChronicleGallery
-1152881153,Pug.Objects,CicadaBossBuzzMortarProjectile
-277079698,Pug.Objects,CicadaBurrow
1960697328,Pug.Objects,CicadaEnemy
2034819566,Pug.Objects,CicadaNymph
-1274028126,Pug.Objects,CircuitPlate
-830842222,Pug.Objects,CityDestructible
-648811837,Pug.Objects,ClayPot
-998401832,Pug.Objects,ClayWormSegment
-243247150,Pug.Objects,ClayWormSegmentTail
-1153553230,Pug.Objects,Cocoon
-955115591,Pug.Objects,ColossCicada
-805147696,Pug.Objects,ColumnMonument
-1901686440,Pug.Objects,ConchShell
988253535,Pug.Objects,ContributorItem1
-1304826358,Pug.Objects,ConveyorBelt
1820299589,Pug.Objects,ConveyorBeltSplitter
-2110902778,Pug.Objects,CookingPot
635778899,Pug.Objects,CoreBoss
1027921489,Pug.Objects,CoreBossBeam
630548741,Pug.Objects,CoreBossElectricProjectile
1316592791,Pug.Objects,CoreBossOrb
670403284,Pug.Objects,CoreBossScarabProjectile
1667604437,Pug.Objects,CoreBossVoidImmuneZone
1958041660,Pug.Objects,CoreBossWhirlwindProjectile
694210830,Pug.Objects,Cow
433126829,Pug.Objects,CowBaby
644654521,Pug.Objects,CrabEnemy
1304000196,Pug.Objects,Critter
1151041257,Pug.Objects,CritterBeetle
771846639,Pug.Objects,CritterCatcher
-1440813577,Pug.Objects,CritterCentipede
-916061538,Pug.Objects,CritterCockroach
-1424306888,Pug.Objects,CritterCrab
-1282081010,Pug.Objects,CritterGrasshopper
49711485,Pug.Objects,CritterLarva
-1024578538,Pug.Objects,CritterLarvaVoid
2023652848,Pug.Objects,CritterNewt
-521069351,Pug.Objects,CritterPassageFly
255253181,Pug.Objects,CritterScorpion
917801830,Pug.Objects,CritterShrew
-1711184337,Pug.Objects,CritterSnootFly
-1043555223,Pug.Objects,CritterTinySnail
-1755606766,Pug.Objects,CritterWorm
1829641751,Pug.Objects,CrossCircuit
1302783618,Pug.Objects,CrossbowBoltProjectile
60746050,Pug.Objects,CryoPod1
351290537,Pug.Objects,CryoPod2
-2047863444,Pug.Objects,CryoPod3
936603545,Pug.Objects,CrystalBigSnail
231823465,Pug.Objects,CrystalCicada
2135177017,Pug.Objects,CrystalDestructible
-1827483987,Pug.Objects,CrystalLamp
-487862397,Pug.Objects,CrystalMerchant
-431175702,Pug.Objects,CrystalMerchantSpawnItem
520217082,Pug.Objects,CrystalMeteor
1950115512,Pug.Objects,CrystalMeteorBoulder
531050045,Pug.Objects,CrystalSpikeTrail
1924255489,Pug.Objects,CrystalTent
-401153561,Pug.Objects,CultistCicada
-1482912838,Pug.Objects,CupidArrowProjectile
-816132453,Pug.Objects,DeadTree
-919119593,Pug.Objects,DecorativeTorch
-45370051,Pug.Objects,DelayCircuit
-565295619,Pug.Objects,DesertBrute
533072417,Pug.Objects,DesertBush
-1037012331,Pug.Objects,DesertDestructible
983814938,Pug.Objects,DesertExplosiveWallExplosion
129094323,Pug.Objects,DesertRock
-590951512,Pug.Objects,DesertRockArc
-1284127760,Pug.Objects,DesertRockGiantArc
-1505476055,Pug.Objects,DesertRockSmall
1923221334,Pug.Objects,DesertTempleDestructible
-347224168,Pug.Objects,Destructible
39715351,Pug.Objects,DiggingSpot
1171298119,Pug.Objects,DirectionalCircuit
-134210339,Pug.Objects,DirectionalVariant
-429289783,Pug.Objects,Dodo
-141767776,Pug.Objects,DodoBaby
117209892,Pug.Objects,Dresser
-770727277,Pug.Objects,DriftwoodStool
-735303693,Pug.Objects,DriftwoodTable
105920780,Pug.Objects,Drill
1097438979,Pug.Objects,DrillMonument
1152029057,Pug.Objects,DropInventoryHandler
400716097,Pug.Objects,DroppedItem
-2064143194,Pug.Objects,DynamitePack
1954195654,Pug.Objects,EasterEggFlowerPot
727419896,Pug.Objects,EasterEggLamp
-659332156,Pug.Objects,EasterGarland
1374589976,Pug.Objects,EasterGoldenEgg
1837146417,Pug.Objects,EasterMeadowStool
423037760,Pug.Objects,EasterMeadowTable
-1788758527,Pug.Objects,EasterPillar
-1841791260,Pug.Objects,EerieChest
1681133720,Pug.Objects,EerieDresser
-1188915160,Pug.Objects,EerieRug
-368328735,Pug.Objects,EerieStool
-2047413261,Pug.Objects,EerieTable
1775242925,Pug.Objects,EerieTreeLight
98718502,Pug.Objects,EggIncubator
13576629,Pug.Objects,ElectricProjectile
-168376841,Pug.Objects,ElectricalDoor
941367493,Pug.Objects,ElectricalDropGate
-1092698394,Pug.Objects,ElectricityGenerator
967750907,Pug.Objects,ElectricityStick
-1230831012,Pug.Objects,EmberPit
-1370758485,Pug.Objects,EmptyGrave
1094525415,Pug.Objects,EnemySpawnerPlatform
1231054019,Pug.Objects,EnergyProjectile
-1304500302,Pug.Objects,EnergyShield
1127884767,Pug.Objects,EventTerminal
-1913335761,Pug.Objects,ExcavationBrokenRobotDecorationCharger
-1738460507,Pug.Objects,ExcavationBrokenRobotDecorationCharger2
-562435073,Pug.Objects,ExcavationBrokenRobotDecorationPatroller
-1445065081,Pug.Objects,ExcavationBrokenRobotDecorationSwarmer
-2095180008,Pug.Objects,ExcavationBrokenRobotDecorationSwarmer2
775928843,Pug.Objects,ExcavationDestructibleReinforcedIndustrialBox
742249996,Pug.Objects,ExcavationDestructibleWIndSteelIndustrialBox
-1737014104,Pug.Objects,ExcavationDoor
936891192,Pug.Objects,ExcavationDrillDoor
1701048249,Pug.Objects,ExcavationStatue
549672164,Pug.Objects,Explosion
203671979,Pug.Objects,ExplosionProperty
541321347,Pug.Objects,ExplosiveBarrel
1160362515,Pug.Objects,ExplosiveWallExplosion
-857176555,Pug.Objects,FallingRockDestructible
-1159269112,Pug.Objects,FallingRockMortarProjectile
-293951817,Pug.Objects,FeatherTree
-405846743,Pug.Objects,FireAoe
1527670664,Pug.Objects,FireFlyColor
1960796003,Pug.Objects,FireGrenade
-211823329,Pug.Objects,FireMiteMinion
-753508475,Pug.Objects,FireTrap
-1954996011,Pug.Objects,FireballProjectile
-440352996,Pug.Objects,Firefly
791718242,Pug.Objects,Firework
1285007533,Pug.Objects,FireworkBig
-1032664798,Pug.Objects,FishShoal
1292140168,Pug.Objects,FishingMerchant
200524216,Pug.Objects,FishingNet
-2130847218,Pug.Objects,FishingNetRack
-1954143360,Pug.Objects,FlamethrowerTurret
1236125826,Pug.Objects,FlintlockMusketProjectile
-762053125,Pug.Objects,FloatyMold
660631892,Pug.Objects,FloorPillow
617684155,Pug.Objects,FruitBasket
2131702293,Pug.Objects,Furnace
-1020313202,Pug.Objects,FuryForge
-1236485762,Pug.Objects,GalaxiteChakramProjectile
-1878529912,Pug.Objects,GalaxiteEnergyProjectile
2096324591,Pug.Objects,GalaxiteTrap
1120344677,Pug.Objects,GalaxiteTurret
-1409138583,Pug.Objects,GameObjectVariation
-921372539,Pug.Objects,Gate
-910099332,Pug.Objects,GateUnpaintable
1629991482,Pug.Objects,GearMonument
589292408,Pug.Objects,GeodeWallDisplay
1467768352,Pug.Objects,GeyserObject
1862048448,Pug.Objects,GhostCaveling
1772964615,Pug.Objects,GhostScholar
386653166,Pug.Objects,GiantCicadaBoss
-270921359,Pug.Objects,GiantCicadaBossRockWallDestructible
1745394055,Pug.Objects,GiantCicadaBossWeakSpot
1294285059,Pug.Objects,GiantCicadaSandExplosion
-382270180,Pug.Objects,GiantDrill
-970924854,Pug.Objects,GiantMushroom
-549661624,Pug.Objects,GlassSmelter
2053492819,Pug.Objects,GlowingCoral
-501106018,Pug.Objects,GlowingMushroom
2088183286,Pug.Objects,Goat
-145365815,Pug.Objects,GoatBaby
-143582963,Pug.Objects,GoreExplosion
-39435311,Pug.Objects,GraveTree
-1751341185,Pug.Objects,Gravestone
276595524,Pug.Objects,GravityProjectile
-856042337,Pug.Objects,Grenade
-360835366,Pug.Objects,GrimyStonePillar
-1896234727,Pug.Objects,GrubzookaProjectile
-1430403494,Pug.Objects,HandMortarProjectile
673638946,Pug.Objects,HiveBone
-1202976013,Pug.Objects,HiveDestructible
1529947363,Pug.Objects,HiveSpikeTrap
-1647992547,Pug.Objects,HiveVein
-1715782102,Pug.Objects,HostileCreatureProximitySensor
-187960045,Pug.Objects,HuntingSceneRock
118234339,Pug.Objects,HydraBoss
-251804910,Pug.Objects,HydraBossBait
-1686201048,Pug.Objects,HydraBossBodyController
849155765,Pug.Objects,HydraBossHeadController
-1548959048,Pug.Objects,HydraBossIceShard
-2099327235,Pug.Objects,HydraBossIceShardMortarProjectile
171942657,Pug.Objects,HydraBossLavaMortarProjectile
-862860492,Pug.Objects,HydraBossShockwaveMortarProjectile
-1657834718,Pug.Objects,HydraBossSpawnNilipedeMortarProjectile
-451204300,Pug.Objects,HydraBossStalactite
-694118632,Pug.Objects,HydraBossStalactiteMortarProjectile
-994131289,Pug.Objects,HydraTongueController
-1067678230,Pug.Objects,ICircuit
-190816882,Pug.Objects,IceShardProjectile
693003813,Pug.Objects,ImmuneZoneEmitter
-861398580,Pug.Objects,Incinerator
-1865676154,Pug.Objects,InfectedCaveling
-1232028178,Pug.Objects,InfoBoardBroken
708159913,Pug.Objects,InfoBoardLarge
927026747,Pug.Objects,InfoBoardSmall
1551802585,Pug.Objects,InsectSap
-622861889,Pug.Objects,IntactGrave
307327598,Pug.Objects,IronArrowProjectile
-129121265,Pug.Objects,ItemCollector
-812355447,Pug.Objects,JellyFish
1524118869,Pug.Objects,JellyfishDestructable
1737624198,Pug.Objects,JellyfishProjectile
-1677779104,Pug.Objects,KelpTree
-463218897,Pug.Objects,Kiln1
-747708940,Pug.Objects,Kiln2
1583212019,Pug.Objects,KinematicDynamo
-126363431,Pug.Objects,KingGrave
1584319308,Pug.Objects,KingSlime
-1228772714,Pug.Objects,LCircuit
517488191,Pug.Objects,Lamp
1759695492,Pug.Objects,LampPost
1769911565,Pug.Objects,LargeAlienTechDestructible
-15056339,Pug.Objects,LargeAncientDestructible
494130349,Pug.Objects,LargeBomb
-798468844,Pug.Objects,LargeCityDestructible
-1193575284,Pug.Objects,LargeCrystalDestructible
963226771,Pug.Objects,LargeDesertTempleDestructible
1419797137,Pug.Objects,LargeExplosion
-1476519698,Pug.Objects,LargeMoldDestructible
1492149848,Pug.Objects,LargePassageDestructible
-1664772654,Pug.Objects,LargeRocketRockMortarProjectile
963107754,Pug.Objects,LargeShell
559674692,Pug.Objects,LargeShinyGlimmeringObject
1944788211,Pug.Objects,LargeTempleRug
1202833253,Pug.Objects,Larva
-200384524,Pug.Objects,LarvaBBQ
-437835501,Pug.Objects,LarvaBossStatue
-111137588,Pug.Objects,LarvaHiveBoss
-1259115650,Pug.Objects,LarvaHiveBossMortarProjectile
596400068,Pug.Objects,LarvaHiveEgg
-1648008558,Pug.Objects,LarvaQueenBossStatue
1734309473,Pug.Objects,LarvaSkewer
-990457098,Pug.Objects,LarvaskinRug
1466554718,Pug.Objects,LarvaskinRugRed
832569521,Pug.Objects,LarvaskinTent
1544899768,Pug.Objects,LavaButterfly
1004262726,Pug.Objects,LavaMortarProjectile
302334072,Pug.Objects,LavaPost1
1665615689,Pug.Objects,LavaPost2
817145311,Pug.Objects,LavaRock
-1900842150,Pug.Objects,LavaSlimeBlob
-1219293736,Pug.Objects,LavaSlimeBoss
700166435,Pug.Objects,LavaSlimeBossProjectile
239186396,Pug.Objects,LavaWoodenDestructible
1509430980,Pug.Objects,LeatherFrame
-1804003223,Pug.Objects,LeatherFrameSmall
1305405185,Pug.Objects,LegendaryEnergyProjectile
-1184718495,Pug.Objects,LegendaryMortarBigProjectile
-4820888,Pug.Objects,LegendaryMortarProjectile
384140119,Pug.Objects,LegendaryStaffProjectile
-751308921,Pug.Objects,Lever
1383724659,Pug.Objects,LiquidMetalBasin
681206848,Pug.Objects,LiquidMetalVent
2003583461,Pug.Objects,LockedChest
-78231615,Pug.Objects,LogicCircuit
1368691269,Pug.Objects,LucentOakTree
156816296,Pug.Objects,LuckyCat
-1042284204,Pug.Objects,MammothFossil
-18360260,Pug.Objects,Mannequin
-2056566399,Pug.Objects,MeadowTree
1019230084,Pug.Objects,MelodyListenerMural
133681357,Pug.Objects,MetalBarrel
713387892,Pug.Objects,MetalBarricade
681981418,Pug.Objects,MetalTable
406186134,Pug.Objects,MeteorMortarLesserProjectile
785231442,Pug.Objects,MeteorMortarProjectile
-1288580516,Pug.Objects,MeteorRock
439789237,Pug.Objects,Mimite
357637851,Pug.Objects,MinigunProjectile
1117829554,Pug.Objects,MinionMelee
-184286512,Pug.Objects,MinionOrbit
1040961641,Pug.Objects,MoldChest
657160145,Pug.Objects,MoldCicada
395212920,Pug.Objects,MoldDestructible
1480664085,Pug.Objects,MoldPillar
-1565759663,Pug.Objects,MoldProjectile
-890020235,Pug.Objects,MoldTentacle
-703785639,Pug.Objects,MoldTree
-1472166033,Pug.Objects,MoldVein
-340041561,Pug.Objects,MoldWell
498467256,Pug.Objects,MoldWorshipMural
2111583468,Pug.Objects,MortarVisualUtilities
-2658089,Pug.Objects,MovingVoidTrap
-1084040850,Pug.Objects,MovingVoidTrapMortarProjectile
-1692576403,Pug.Objects,MummyMortarProjectile
-325498483,Pug.Objects,Mushroom
-2017839976,Pug.Objects,MushroomBrute
397532045,Pug.Objects,MushroomEnemy
-539082651,Pug.Objects,MusicSheetStand
-1101668141,Pug.Objects,MysteriousIdol
-995955431,Pug.Objects,NPC
-2078120000,Pug.Objects,Napalm
-517382148,Pug.Objects,NatureBones
812441232,Pug.Objects,NatureBossStatue
562763468,Pug.Objects,NatureDestructible
822473513,Pug.Objects,NatureWormSegment
1854472030,Pug.Objects,NatureWormSegmentTail
1089632997,Pug.Objects,NonPaintableAquarium
1957924663,Pug.Objects,NonPaintableChest
870455106,Pug.Objects,NonPaintableDoor
480202698,Pug.Objects,NonPaintableLockDoor
1681103414,Pug.Objects,OasisStalagmite
187431987,Pug.Objects,OasisSucculent
672339387,Pug.Objects,OasisSucculentLarge
-750506552,Pug.Objects,ObeliskShort
17858705,Pug.Objects,ObeliskTall
520675584,Pug.Objects,ObjectIdMaterial
490422312,Pug.Objects,OceanKingFossil
260854765,Pug.Objects,OctarineArrowProjectile
-1690174972,Pug.Objects,OctopusBoss
1573470960,Pug.Objects,OctopusBossProjectile
-1069223079,Pug.Objects,OctopusTeleportLocation
-369526160,Pug.Objects,OctopusTentacle
-1449405028,Pug.Objects,OilFireTrap
-714852798,Pug.Objects,OilGrenade
-589936196,Pug.Objects,OilNapalm
1071610051,Pug.Objects,OldRebreather
482163117,Pug.Objects,OrbitalTurret
161284847,Pug.Objects,OrbitalTurretProjectile
55565158,Pug.Objects,OreBoulder
1596806674,Pug.Objects,Painting
428149820,Pug.Objects,PandoriumCrystal
70851577,Pug.Objects,PassageCraftingStatue
-767846187,Pug.Objects,PassageDestructible
76918610,Pug.Objects,Pedestal
1061780696,Pug.Objects,PetBed
-1414537019,Pug.Objects,PetBedBirdStick
420541069,Pug.Objects,PetBedCatTree
201627586,Pug.Objects,PetBedDogHouse
1311803828,Pug.Objects,PetBird
1452968915,Pug.Objects,PetBunny
2056254248,Pug.Objects,PetCat
1125637740,Pug.Objects,PetDog
-542207420,Pug.Objects,PetElectric
-1868631326,Pug.Objects,PetMagic
268432722,Pug.Objects,PetMoth
-1388432034,Pug.Objects,PetSlimeBlob
483530242,Pug.Objects,PetTardigrade
1057565295,Pug.Objects,PetWarlock
-917531101,Pug.Objects,PickaxeMinion
-208567319,Pug.Objects,PileOfChum
313814881,Pug.Objects,Plant
429782137,Pug.Objects,PlanterBox
-85675200,Pug.Objects,PlayerProximitySensor
1867655628,Pug.Objects,PlumeTree
1588309201,Pug.Objects,PoisonGrenade
-1342006532,Pug.Objects,PoisonMinion
1641278378,Pug.Objects,PoisonMinionProjectile
-1533208947,Pug.Objects,PoisonSlimeBoss
-671121480,Pug.Objects,PoisonSlimeBossMortarProjectile
-625647898,Pug.Objects,PoisonSlimeDestructLarge
745762306,Pug.Objects,PoisonSlimeDestructMedium
888728916,Pug.Objects,PoisonSlimeDestructSmall
773965620,Pug.Objects,PoisonTrap
112226279,Pug.Objects,Pot
1375515198,Pug.Objects,PottedPlant
-993785153,Pug.Objects,PressurePlate
-1327956347,Pug.Objects,PrimitiveGoKart
2080567941,Pug.Objects,PrinceGrave
69470131,Pug.Objects,Projectile
1433046349,Pug.Objects,ProjectileParticleSetting
217199471,Pug.Objects,ProximityBomb
-1176706800,Pug.Objects,PugPlush
261891972,Pug.Objects,PulseCircuit
969130992,Pug.Objects,QueenGrave
-2059525651,Pug.Objects,RadiationCrystal
-945500690,Pug.Objects,RadiationMinion
-393190166,Pug.Objects,RazorFlakeProjectile
1115176784,Pug.Objects,RazorFlakeShardProjectile
-181598092,Pug.Objects,RebreatherSceneSprout
343796361,Pug.Objects,RecordableTransform
-2023281174,Pug.Objects,RedEnvelope
1642577577,Pug.Objects,RemoteExplosive
1042208,Pug.Objects,RobotArm
1871405536,Pug.Objects,RobotBoss
14773936,Pug.Objects,RobotBossActivatorConsole
-981274653,Pug.Objects,RobotBossAttackPushback
1190048860,Pug.Objects,RobotBossBulletSpawner
218329804,Pug.Objects,RobotBossFireRocketMortarProjectile
1649692413,Pug.Objects,RobotBossLargeProjectile
-1155769994,Pug.Objects,RobotBossLargeProjectileVoid
-771019333,Pug.Objects,RobotBossLeg
-1280120167,Pug.Objects,RobotBossThighController
-374460431,Pug.Objects,RobotFarmArm
105805348,Pug.Objects,RobotMiner
-529394271,Pug.Objects,RobotPatroller
1657269225,Pug.Objects,RobotPatrollerMortarFireProjectile
771247358,Pug.Objects,RobotPatrollerMortarOilProjectile
-178596121,Pug.Objects,RobotSwarmer
1232296905,Pug.Objects,RolyPoly
-1400071263,Pug.Objects,RolyPolyBaby
1573307798,Pug.Objects,RootPlant
1372781053,Pug.Objects,RuinsCavelingPillar
-1814233599,Pug.Objects,RuinsCoreRelief
-661640035,Pug.Objects,RuinsFireplace
-504150413,Pug.Objects,RuinsGate
756083442,Pug.Objects,RuinsPiece1
-1319979521,Pug.Objects,RuinsPiece2
1312391428,Pug.Objects,RuinsPiece3
-1613065105,Pug.Objects,RuinsPiece4
-1892250601,Pug.Objects,RuinsShelfLarge
598086484,Pug.Objects,RuinsShelfSmall
1382091057,Pug.Objects,RuinsStool
-1580706418,Pug.Objects,RuinsTable
1483841686,Pug.Objects,RuinsTableSmall
180105035,Pug.Objects,RunesongTrail
497781759,Pug.Objects,SahabarMonument
768635928,Pug.Objects,SalvageAndRepairStation
-1935613917,Pug.Objects,SandExplosion
465446770,Pug.Objects,SantasLittleHelper
1123948369,Pug.Objects,ScarabBoss
-438532135,Pug.Objects,ScarabBossProjectile
-2020726028,Pug.Objects,ScarabMortarProjectile
-848306418,Pug.Objects,ScarabWingcover
1634302203,Pug.Objects,SeaBiomeChest
756217731,Pug.Objects,SeaShell
606867370,Pug.Objects,SeasonalMerchant
1252435692,Pug.Objects,Seed
1886350457,Pug.Objects,SeedExtractor
-1473434084,Pug.Objects,SeekerBomb
592736715,Pug.Objects,ShamanBoss
1363778479,Pug.Objects,ShamanBossFireAnticipation
1112490000,Pug.Objects,ShockWaveProjectile
540540489,Pug.Objects,Shredder
-1063780106,Pug.Objects,ShrineMural
-337517543,Pug.Objects,Sign
-168081034,Pug.Objects,SignArrow
-2017746617,Pug.Objects,SignPostBrute
-642328461,Pug.Objects,SignPostSkull
1283710053,Pug.Objects,SimpleCraftingBuilding
-683638338,Pug.Objects,SimpleWideCraftingBuilding
-1775753576,Pug.Objects,SingingCrystal
-864985364,Pug.Objects,SirenLamp
-973642957,Pug.Objects,SlimeBlob
-803159699,Pug.Objects,SlimeBoss
865982413,Pug.Objects,SlimeBossStatue
1568067293,Pug.Objects,SlimeDestructLarge
-558682705,Pug.Objects,SlimeDestructMedium
-1977588213,Pug.Objects,SlimeDestructSmall
224566434,Pug.Objects,SlimeMerchant
1218223667,Pug.Objects,SlimeOil
-1363769122,Pug.Objects,SlimeProjectile
430652332,Pug.Objects,SlingShotProjectile
-725122979,Pug.Objects,SlipperySlimeBoss
594973748,Pug.Objects,SmallBomb
-1007586597,Pug.Objects,SmallCrystalGrass
318835913,Pug.Objects,SmallExplosion
115156450,Pug.Objects,SmallFeatherTree
131627238,Pug.Objects,SmallFireballProjectile
-1424981918,Pug.Objects,SmallIndustrialTable
-2069323777,Pug.Objects,SmallSulfurExplosion
2001040661,Pug.Objects,SmallTempleRug
1986994896,Pug.Objects,SmallTentacle
1853828418,Pug.Objects,SmelterKiln
1069507155,Pug.Objects,SmithingBellow
419693949,Pug.Objects,SnakeBossSegment
-1589552254,Pug.Objects,SnakeBossSegmentSpriteController
-523887446,Pug.Objects,SnarePlant
-1187663443,Pug.Objects,SnowballProjectile
1674067839,Pug.Objects,SnowballPyramid
472518053,Pug.Objects,SoulOrb
-2005688586,Pug.Objects,Speaker
-1410010328,Pug.Objects,SpearProjectile
1134247517,Pug.Objects,SpearRack
1807529582,Pug.Objects,SpikeTrap
-1204475066,Pug.Objects,Sprinkler
-2116832840,Pug.Objects,Sprites
-1284354569,Pug.Objects,Stalagmite
-594277454,Pug.Objects,StoneHatchlingExplosion
332885401,Pug.Objects,StoneLantern
1480068071,Pug.Objects,StoneMortarProjectile
-1088250990,Pug.Objects,StunGrenade
1487543315,Pug.Objects,SulfurBomb
334179619,Pug.Objects,SulfurBud
-1971921163,Pug.Objects,SulfurExplosion
-99471530,Pug.Objects,SulfurSetPuffExplosion
1214925998,Pug.Objects,SulfurTree
329984231,Pug.Objects,SummonArea
1851442929,Pug.Objects,SunExplosion
1254244182,Pug.Objects,SunStaffProjectile
1093715022,Pug.Objects,SurfaceCoral1Large
-368147746,Pug.Objects,SurfaceCoral1Medium
-1721412129,Pug.Objects,SurfaceCoral1Small
1660829389,Pug.Objects,SurfaceCoral2Large
2113809526,Pug.Objects,SurfaceCoral2Small
246603463,Pug.Objects,SurfaceCoral3Large
246145356,Pug.Objects,SurfaceCoral3Small
-1805599566,Pug.Objects,TCircuit
-851233344,Pug.Objects,Table
-282549051,Pug.Objects,TableItem
1133261827,Pug.Objects,TableItemsList
249892482,Pug.Objects,TableSaw
1506765185,Pug.Objects,TallCrystalGrass
1666279077,Pug.Objects,TallGrass
-1752052195,Pug.Objects,TempleAzeosUrn
284377430,Pug.Objects,TempleGlyphBlock
-2082074917,Pug.Objects,TempleGlyphBlockBroken
1071428204,Pug.Objects,TempleGlyphWall1
-546028524,Pug.Objects,TempleGlyphWall2
-774830723,Pug.Objects,TempleGuardianStatue
-1998982794,Pug.Objects,TempleGuardianStatueRaided
1662675711,Pug.Objects,TempleMuralAzeos
32801054,Pug.Objects,TempleMuralOmoroth
-1706668643,Pug.Objects,TempleMuralRaAkar
-483078835,Pug.Objects,TempleOmorothUrn
-88379063,Pug.Objects,TemplePillar
834460063,Pug.Objects,TempleRaAkarUrn
1469740714,Pug.Objects,TempleThrone
625527075,Pug.Objects,Terrarium
-1142015727,Pug.Objects,Thumper
887282958,Pug.Objects,TickEvent
-566568785,Pug.Objects,TilesetDependentSprite
-1010759084,Pug.Objects,TiltedGrave
-2064455085,Pug.Objects,Torch
-480898583,Pug.Objects,TowerShell
-492611628,Pug.Objects,Tree
150133360,Pug.Objects,Trophy
576076454,Pug.Objects,Turret
315548445,Pug.Objects,Turtle
1408655284,Pug.Objects,TurtleBaby
36349516,Pug.Objects,TurtleRock
1014842539,Pug.Objects,TypeData
-1515814781,Pug.Objects,UndergroundElectricityGenerator
2006946129,Pug.Objects,UpgradeForge
-2017421296,Pug.Objects,ValentineCandles
-258895325,Pug.Objects,ValentineLetter
-1631830343,Pug.Objects,ValentinePainting
366513942,Pug.Objects,ValentinePlushie
951981225,Pug.Objects,ValentineRug
-1197692341,Pug.Objects,ValentineWallHearts
884132996,Pug.Objects,VariationData
612114121,Pug.Objects,VendingMachineBroken
-1034907577,Pug.Objects,VisualObjectSelector
1766769019,Pug.Objects,VoidBomb
1316939938,Pug.Objects,VoidCavelingFireballProjectile
841684370,Pug.Objects,VoidClubTrail
-2005871954,Pug.Objects,VoidLarva
1715346130,Pug.Objects,VoidLarvaCocoon
-729540429,Pug.Objects,VoidMerchant
-1107104839,Pug.Objects,VoidMerchantIdol
758120119,Pug.Objects,VoidOrbGunProjectile
1066129202,Pug.Objects,VoidRift
953290786,Pug.Objects,VoidTentacleTrap
-9550538,Pug.Objects,WallBoss
-920896653,Pug.Objects,WallBossBulb
-1655362788,Pug.Objects,WallBossHead
1926944075,Pug.Objects,WallBossPupilController
-1570080833,Pug.Objects,WallDesertExplosiveBlock
1813846055,Pug.Objects,WallExplosiveBlock
1319400946,Pug.Objects,WallGauge
-16304209,Pug.Objects,WallLightBulb
-1164820947,Pug.Objects,WallMetalSheet
-32255828,Pug.Objects,WallNaturalExplosiveBlock
-1400057042,Pug.Objects,WallTapestry
-328612045,Pug.Objects,WallThermostat
-1319073935,Pug.Objects,WashBasin
2125237289,Pug.Objects,WaterKelp
-935407648,Pug.Objects,WaterLily
1229850662,Pug.Objects,WaterReed
760464422,Pug.Objects,WaterWell
1964355279,Pug.Objects,Wheelbarrow
-2001795666,Pug.Objects,WoodArrowProjectile
-1234972243,Pug.Objects,WoodDoor
-418747517,Pug.Objects,WoodPillar
-150294291,Pug.Objects,WoodSpikeTrap
-81049895,Pug.Objects,WoodStool
1679300668,Pug.Objects,WoodTable
-689921412,Pug.Objects,WoodenDestructible
-75207647,Pug.Objects,WoodenPallet
-918247398,Pug.Objects,WoodenSign
-1242489172,Pug.Objects,WormSegment
-1763533844,Pug.Objects,WormSegmentTail
-1700477893,Pug.Objects,WorshipMural
-606377298,Pug.Objects,YellowWarningSign
-1995345498,Pug.Other,AFPortal
928957526,Pug.Other,AchievementData
-1004460574,Pug.Other,AchievementSystem
1344580740,Pug.Other,AchievementsManager
174199647,Pug.Other,AchievementsMapper
-846765054,Pug.Other,AffectObjectWhenMelodyPlayedSystem
-681206200,Pug.Other,AimUI
819947562,Pug.Other,AlphaFollowLoadFader
90459980,Pug.Other,AmbientSound
-2060470917,Pug.Other,AmbientSoundsHandler
150358006,Pug.Other,AmountOfHPMPToRestoreWhenLiked
-445736940,Pug.Other,AnimateDontDestroyOnZeroHealthSystem
-531904677,Pug.Other,AnimationEventEffect
1479632701,Pug.Other,AssetScrambler
-402898403,Pug.Other,AttackFX
1359011188,Pug.Other,AttackPlayerPositionBufferExtensions
51900858,Pug.Other,AttackPlayerServer
280065146,Pug.Other,AttackSystem
440998525,Pug.Other,AudioClipCount
-2112795781,Pug.Other,AudioField
-1676101247,Pug.Other,AudioInfo
-1096071091,Pug.Other,AudioManager
1508494719,Pug.Other,AutoSortChild
-809237155,Pug.Other,Background
-781537310,Pug.Other,BackgroundDarkStars
-1757855657,Pug.Other,BeamWeaponSlot
-1533304312,Pug.Other,Bed
-1835337238,Pug.Other,BeforePredictedFixedStepSimulationSystemGroup
1218893601,Pug.Other,BeforePredictedSimulationSystemGroup
-1007692085,Pug.Other,BeginSimulationSystemGroup
-1004107248,Pug.Other,BenchmarkRunner
1571881886,Pug.Other,BiliBiliManager
-1697490301,Pug.Other,BilibiliConfiguration
-944777518,Pug.Other,BilinearQuadAutoSizer
1901715251,Pug.Other,BiomeBossHydraStatueUI
-1145631728,Pug.Other,BiomeBossStatueUI
1545448514,Pug.Other,BiomeRangesInitializeSystem
-186326385,Pug.Other,BiomeSamplesInitializeSystem
805006917,Pug.Other,BlinkEffect
-685432232,Pug.Other,BlockingUIElement
-479846979,Pug.Other,Boat
-763271212,Pug.Other,BoatRidingColliderVariationPostConverter
1439681602,Pug.Other,BoatSkin
1237517191,Pug.Other,BombGroupsConfigurations
1084650412,Pug.Other,BombPosCleanupConfigurations
1521352650,Pug.Other,BossSpawnSystem
-1852978488,Pug.Other,BossStatueInventoryUI
7981884,Pug.Other,BossStatueRecipeSlotUI
-1189503019,Pug.Other,BossStatueRecipesUI
254752931,Pug.Other,BossStatueSlotUI
2144607207,Pug.Other,BossStatueUI
-1651224180,Pug.Other,BossSummoningSystem
1620288401,Pug.Other,BreedStateToggle
-2140486642,Pug.Other,BucketSlot
-486306978,Pug.Other,BugNetSlot
-1748679033,Pug.Other,ButtonUIElement
958021654,Pug.Other,BuyInventoryUI
348907418,Pug.Other,BuySlotUI
901682060,Pug.Other,BuyUI
-1736534542,Pug.Other,CameraCallbacks
1158505755,Pug.Other,CameraDrawSystem
6561296,Pug.Other,CameraManager
-657070740,Pug.Other,CameraMatrixScaler
-1247675985,Pug.Other,CameraSceneFader
2126204650,Pug.Other,CameraUpdateSystem
1959523049,Pug.Other,CantBeAttackedForOneFrameSystem
-635324287,Pug.Other,CarryableEffect
252398147,Pug.Other,CastBarUI
-1736163221,Pug.Other,CastingItemSlot
1095095895,Pug.Other,CategoryTagSprite
-1127029329,Pug.Other,Cattle
55513437,Pug.Other,CattleFoodSlotUI
-1650768898,Pug.Other,CattleFoodUI
-1744807679,Pug.Other,CattleUI
890101335,Pug.Other,ChallengeTracker
-863584819,Pug.Other,CharacterCustomizationMenu
1300632536,Pug.Other,CharacterCustomizationOption_NameInput
88333893,Pug.Other,CharacterCustomizationOption_Randomize
-6413109,Pug.Other,CharacterCustomizationOption_Rotate
-591528335,Pug.Other,CharacterCustomizationOption_Selection
-603957464,Pug.Other,CharacterData
-1087151945,Pug.Other,CharacterMarkBlinker
-1884672520,Pug.Other,CharacterStatsWindow
1002085968,Pug.Other,CharacterTypeColor
-1799127232,Pug.Other,CharacterTypeOption_Selection
253387762,Pug.Other,CharacterTypeSelectionMenu
746939894,Pug.Other,CharacterUIElement
1126624959,Pug.Other,CharacterWindowTab
-569556230,Pug.Other,CharacterWindowUI
-904983706,Pug.Other,ChatWindow
1915365208,Pug.Other,CheckLastWorldWrite
648105953,Pug.Other,Chest
-69457089,Pug.Other,ChestInventoryUI
1793248719,Pug.Other,ChooseCharacterMenu
1733049692,Pug.Other,CinematicBars
-499368900,Pug.Other,ClientDisconnectSystem
-687794539,Pug.Other,CloseButton
21489939,Pug.Other,ColorReplacer
1270686309,Pug.Other,ColorRotator
1090644300,Pug.Other,CombatText
431935889,Pug.Other,CommandLineArgs
-1697007440,Pug.Other,ConditionEffectsUpdateSystemGroup
-1751390898,Pug.Other,ConditionUI
-388718075,Pug.Other,ConditionUIExtensions
-853731095,Pug.Other,ConditionsContainerUI
-21266050,Pug.Other,ConditionsEffectsHandler
-1395417603,Pug.Other,ConditionsEffectsSettings
-453230630,Pug.Other,ConsoleHelpText
1405690098,Pug.Other,ContributingTiles
1368003319,Pug.Other,ControllerButtonAndChar
-270229194,Pug.Other,ControllerButtonToCharTable
147114066,Pug.Other,ControllerChar
1456064187,Pug.Other,ConvertInSerializeWorldSystemGroup
-473402441,Pug.Other,ConvertInServerWorldSystemGroup
140239767,Pug.Other,ConvertToTileSystem
1831776053,Pug.Other,CookBookIngredientFilterSlot
-1598263599,Pug.Other,CookBookIngredientFilterUI
1028139086,Pug.Other,CookBookIngredientTypeFilterSlot
-74737459,Pug.Other,CookBookIngredientTypeFilterUI
1968959508,Pug.Other,CookBookRecipe
1974025169,Pug.Other,CookBookUI
1872809981,Pug.Other,CookingCraftingUI
195901622,Pug.Other,CookingInventoryUI
-981571279,Pug.Other,CoordinatesUI
28012355,Pug.Other,CopyGameIDButton
-1403897041,Pug.Other,CraftMiningPickTutorial
2045584137,Pug.Other,CraftTorchTutorial
306712779,Pug.Other,CraftWorkbenchTutorial
346152308,Pug.Other,CraftingBuilding
372459938,Pug.Other,CraftingCategoryNavigationUI
834926152,Pug.Other,CraftingCategoryWindowInfo
-398939990,Pug.Other,CraftingCategoryWindowInfos
455311107,Pug.Other,CraftingHandler
901334090,Pug.Other,CraftingSelectorData
-1098979014,Pug.Other,CraftingSelectorDataAllObjects
-1796237946,Pug.Other,CraftingSelectorFilter
1766410571,Pug.Other,CraftingSelectorFilterCategory
-49878911,Pug.Other,CraftingSelectorFilterCategorySlot
1899065718,Pug.Other,CraftingSelectorFilterCategoryUI
1808342061,Pug.Other,CraftingSelectorSlot
708706489,Pug.Other,CraftingSelectorUI
1878527244,Pug.Other,CraftingUIBase
-1432429038,Pug.Other,CraftingUISettings
508705835,Pug.Other,CraftingUISettingsOverride
-157309879,Pug.Other,CraftingUITheme
-1635986856,Pug.Other,CreateCharacterGuidSystem
483723248,Pug.Other,CreateClientSubMapSystem
1682898219,Pug.Other,CreateModSave
-1580151143,Pug.Other,CreationDate
770478838,Pug.Other,CreativeModeOptionsUI
-731856856,Pug.Other,CreditsGraphicsAnimator
-100511041,Pug.Other,CritterRemoveSystem
584901526,Pug.Other,CrossPlatformSessionData
1957304324,Pug.Other,CrystalIDToSpriteBackground
-735855657,Pug.Other,CrystalSprite
1665105054,Pug.Other,CurrencyUI
-1769695757,Pug.Other,CustomBootstrap
-1837462606,Pug.Other,CustomPlayFabAuthentication
1424038503,Pug.Other,CustomSceneAuthoring
5207093,Pug.Other,CustomSceneCenter
-420905037,Pug.Other,CustomSceneConverter
916299462,Pug.Other,CustomScenePostConverter
1769249552,Pug.Other,CustomScenesTable
1648615006,Pug.Other,CutsceneHandler
-188125630,Pug.Other,DatabaseConversionUtility
-1707607639,Pug.Other,DebuffBuffPotionGroupsConfigurations
-2122747305,Pug.Other,DebuffBuffPotionGroupsProbability
1262750334,Pug.Other,DebugText
-597143997,Pug.Other,DefaultConvertSystem
-933508416,Pug.Other,DeserializeComponentsSystem
356990776,Pug.Other,DestroyEntitiesWhenNoNearbyPlayerSystem
725498678,Pug.Other,DestroyEntityIfPlacementNotValidSystem
-1449655715,Pug.Other,DestroyOnLoad
1515714192,Pug.Other,DetectRoomSystem
1650168141,Pug.Other,DisableCameraShadowRendering
-872001580,Pug.Other,DisableOnPlatforms
609319159,Pug.Other,DisablePhysicsRestoreConverter
1332053546,Pug.Other,DontDestroyOnLoad
1576030970,Pug.Other,DontUnloadConverter
328995405,Pug.Other,DownscaleTimestampData_00006101
-235503545,Pug.Other,DropLootPostConverter
-877531035,Pug.Other,DropdownEntry
154010907,Pug.Other,DropdownEntryData
2135906900,Pug.Other,DropdownUIElement
1395280746,Pug.Other,DummyFileSystem
1933113839,Pug.Other,DummyNetworking
-1949067736,Pug.Other,DummyParentalControl
1547143474,Pug.Other,DummySessionManager
363572316,Pug.Other,DummyStreamIntegrationManager
1745512273,Pug.Other,DynamicFontInfo
-991101919,Pug.Other,DynamicSpawnDistanceSystem
-998645867,Pug.Other,ECS.Systems.Conditions.__codegen__OnCreate_000077E9
-146783087,Pug.Other,ECS.Systems.Conditions.__codegen__OnUpdate_000077EA
1826022942,Pug.Other,ECS.Systems.Controlling.__codegen__OnUpdate_000077B8
-1705788886,Pug.Other,ECSManager
-1052756245,Pug.Other,ECSManagerDummySystem
1479738061,Pug.Other,EatStateSystem
-1763606242,Pug.Other,EatableSlot
596621186,Pug.Other,Effect
-164341361,Pug.Other,EffectCoroutines
-1792707424,Pug.Other,EffectEventClientSystem
1769509433,Pug.Other,EffectEventExtensions
1696695641,Pug.Other,EffectsManager
-529989870,Pug.Other,ElectricBeamFX
-444728835,Pug.Other,ElectricityIconUIElement
2142654596,Pug.Other,Emote
1378035988,Pug.Other,EmoteIconSpriteSheet
-1473167726,Pug.Other,EmptyArchetypeLogger
-2042781214,Pug.Other,EnableEffectsForEntityVariation
1931054187,Pug.Other,EndPredictedSimulationSystemGroup
-935313715,Pug.Other,EndPresentationEntityCommandBufferSystem
-423007168,Pug.Other,EndPresentationSystemGroup
-11156467,Pug.Other,EndSimulationSystemGroup
-518115393,Pug.Other,EnemyActAsDestructibleSystem
951008168,Pug.Other,EnemyGroupsConfigurations
87035447,Pug.Other,EnemyGroupsProbability
-1321308320,Pug.Other,EnemySpawnerPlatformSystem
-875602988,Pug.Other,EnergyBeamFX
1240517312,Pug.Other,EntityMonoBehaviour
42304325,Pug.Other,EntityMonoBehaviourExtensions
-46534579,Pug.Other,EntityPlayingMusic
1663880224,Pug.Other,EntityPrespawnSystem
-1499220707,Pug.Other,EntityUtility
-809552780,Pug.Other,EnvironmentSpawnObjectBufferExtensions
-150645965,Pug.Other,EquipGearSlot
-699433338,Pug.Other,EquipmentHandler
-82234206,Pug.Other,EquipmentInventoryUI
1632446881,Pug.Other,EquipmentSlot
-171239377,Pug.Other,EquipmentSlotUI
1602307705,Pug.Other,EulaTextPanel
1732604512,Pug.Other,EventTerminalSystem
-389429391,Pug.Other,ExplodeOnImpactWithEntitySystem
302636982,Pug.Other,ExplodeOnImpactWithMinionSystem
-565169722,Pug.Other,ExplodeStateSystem
-599857958,Pug.Other,ExplosionEffect
346236891,Pug.Other,ExtractResourcesCraftingUI
1082802211,Pug.Other,ExtractResourcesInventoryUI
648790219,Pug.Other,ExtractResourcesRecipesUI
1306833582,Pug.Other,Extractor
-275607864,Pug.Other,FPSCounter
182019082,Pug.Other,FadePresets
1973407639,Pug.Other,FadeoutLight
-1571796243,Pug.Other,FilteredObject
-2088546899,Pug.Other,FilteringSlotUI
1447968272,Pug.Other,FilteringUI
-1174467878,Pug.Other,FiltersUI
-1815637318,Pug.Other,FindClosestColorMatch_00006102
2101741244,Pug.Other,FireworkExplosion
1101897681,Pug.Other,FishingCraftingUI
1961928691,Pug.Other,FishingInventoryUI
1517099826,Pug.Other,FishingMiniGame
999922863,Pug.Other,FishingRodColorGradient
2110321870,Pug.Other,FishingRodSlot
55969285,Pug.Other,FishingUI
-702644649,Pug.Other,FixedStartEndParticle
1169679675,Pug.Other,FlamethrowerFX
-1486516395,Pug.Other,FlashBlinkEffect
1417231624,Pug.Other,FlashEffect
1417890464,Pug.Other,Flashable
-1941329486,Pug.Other,FloatShaderVariableSetting
-1955386780,Pug.Other,FollowPheromoneStateSystem
-1776826769,Pug.Other,FollowPlayerController
1181317284,Pug.Other,FontInfo
-931739741,Pug.Other,ForcePointlightOnSwitch
1985842321,Pug.Other,GUILogger
660722546,Pug.Other,GainONeLevelPerSKillPointKey
403615026,Pug.Other,GalleryImage
492860784,Pug.Other,GameCorePlatformAdapter
1101580534,Pug.Other,GameID
-1373630914,Pug.Other,GameMusicHandler
-1948953223,Pug.Other,GameObjectOffset
540142383,Pug.Other,GamecoreUserProfileDisplay
1821059422,Pug.Other,GatherWoodTutorial
-926594646,Pug.Other,GetColorFromColorIndex_00006103
845967176,Pug.Other,GetColorIndexFromColor_00006104
1576331767,Pug.Other,GetUserProfileContainer
1228971565,Pug.Other,Geyser
510057887,Pug.Other,GhostConfigFromIMonoBehaviourData
-671029686,Pug.Other,GlowColor
-1410360457,Pug.Other,GlyphData
463887400,Pug.Other,GoKart
-1902481932,Pug.Other,GroundFogDataBlock
-507690577,Pug.Other,Group
-1075724154,Pug.Other,GuestModeButton
633254360,Pug.Other,HatchWhenPlayerNearbyStateSystem
65973505,Pug.Other,HealOtherEntityStateSystem
-1432129127,Pug.Other,HealthBar
-1014061637,Pug.Other,HelpButton
-1527656442,Pug.Other,HoeSlot
-155110401,Pug.Other,HonkButton
1960202364,Pug.Other,HorizontalFloat
907818432,Pug.Other,HotbarSwapArrowButtonUI
821684549,Pug.Other,HoverConditionUIElement
-1722299670,Pug.Other,HoverRequiredMaterialUIElement
1031832302,Pug.Other,HoverTitleIcon
-478385857,Pug.Other,I2TextDataBlockImporter
-384016137,Pug.Other,IPandPortText
-1293761972,Pug.Other,IdleEmoteStateSystem
558195547,Pug.Other,IdleInCombatStateSystem
-1429391273,Pug.Other,IdleWhenNearbyPlayerStateSystem
1005693412,Pug.Other,ImmunityZoneSystem
1266869015,Pug.Other,InGameButtonHintsUI
256225164,Pug.Other,InGameHintButtons
-761654403,Pug.Other,IngameButtonHint
913291360,Pug.Other,IngredientTypeInfo
-1334111655,Pug.Other,InheritPlacementFromUIComponent
-331665281,Pug.Other,InputDependentActivator
13033585,Pug.Other,InputDependentAnimationTrigger
2027047631,Pug.Other,InputDependentPugText
-801705367,Pug.Other,InputDependentSettings
53346743,Pug.Other,InputDependentSprite
-1477404088,Pug.Other,InputDependentSpriteSettings
1198294276,Pug.Other,InputDependentTriggerSettings
1682207554,Pug.Other,InputManager
-1136967199,Pug.Other,InstrumentSlot
-1562169281,Pug.Other,InstrumentStateExtensions
-507970110,Pug.Other,InstrumentUI
760637328,Pug.Other,InteractButton
-1112362340,Pug.Other,InteractWithEnvironmentSystem
-1216031652,Pug.Other,InteractableObject
923491461,Pug.Other,Interaction.InteractablePostConverter
-1928899849,Pug.Other,IntroHandler
1418025883,Pug.Other,Inventory.Create
-893347730,Pug.Other,Inventory.GetNearbyChestsByDistance_00007382
234884136,Pug.Other,Inventory.GetNearbyChestsForCraftingByDistance_00007381
-763190563,Pug.Other,Inventory.InventoryResultEvaluationSystemGroup
3162875,Pug.Other,Inventory.InventorySystemGroup
-2093095600,Pug.Other,Inventory.InventoryUtility
-562859433,Pug.Other,Inventory.__codegen__OnStartRunning_000072E0
-1024124071,Pug.Other,Inventory.__codegen__OnStopRunning_000072E1
-1135653482,Pug.Other,Inventory.__codegen__OnUpdate_000072DF
-1379532842,Pug.Other,InventoryAuxDataSystem
428194124,Pug.Other,InventoryAuxDataSystemExtensions
-217810461,Pug.Other,InventoryButton
1804150485,Pug.Other,InventoryHandler
-1218350244,Pug.Other,InventoryProgressSlotUI
126337575,Pug.Other,InventoryShortCutsButton
192184044,Pug.Other,InventorySlotUI
-1251843139,Pug.Other,InventoryUI
1020802408,Pug.Other,InventoryUIStateTheme
-777163338,Pug.Other,InvitePlayersHelper
-190326973,Pug.Other,ItemAchievement
-1613487234,Pug.Other,ItemDiscoveryTextUI
-377237364,Pug.Other,ItemDiscoveryUI
1797626398,Pug.Other,ItemSlotsBarUI
2040250752,Pug.Other,ItemSlotsUIContainer
-1539671029,Pug.Other,KeepTextWithinSafeZone
2095709085,Pug.Other,LarvaHiveBossHatchEggStateSystem
610303532,Pug.Other,LarvaHiveEggColliderSystem
-1379499825,Pug.Other,LarvaHiveEggHatchStateSystem
694580882,Pug.Other,Leash
-631242469,Pug.Other,LeashPoints
-1081957822,Pug.Other,LightFlickerEffect
-830818458,Pug.Other,LightManager
-581135152,Pug.Other,LightUpHintIcon
-2136513284,Pug.Other,LinearLayoutUIComponent
118626446,Pug.Other,ListConnectedPlayers
-833704985,Pug.Other,ListIcon
-1325535782,Pug.Other,LoadManager
-1650332633,Pug.Other,LoadPointSpriteRendererPair
-1971833581,Pug.Other,LoadSystem
-147105003,Pug.Other,LoadingIndicator
567158730,Pug.Other,LoadingProgressBar
1793561648,Pug.Other,LoadingScene
-1340265921,Pug.Other,LocalPresentationCueSystemGroup
-1729507110,Pug.Other,LockItemsToggle
-877939892,Pug.Other,MagicBarrierBarUI
-1834043856,Pug.Other,MagicBeamFX
-1817549492,Pug.Other,MagicMirror
-968291295,Pug.Other,ManagedLight
1046094833,Pug.Other,Manager
-1441654070,Pug.Other,ManagerBase
-2118827087,Pug.Other,MapButton
1148629094,Pug.Other,MapFile
-1554382279,Pug.Other,MapMarkerUIElement
-1498891909,Pug.Other,MapPackingHelper
-334359545,Pug.Other,MapUI
-92460058,Pug.Other,MapUIBurstedUtility
-566991321,Pug.Other,MapUpdateSystem
-485033652,Pug.Other,MapVariation
-1547613177,Pug.Other,MaterialInfo
-1287879315,Pug.Other,MaxEnemiesOnScreenPerRarity
-527806130,Pug.Other,MeleeWeaponSlot
428879987,Pug.Other,MelodyData
73054733,Pug.Other,MemoryManager
-1755472806,Pug.Other,MemoryShrinkUtil
-861099412,Pug.Other,MenuHelperButtons
-1931107522,Pug.Other,MenuManager
1402788994,Pug.Other,MerchantBuyInventorySystem
1992441465,Pug.Other,MeshCheapOneColor
-413232495,Pug.Other,MeshSpriteRenderer
-1224079800,Pug.Other,MessagePack.GeneratedMessagePackResolver
56419728,Pug.Other,MessagePack.MapFileFormatter
-1271005806,Pug.Other,MessagePack.MapPartSerializedFormatter
-529779700,Pug.Other,MessagePack.MapTimestampHashFormatter
-526429271,Pug.Other,MimicPlayerInstrumentNotesSystem
1672822473,Pug.Other,Minecart
-1645512860,Pug.Other,MinionBase
448579150,Pug.Other,MinionCountUI
-203032128,Pug.Other,MinionDurationBar
-481259285,Pug.Other,MinionExtensions
-337427202,Pug.Other,MinionInitSystem
-590147149,Pug.Other,ModAPIConfig
1221706919,Pug.Other,ModIOBrowserInputCapture
1882207564,Pug.Other,ModManager
880785365,Pug.Other,ModPostConverter
-469128011,Pug.Other,ModSave
1760985620,Pug.Other,MoveCameraAndWorldToOriginDuringRender
-831507399,Pug.Other,MoveToPredictionPostConverter
1537531371,Pug.Other,MusicAreaSystem
832048723,Pug.Other,MusicManager
-385102053,Pug.Other,MusicRoster
1849125522,Pug.Other,MusicTrack
445571678,Pug.Other,NativeListOutputStream
809524974,Pug.Other,NearbyEntitiesTrackerSystem
-600264329,Pug.Other,NetworkChatServerSystem
527037202,Pug.Other,NetworkClientStartSystem
1388919429,Pug.Other,NetworkCommSystem
491513071,Pug.Other,NetworkCommandClientSystem
63601349,Pug.Other,NetworkCommandServerSystem
1784663960,Pug.Other,NetworkFailureReasons
-447536750,Pug.Other,NetworkSessionStatistics
-2081248226,Pug.Other,NetworkSubsetBase
-1753053444,Pug.Other,NetworkUpdateClientSystem
973088061,Pug.Other,NetworkUpdateServerSystem
-461584822,Pug.Other,NetworkedEcb.ClientSendSystem
-1400282818,Pug.Other,NetworkedEcb.ServerReceiveSystem
650014701,Pug.Other,NetworkingManager
1362688015,Pug.Other,NewBehaviourScript
94194121,Pug.Other,NoiseTest
928099569,Pug.Other,NonUsableSlot
1991113055,Pug.Other,NukeAttackFX
129571658,Pug.Other,ObjectCategoryTagColor
-1127616803,Pug.Other,ObjectNameTag
-1472863151,Pug.Other,ObjectOffset
-841268882,Pug.Other,OffsetFromEntityDirectionOrVariation
-1750820929,Pug.Other,OnParticleDeath
1140305285,Pug.Other,OrtographicSizeFromTexture
-591214121,Pug.Other,OutlineController
447238774,Pug.Other,OutputNonSlotUI
1827551763,Pug.Other,OutputSlotUI
-1330612043,Pug.Other,OutputUI
2079118800,Pug.Other,OverlayBannerChallenge
1960143282,Pug.Other,OverrideInstrumentSounds
1209364999,Pug.Other,PSNAuthInfo
506939334,Pug.Other,PaintToolSlot
1633123645,Pug.Other,PaintableColorTints
1938193353,Pug.Other,PaintableLights
137792475,Pug.Other,PaintableSpriteRenderers
-1364488059,Pug.Other,PaintableSpriteSheetSkins
1415415256,Pug.Other,PaintingOptions
1070317283,Pug.Other,ParentalControlManager
1581617652,Pug.Other,ParticleEffectSpawner
-1395024009,Pug.Other,ParticleGroundCollision
-1937581670,Pug.Other,ParticleWallCollider
-781645029,Pug.Other,ParticleWorldSimulationSpace
1819893746,Pug.Other,ParticlesMoveToTarget
175116777,Pug.Other,ParticlesOptions
1908987587,Pug.Other,ParticlesTargeting
-661796153,Pug.Other,ParticlesToSpawn
1322472137,Pug.Other,PauseMenuIconSelectionInfoText
1304490288,Pug.Other,PauseMenuStageIndicator
460096538,Pug.Other,PetBase
-1220115250,Pug.Other,PetExtensions
1755765234,Pug.Other,PetInitSystem
-1515039335,Pug.Other,PetTalentUIElement
-1872513589,Pug.Other,PetTalentsWindow
678874059,Pug.Other,PetWalkStateSystem
-2140261371,Pug.Other,PhaseTransitionStateStateSystem
141566958,Pug.Other,PhysicsManager
2026806551,Pug.Other,PickUpSphere
718747113,Pug.Other,PickUpSystemHelpers
-400293227,Pug.Other,PingNetworkStateProvider
-337515038,Pug.Other,PlaceObjectSlot
649790213,Pug.Other,PlaceObjectStateSystem
784201765,Pug.Other,PlacementHandler
-538269602,Pug.Other,PlacementHandlerBucket
-57389777,Pug.Other,PlacementHandlerDigging
-984918222,Pug.Other,PlacementHandlerPainting
-688596339,Pug.Other,PlacementHandlerRoofingTool
-1886175344,Pug.Other,PlacementHandlerSeeder
1380719899,Pug.Other,PlacementHandlerWatering
174587937,Pug.Other,PlacementIcon
-1809242894,Pug.Other,PlatformDependentPugText
925649986,Pug.Other,PlatformFlagsUtility
-1457445792,Pug.Other,PlatformGlue_Language
-2065583151,Pug.Other,PlatformManager
-2142250383,Pug.Other,PlatformObjectDisabler
643327775,Pug.Other,PlatformObjectPoolScaling
-1362179602,Pug.Other,PlatformSession
281383813,Pug.Other,PlatformSessionParams
-181968306,Pug.Other,PlatformSessionParamsWrapper
2041444037,Pug.Other,PlatformStorefrontUtility
-1171401212,Pug.Other,PlatformUserID
1310431646,Pug.Other,PlayAnimationStateSystem
1501453920,Pug.Other,PlayFabEndPoint
-1732728929,Pug.Other,PlayFabLobbyByPass
351775466,Pug.Other,PlayFabLobbyManager
-184392472,Pug.Other,PlayFabPartyNetworkDescriptor
-1755770151,Pug.Other,PlayFabPartyNetworking
-567612619,Pug.Other,PlayFabPartySessionWrapper
34513389,Pug.Other,PlayInstrumentHandler
-2030835005,Pug.Other,PlayOutroClientSystem
-1375880390,Pug.Other,PlayOutroServerSystem
-521801303,Pug.Other,PlayRespawnSequenceClientSystem
-1967342285,Pug.Other,PlayerCommand.ClientSystem
1120706209,Pug.Other,PlayerCommand.ServerSystem
961855446,Pug.Other,PlayerController
292461576,Pug.Other,PlayerControllerBurstableStatics
-679968862,Pug.Other,PlayerControllerBurstedUtility
1189378060,Pug.Other,PlayerCustomizationIndexToDataBlockMapping
2058848663,Pug.Other,PlayerEquipment.EquipmentAfterUpdateSystemGroup
-1556645484,Pug.Other,PlayerEquipment.EquipmentBeforeUpdateSystemGroup
-1819902222,Pug.Other,PlayerEquipment.EquipmentSystemGroup
-1713489183,Pug.Other,PlayerEquipment.EquipmentUpdateSystemGroup
-1091947160,Pug.Other,PlayerEquipment.__codegen__OnCreate_000073F2
1365205452,Pug.Other,PlayerEquipment.__codegen__OnCreate_0000742F
-1470324622,Pug.Other,PlayerEquipment.__codegen__OnCreate_00007467
579995474,Pug.Other,PlayerEquipment.__codegen__OnCreate_000074BA
-647586113,Pug.Other,PlayerEquipment.__codegen__OnCreate_000074DC
1002766605,Pug.Other,PlayerEquipment.__codegen__OnCreate_00007589
99720918,Pug.Other,PlayerEquipment.__codegen__OnCreate_000075B9
-953008649,Pug.Other,PlayerEquipment.__codegen__OnCreate_000075E9
-2140486063,Pug.Other,PlayerEquipment.__codegen__OnCreate_00007643
-571844390,Pug.Other,PlayerEquipment.__codegen__OnCreate_00007671
1451714929,Pug.Other,PlayerEquipment.__codegen__OnCreate_000076EA
-919901747,Pug.Other,PlayerEquipment.__codegen__OnCreate_00007741
-585967190,Pug.Other,PlayerEquipment.__codegen__OnDestroy_000073C1
-1666337582,Pug.Other,PlayerEquipment.__codegen__OnDestroy_000074BB
306597050,Pug.Other,PlayerEquipment.__codegen__OnDestroy_0000752C
1164057352,Pug.Other,PlayerEquipment.__codegen__OnStartRunning_000073C2
1822060328,Pug.Other,PlayerEquipment.__codegen__OnStartRunning_000076EC
-1417115164,Pug.Other,PlayerEquipment.__codegen__OnStopRunning_000076ED
-1749670439,Pug.Other,PlayerEquipment.__codegen__OnUpdate_000073C0
1953894538,Pug.Other,PlayerEquipment.__codegen__OnUpdate_000073F3
291830738,Pug.Other,PlayerEquipment.__codegen__OnUpdate_00007430
-2097919432,Pug.Other,PlayerEquipment.__codegen__OnUpdate_00007468
1337320208,Pug.Other,PlayerEquipment.__codegen__OnUpdate_000074DD
-1521241146,Pug.Other,PlayerEquipment.__codegen__OnUpdate_0000752B
1531364354,Pug.Other,PlayerEquipment.__codegen__OnUpdate_0000755C
-2078903804,Pug.Other,PlayerEquipment.__codegen__OnUpdate_0000758A
1582089814,Pug.Other,PlayerEquipment.__codegen__OnUpdate_000075BA
680196049,Pug.Other,PlayerEquipment.__codegen__OnUpdate_000075EA
-1084842049,Pug.Other,PlayerEquipment.__codegen__OnUpdate_00007616
-101462920,Pug.Other,PlayerEquipment.__codegen__OnUpdate_00007644
-207151927,Pug.Other,PlayerEquipment.__codegen__OnUpdate_00007672
191738617,Pug.Other,PlayerEquipment.__codegen__OnUpdate_000076B9
1848150121,Pug.Other,PlayerEquipment.__codegen__OnUpdate_000076EB
193974540,Pug.Other,PlayerEquipment.__codegen__OnUpdate_00007742
408916066,Pug.Other,PlayerGrave
-1807650901,Pug.Other,PlayerHealthBarUI
1296710634,Pug.Other,PlayerHungerBarUI
1128478638,Pug.Other,PlayerInput
2082711463,Pug.Other,PlayerListEntry
-1640316093,Pug.Other,PlayerListEntryButton
-1594839791,Pug.Other,PlayerManaBarUI
-1267673619,Pug.Other,PlayerNumberArrow
1907471323,Pug.Other,PlayerSettings
-1626810683,Pug.Other,PlayerState.AfterUpdateStateSystemGroup
-2032218907,Pug.Other,PlayerState.Anticipation
1400436281,Pug.Other,PlayerState.BeforeChangeStateSystemGroup
-825435536,Pug.Other,PlayerState.BeforeUpdateStateSystemGroup
-632492239,Pug.Other,PlayerState.BoatRiding
-912037083,Pug.Other,PlayerState.Casting
1675435495,Pug.Other,PlayerState.ControllingStateCommon
-132578545,Pug.Other,PlayerState.Death
-1786076838,Pug.Other,PlayerState.Dig
48057202,Pug.Other,PlayerState.Fishing
234889566,Pug.Other,PlayerState.Flatten
-1416402242,Pug.Other,PlayerState.GuaranteeLegendaryFishKey
927630980,Pug.Other,PlayerState.MinecartRiding
1416821770,Pug.Other,PlayerState.NoClip
-528649048,Pug.Other,PlayerState.PlaceObject
335619226,Pug.Other,PlayerState.PlaceWater
1719390704,Pug.Other,PlayerState.PlayerStateCommon
670317600,Pug.Other,PlayerState.PlayerStateSystemGroup
29697826,Pug.Other,PlayerState.PlayingInstrument
1081109698,Pug.Other,PlayerState.RefillWater
-1701762687,Pug.Other,PlayerState.Release
-1137110072,Pug.Other,PlayerState.Sitting
-42376386,Pug.Other,PlayerState.Sleep
-1997222687,Pug.Other,PlayerState.SpawningFromCore
314373521,Pug.Other,PlayerState.Teleporting
1681653055,Pug.Other,PlayerState.UseOffHand
345048950,Pug.Other,PlayerState.VehicleRiding
268126413,Pug.Other,PlayerState.Walk
-83548154,Pug.Other,PlayerState.__codegen__OnCreate_00007140
-709475623,Pug.Other,PlayerState.__codegen__OnCreate_00007188
1640496183,Pug.Other,PlayerState.__codegen__OnCreate_000071BA
-390035769,Pug.Other,PlayerState.__codegen__OnStartRunning_00007109
1481638783,Pug.Other,PlayerState.__codegen__OnStartRunning_00007142
1766270039,Pug.Other,PlayerState.__codegen__OnStartRunning_000071BC
-476013704,Pug.Other,PlayerState.__codegen__OnStopRunning_0000710A
-788284894,Pug.Other,PlayerState.__codegen__OnUpdate_00007108
2121493086,Pug.Other,PlayerState.__codegen__OnUpdate_00007141
-1715121144,Pug.Other,PlayerState.__codegen__OnUpdate_000071BB
30345388,Pug.Other,PoolInitializer
-1950634774,Pug.Other,PoolSystem
2128103775,Pug.Other,PoolSystemTracker
-568970585,Pug.Other,PoolableAudioSource
-444442152,Pug.Other,PoolablePrefab
-1351061196,Pug.Other,PoolablePrefabBank
550973521,Pug.Other,PoolableSimple
-1257141722,Pug.Other,PooledGraphicalObjectBank
949824850,Pug.Other,PooledModGraphicalObjectBank
1540440796,Pug.Other,PooledParticleSystem
318414581,Pug.Other,PooledParticleSystemBank
1922160550,Pug.Other,PopUpOption
-446326683,Pug.Other,PopUpText
14152039,Pug.Other,Portal
-2146930266,Pug.Other,PostProcessBlending
1928358576,Pug.Other,PouchesWindow
2098661539,Pug.Other,PredictedTransformSmoothingPostConverter
-492201385,Pug.Other,PredictionSmoothingSystemGroup
1987879689,Pug.Other,PrefsData
-1064577897,Pug.Other,PrefsManager
40128559,Pug.Other,PreviewVersionText
-457303636,Pug.Other,PreviousEquipmentTracker
-137846104,Pug.Other,ProcessResourcesCraftingUI
-1332984697,Pug.Other,ProcessResourcesInventoryUI
-1197135111,Pug.Other,ProcessResourcesRecipesUI
1481754420,Pug.Other,Pug.ECS.Hybrid.CreateGraphicalObjectSystem
-387699857,Pug.Other,Pug.ECS.Hybrid.GraphicalObjectConversion
1252137806,Pug.Other,Pug.ECS.Hybrid.QueueSpawnAndDespawn_00007AA3
-2145708142,Pug.Other,Pug.ECS.Hybrid.UpdateGraphicalObjectSystem
-2024051160,Pug.Other,Pug.ECS.Hybrid.UpdateGraphicalObjectTransformSystem
-1823650527,Pug.Other,Pug.ECS.Hybrid.__codegen__OnCreate_00007ACD
1477443133,Pug.Other,Pug.ECS.Hybrid.__codegen__OnStartRunning_00007ACF
-2023392493,Pug.Other,Pug.ECS.Hybrid.__codegen__OnStopRunning_00007AD0
1827841711,Pug.Other,Pug.ECS.Hybrid.__codegen__OnUpdate_00007ACE
-1341865037,Pug.Other,Pug.Other.Generated.__codegen__OnUpdate_000078C6
526271255,Pug.Other,Pug.Other.Generated.__codegen__OnUpdate_000078D1
1370195795,Pug.Other,Pug.Other.Generated.__codegen__OnUpdate_000078DE
-1583391028,Pug.Other,Pug.Other.Generated.__codegen__OnUpdate_000078EB
-309618883,Pug.Other,Pug.Other.Generated.__codegen__OnUpdate_000078F8
1230792270,Pug.Other,Pug.Other.Generated.__codegen__OnUpdate_00007905
-1277466217,Pug.Other,Pug.Other.Generated.__codegen__OnUpdate_00007912
-1980887018,Pug.Other,Pug.Other.Generated.__codegen__OnUpdate_0000791F
702817471,Pug.Other,Pug.Other.Generated.__codegen__OnUpdate_0000792C
-1703055077,Pug.Other,Pug.Other.Generated.__codegen__OnUpdate_00007939
19133561,Pug.Other,Pug.Other.Generated.__codegen__OnUpdate_00007946
817997953,Pug.Other,Pug.Other.Generated.__codegen__OnUpdate_00007953
251838157,Pug.Other,Pug.Other.Generated.__codegen__OnUpdate_00007960
-607645550,Pug.Other,Pug.Other.Generated.__codegen__OnUpdate_0000796D
-500383155,Pug.Other,Pug.Other.Generated.__codegen__OnUpdate_0000797A
-1873943565,Pug.Other,Pug.Other.Generated.__codegen__OnUpdate_00007987
-1174963148,Pug.Other,Pug.Other.Generated.__codegen__OnUpdate_00007994
-1733434283,Pug.Other,Pug.Other.Generated.__codegen__OnUpdate_000079A1
1396647333,Pug.Other,Pug.Other.Generated.__codegen__OnUpdate_000079AE
2067731473,Pug.Other,Pug.Other.Generated.__codegen__OnUpdate_000079BB
706891991,Pug.Other,Pug.Platform.FilesystemManager
1270801007,Pug.Other,Pug.Platform.NoDirectoryFilesystemInterface
-1719201269,Pug.Other,Pug.Platform.StandaloneFilesystem
569441028,Pug.Other,Pug.Platform.SteamFilesystem
1735434611,Pug.Other,Pug.Platform.SteamNetworking
-400358778,Pug.Other,Pug.UnityExtensions.MissingBurstFunctionFallback
480183683,Pug.Other,Pug.UnityExtensions.MissingBurstFunctionFallback_v1_8_25
-225705409,Pug.Other,PugCoolText
-1130607902,Pug.Other,PugDamageAuthoring
1554036841,Pug.Other,PugDamagePrefabsAuthoring
-595119845,Pug.Other,PugDatabase
-1411366685,Pug.Other,PugDatabaseConverter
-1922660009,Pug.Other,PugDatabasePostConverter
692038823,Pug.Other,PugDefaultVariantSystem
1921995279,Pug.Other,PugEcsExtensions
639273052,Pug.Other,PugEntitiesUtil.RunWithoutJobSystem_00006D5D
1602800969,Pug.Other,PugEntitiesUtil.RunWithoutJobSystem_00006D61
-494431083,Pug.Other,PugEntitiesUtil.RunWithoutJobSystem_00006D65
-1316121926,Pug.Other,PugEntitiesUtil.SpawnCompanionsSystem
233034835,Pug.Other,PugEntitiesUtil.__codegen__OnUpdate_00006D6C
336146858,Pug.Other,PugFlora.PugFloraInstantiateSystem
122695190,Pug.Other,PugFlora.RunWithoutJobSystem_00006F77
-120976782,Pug.Other,PugFlora.RunWithoutJobSystem_00006F7B
-1149608973,Pug.Other,PugFlora.WaterGroundRegisterSystem
-1293112724,Pug.Other,PugFlora.WateredGroundConstants
1077127260,Pug.Other,PugFlora.WateredGroundInitializeSystem
-384858759,Pug.Other,PugFlora.WateredGroundSystem
1052634315,Pug.Other,PugFlora.__codegen__OnCreate_00006F88
-1624511872,Pug.Other,PugFlora.__codegen__OnCreate_00006FF7
-2087158708,Pug.Other,PugFlora.__codegen__OnDestroy_00006FF9
-688829008,Pug.Other,PugFlora.__codegen__OnUpdate_00006F89
819033472,Pug.Other,PugFlora.__codegen__OnUpdate_00006FF8
1057401628,Pug.Other,PugFont
-1807650328,Pug.Other,PugGlossary
37915425,Pug.Other,PugGlossaryStrings
-1743500589,Pug.Other,PugMapLayer2
-719606078,Pug.Other,PugMapTileParticleExtraConfiguration
702529012,Pug.Other,PugMapUndo
-1002395309,Pug.Other,PugMod.ModAPIAuthoring
-133231242,Pug.Other,PugMod.ModAPIClient
21753968,Pug.Other,PugMod.ModAPIExperimental
-411995474,Pug.Other,PugMod.ModAPILocalization
52431189,Pug.Other,PugMod.ModAPIModLoader
-163023965,Pug.Other,PugMod.ModAPIReflection
131019395,Pug.Other,PugMod.ModAPIRendering
-1088764206,Pug.Other,PugMod.ModAPIServer
-461796276,Pug.Other,PugMod.ObjectCreatedSystem
-311382660,Pug.Other,PugPlatform.DiscordPlatform
-1707789417,Pug.Other,PugPlatform.RichPresence
-1118286310,Pug.Other,PugQuerySystem
-1959888281,Pug.Other,PugScan.PugScanClientSystem
2038428148,Pug.Other,PugScan.__codegen__OnCreate_00006E09
-1729624736,Pug.Other,PugScan.__codegen__OnCreate_00006E26
-1177214822,Pug.Other,PugScan.__codegen__OnCreate_00006E56
499990934,Pug.Other,PugScan.__codegen__OnStartRunning_00006E58
-2127535123,Pug.Other,PugScan.__codegen__OnStopRunning_00006E59
-2113568573,Pug.Other,PugScan.__codegen__OnUpdate_00006E0A
-1589793670,Pug.Other,PugScan.__codegen__OnUpdate_00006E27
-1734977536,Pug.Other,PugScan.__codegen__OnUpdate_00006E57
-1459997576,Pug.Other,PugScan.__codegen__OnUpdate_00006E88
-830195370,Pug.Other,PugScan.__codegen__OnUpdate_00006EDF
1781601591,Pug.Other,PugSimulationSystemBase
1873953792,Pug.Other,PugText
-101778397,Pug.Other,PugTextDigits
-462139048,Pug.Other,PugTextEffect
-596782023,Pug.Other,PugTextEffectBlink
-515056403,Pug.Other,PugTextEffectEnunciateSyllables
313738266,Pug.Other,PugTextEffectFade
1793966478,Pug.Other,PugTextEffectJuicyAppear
-2034214128,Pug.Other,PugTextEffectJump
1908946347,Pug.Other,PugTextEffectMaxFade
1139742956,Pug.Other,PugTextEffectMenuOption
27155868,Pug.Other,PugTextEffectScroller
-775384747,Pug.Other,PugTextStyle
318034498,Pug.Other,PugTilemap.ApplyTileUpdateLayers_00006C78
-1568143544,Pug.Other,PugTilemap.GetTopTileAndCheckWaterInternal_00006C93
681522902,Pug.Other,PugTilemap.GetTopTileInternal_00006C91
-1812208544,Pug.Other,PugTilemap.HasTileInternal_00006C89
2036969405,Pug.Other,PugTilemap.HasTileInternal_00006C8B
1528122599,Pug.Other,PugTilemap.MultiPugMap
90466948,Pug.Other,PugTilemap.PugMap
571378619,Pug.Other,PugTilemap.PugMapLayer
-1823702283,Pug.Other,PugTilemap.PugMapLayerMesh
431523942,Pug.Other,PugTilemap.PugMapObjectUtility
180725703,Pug.Other,PugTilemap.PugMultiMap
-1916712671,Pug.Other,PugTilemap.Quads.PugMapTileset
-1766535480,Pug.Other,PugTilemap.Quads.QuadCache
-724846273,Pug.Other,PugTilemap.Quads.QuadGeneratorExtensions
919245907,Pug.Other,PugTilemap.RaycastWalls_00006C94
-1521053571,Pug.Other,PugTilemap.SinglePugMap
-1299882894,Pug.Other,PugTilemap.TilesetTypeUtility
1593911364,Pug.Other,PugTilemap.TryGetTileInfoInternal_00006C8D
-936418010,Pug.Other,PugTilemap.Workshop.EdPrefab
-1532063694,Pug.Other,PugTilemap.Workshop.Fill
-1670272316,Pug.Other,PugTilemap.Workshop.MapWorkshopTilesetBank
-978801637,Pug.Other,PugTilemap.Workshop.Modification
2956053,Pug.Other,PugTilemap.Workshop.Paint
1626400121,Pug.Other,PugTilemap.Workshop.PaintPrefab
410394076,Pug.Other,PugTilemap.Workshop.SeasonalTexture
-1166862398,Pug.Other,PugTilemap.Workshop.SeasonalTileTypeOverrideMaterial
939511485,Pug.Other,PugTilemap.Workshop.Select
1731416399,Pug.Other,PugTilemap.Workshop.TileTypeOverrideMaterial
-1199759044,Pug.Other,PugTilemap.Workshop.TileTypeOverrideParticles
-1138232113,Pug.Other,PugTilemap.Workshop.Tileset
776469794,Pug.Other,PugTilemap.Workshop.TilesetTextures
-1858955653,Pug.Other,PugTilemap.Workshop.Tool
-2027450021,Pug.Other,PugTilemap.Workshop.Workshop
708607372,Pug.Other,PugTilemap.Workshop.WorkshopPrefabBank
346787259,Pug.Other,PulseIndirectLight
-2045749741,Pug.Other,PvPTextUI
1152659274,Pug.Other,QuickTrashToggle
-37360620,Pug.Other,RGBManager
1593794762,Pug.Other,RadicalCameraSettings
-169300816,Pug.Other,RadicalConnectBiliBiliMenu
-1240390636,Pug.Other,RadicalCreditsMenu
197422651,Pug.Other,RadicalCreditsTextEntry
72612552,Pug.Other,RadicalEnterTextMenu
-2010960058,Pug.Other,RadicalEnterTextMenu_EnterButtonOption
-1400597077,Pug.Other,RadicalEulaMenu
-944216510,Pug.Other,RadicalEulaMenuOption_Cancel
169027018,Pug.Other,RadicalEulaMenuOption_Continue
-1120871075,Pug.Other,RadicalGalleryMenu
-814250272,Pug.Other,RadicalJoinGameMenu
-53759604,Pug.Other,RadicalJoinGameMenu_JoinMethodDropdown
-768961397,Pug.Other,RadicalJoinGameMenu_ServerDropdown
397460314,Pug.Other,RadicalMainMenu
-1683838100,Pug.Other,RadicalMainMenuOption
2026480810,Pug.Other,RadicalMainMenuOption_JoinGame
-1720149936,Pug.Other,RadicalMainMenuOption_Language
317894711,Pug.Other,RadicalMainMenuOption_OpenLink
1548956096,Pug.Other,RadicalMainMenuOption_OpenMods
-1643399622,Pug.Other,RadicalMainMenuOption_Options
208804530,Pug.Other,RadicalMainMenuOption_Quit
746113291,Pug.Other,RadicalMainMenuOption_Singleplayer
1782423867,Pug.Other,RadicalManagePlayersMenu
791863846,Pug.Other,RadicalMenu
1701202191,Pug.Other,RadicalMenuOption
-2147268090,Pug.Other,RadicalMenuOptionTextInput
-2065936260,Pug.Other,RadicalMenuOption_Apply
-377243359,Pug.Other,RadicalMenuOption_Done
-1157008085,Pug.Other,RadicalMenuOption_ExportToMod
-1789159164,Pug.Other,RadicalMenuOption_LoadFromMod
-319598488,Pug.Other,RadicalMenuOption_Toggle
1828994712,Pug.Other,RadicalMenuOption_WorldGeneration
1925358114,Pug.Other,RadicalOptionsMenu
1261954620,Pug.Other,RadicalOptionsMenuOption_16Colors
-1864204892,Pug.Other,RadicalOptionsMenuOption_AllowJoinByPresence
51372634,Pug.Other,RadicalOptionsMenuOption_AmbientOcclusion
711673992,Pug.Other,RadicalOptionsMenuOption_Bloom
1841154845,Pug.Other,RadicalOptionsMenuOption_Brightness
-1954186627,Pug.Other,RadicalOptionsMenuOption_CRTFilter
1604603535,Pug.Other,RadicalOptionsMenuOption_CharacterStuck
1099266701,Pug.Other,RadicalOptionsMenuOption_ColorRange
1776403093,Pug.Other,RadicalOptionsMenuOption_CrossPlay
927100474,Pug.Other,RadicalOptionsMenuOption_DynamicWater
141719730,Pug.Other,RadicalOptionsMenuOption_FaceMouseDirection
-226077053,Pug.Other,RadicalOptionsMenuOption_FishingMiniGameOption
-2001499576,Pug.Other,RadicalOptionsMenuOption_FlashingLights
567863261,Pug.Other,RadicalOptionsMenuOption_Fullscreen
-935610448,Pug.Other,RadicalOptionsMenuOption_GamepadSpeaker
1364710640,Pug.Other,RadicalOptionsMenuOption_GoToBiliBiliConnectMenu
385281258,Pug.Other,RadicalOptionsMenuOption_GoToControlMapper
-249329907,Pug.Other,RadicalOptionsMenuOption_IntegerScaling
2027195497,Pug.Other,RadicalOptionsMenuOption_Language
-1882089440,Pug.Other,RadicalOptionsMenuOption_LightQuality
110326603,Pug.Other,RadicalOptionsMenuOption_MaxQueuedFrames
-1032351842,Pug.Other,RadicalOptionsMenuOption_ObjectShadows
-568988429,Pug.Other,RadicalOptionsMenuOption_ParticlesQuality
1044335602,Pug.Other,RadicalOptionsMenuOption_PushMenu
-1248550956,Pug.Other,RadicalOptionsMenuOption_RGBEffects
461222686,Pug.Other,RadicalOptionsMenuOption_Reflections
1466220723,Pug.Other,RadicalOptionsMenuOption_ScreenShake
-388764823,Pug.Other,RadicalOptionsMenuOption_SeasonOverride
1119940095,Pug.Other,RadicalOptionsMenuOption_ShadowQuality
95875503,Pug.Other,RadicalOptionsMenuOption_ShowCharacterNames
654535011,Pug.Other,RadicalOptionsMenuOption_ShowDamageNumbers
239994567,Pug.Other,RadicalOptionsMenuOption_ShowGroundFog
-1555187611,Pug.Other,RadicalOptionsMenuOption_ShowHotbarArrows
272775999,Pug.Other,RadicalOptionsMenuOption_ShowHotbarKeyboardNumbers
1827187207,Pug.Other,RadicalOptionsMenuOption_ShowInGameUI
29666810,Pug.Other,RadicalOptionsMenuOption_ShowKeyHints
1064453448,Pug.Other,RadicalOptionsMenuOption_ShowMinimap
-251502387,Pug.Other,RadicalOptionsMenuOption_Slider
-1874740831,Pug.Other,RadicalOptionsMenuOption_SquashBugs
463646767,Pug.Other,RadicalOptionsMenuOption_StreamerMode
365076355,Pug.Other,RadicalOptionsMenuOption_TargetFrameRate
-1894362678,Pug.Other,RadicalOptionsMenuOption_TextToggle
-1325042355,Pug.Other,RadicalOptionsMenuOption_Touchpad
81896205,Pug.Other,RadicalOptionsMenuOption_TriggerEffects
28256140,Pug.Other,RadicalOptionsMenuOption_Tutorial
-243257708,Pug.Other,RadicalOptionsMenuOption_Vibration
2147317122,Pug.Other,RadicalOptionsMenuOption_VibrationIntensity
-418136667,Pug.Other,RadicalOptionsMenuOption_Volume
-346652555,Pug.Other,RadicalOptionsMenuOption_Vsync
-1990394581,Pug.Other,RadicalPauseMenuOption
-866597656,Pug.Other,RadicalPauseMenuOption_ConnectBilibili
2070828028,Pug.Other,RadicalPauseMenuOption_Continue
1298972824,Pug.Other,RadicalPauseMenuOption_ExitGame
-558111364,Pug.Other,RadicalPauseMenuOption_ExitToTitle
-588781727,Pug.Other,RadicalPauseMenuOption_OpenLink
-314889514,Pug.Other,RadicalPauseMenuOption_Options
-1838202966,Pug.Other,RadicalPauseMenu_GoToManagePlayers
-428997332,Pug.Other,RadicalPauseMenu_InvitePlayers
381441694,Pug.Other,RadicalPopUpMenu
-30083326,Pug.Other,RandomFollowStateSystem
-1205774326,Pug.Other,RandomObjectEnabler
-1204282126,Pug.Other,RandomOffsetBasedOnWorldPosition
1760864253,Pug.Other,RandomSpriteObjectManipulation
306256545,Pug.Other,RangeWeaponSlot
1790776260,Pug.Other,RayAttackState.__codegen__OnCreate_00006DD2
944586151,Pug.Other,RayAttackState.__codegen__OnStartRunning_00006DD4
-1959060791,Pug.Other,RayAttackState.__codegen__OnUpdate_00006DD3
734018760,Pug.Other,RecipeCategorySlotUI
790528625,Pug.Other,RecipeSlotUI
-455788661,Pug.Other,RecipesUI
441219564,Pug.Other,RecomputeFlickeringLightIntensity_00004C38
704978316,Pug.Other,ReconnectStatus
933215419,Pug.Other,RegenerateGameIDButton
-940191358,Pug.Other,RegionTitle
-2091523270,Pug.Other,RegionTitleHandler
936688524,Pug.Other,RemoveAllUserMapMarkersButton
1348376137,Pug.Other,RemoveBlockedSpawnAreaSystem
-2094557628,Pug.Other,RepairToggle
-802315335,Pug.Other,ResetLightFlickerData_00004C39
1022609315,Pug.Other,ResizeButton
-154748546,Pug.Other,ReskinInfo
-1944588516,Pug.Other,RestrictedZoneEffect
-214826114,Pug.Other,Rewired.UI.ControlMapper.ControlMapperLanguageData
932316918,Pug.Other,Rewired.UI.ControlMapper.PugUI.Menu.Options.RadicalOptionsMenuOption_ClearAdminBan
1245886660,Pug.Other,Rewired.UI.ControlMapper.PugUI.Menu.Options.RadicalOptionsMenuOption_LoadBenchmark
310537905,Pug.Other,Rewired.UI.ControlMapper.PugUI.Menu.Options.RadicalOptionsMenuOption_ResetUserPrefs
812461592,Pug.Other,RewiredConsts.Action
1927968840,Pug.Other,RewiredConsts.Category
-338166022,Pug.Other,RewiredConsts.Player
-1928405244,Pug.Other,RichPresenceHandler
-2143992107,Pug.Other,RightClickActionButton
-1395213049,Pug.Other,RoamingStateSystem
-1237385631,Pug.Other,RobotBossAnticipationFX
2024286532,Pug.Other,RoofingToolEffect
-146672913,Pug.Other,RoofingToolSlot
79708270,Pug.Other,RoofingToolVFX
250131033,Pug.Other,RootPlantGrowSystem
-1627836654,Pug.Other,RotateButton
1218535975,Pug.Other,RotationPostConverter
753477180,Pug.Other,RotationalFloat
859348625,Pug.Other,RoundToPixelPerfectPosition
711956616,Pug.Other,RunSimulationSystemGroup
-833973993,Pug.Other,RunWithoutJobSystem_000001B8
-401172035,Pug.Other,RunWithoutJobSystem_00000375
347959888,Pug.Other,RunWithoutJobSystem_00000379
-1406355264,Pug.Other,RunWithoutJobSystem_0000038B
1186468267,Pug.Other,RunWithoutJobSystem_0000038F
1672330890,Pug.Other,RunWithoutJobSystem_00000659
-2143529682,Pug.Other,RunWithoutJobSystem_0000065D
-1919607847,Pug.Other,RunWithoutJobSystem_00000668
-2099094822,Pug.Other,RunWithoutJobSystem_00001546
-106342356,Pug.Other,RunWithoutJobSystem_000016EF
-1520939031,Pug.Other,RunWithoutJobSystem_00001C17
-1605145219,Pug.Other,RunWithoutJobSystem_00001CF6
487893899,Pug.Other,RunWithoutJobSystem_00001D8D
1849078342,Pug.Other,RunWithoutJobSystem_00001D91
-68762164,Pug.Other,RunWithoutJobSystem_00001D95
-1989443286,Pug.Other,RunWithoutJobSystem_00002195
-1017508458,Pug.Other,RunWithoutJobSystem_000021CA
1327321569,Pug.Other,RunWithoutJobSystem_000021CE
167290946,Pug.Other,RunWithoutJobSystem_000021D2
-2066276240,Pug.Other,RunWithoutJobSystem_00002343
1017968760,Pug.Other,RunWithoutJobSystem_0000234E
-1397042316,Pug.Other,RunWithoutJobSystem_0000256A
-904139142,Pug.Other,RunWithoutJobSystem_00002652
1364989556,Pug.Other,RunWithoutJobSystem_00002E22
1151137228,Pug.Other,RunWithoutJobSystem_000031EA
-1738191833,Pug.Other,RunWithoutJobSystem_000036B6
513668750,Pug.Other,RunWithoutJobSystem_000037CD
745476273,Pug.Other,RunWithoutJobSystem_00003A09
-1764783212,Pug.Other,RunWithoutJobSystem_00003A6C
1473335969,Pug.Other,RunWithoutJobSystem_00003A81
-393640843,Pug.Other,RunWithoutJobSystem_00003A8B
1319044867,Pug.Other,RunWithoutJobSystem_00003A96
1709677007,Pug.Other,RunWithoutJobSystem_00003AA0
-677955634,Pug.Other,RunWithoutJobSystem_00003B21
1198302665,Pug.Other,RunWithoutJobSystem_00003B2C
-1154095328,Pug.Other,RunWithoutJobSystem_00003B38
1240293084,Pug.Other,RunWithoutJobSystem_00003C9C
-1370244650,Pug.Other,RunWithoutJobSystem_00003CA6
2080573701,Pug.Other,RunWithoutJobSystem_00003CB1
520363188,Pug.Other,RunWithoutJobSystem_00003CBC
-857327892,Pug.Other,RunWithoutJobSystem_00003D7B
-498134849,Pug.Other,RunWithoutJobSystem_00003D86
1307212850,Pug.Other,RunWithoutJobSystem_00003F00
926459741,Pug.Other,RunWithoutJobSystem_00004115
-2044284995,Pug.Other,RunWithoutJobSystem_0000430E
-1473858872,Pug.Other,SFXInfo
625237288,Pug.Other,SFXInfoSettings
1714648854,Pug.Other,SFXLookUpIdGenerator
-1248108066,Pug.Other,SFXParams
1183825441,Pug.Other,SFXSound
929229309,Pug.Other,SFXSoundVariant
-374540279,Pug.Other,SafeZone
-14830954,Pug.Other,SalvageAndRepairUI
-1406364866,Pug.Other,SalvageExtractablePostConverter
480192703,Pug.Other,SaveClientSystem
-285757688,Pug.Other,SaveManager
-1279856326,Pug.Other,SaveSlot
73505216,Pug.Other,SaveSlotDeleteOption
-1018904042,Pug.Other,SaveSlotPlayOption
-1525106081,Pug.Other,SaveSystem
-400404352,Pug.Other,ScaleJitter
1311087314,Pug.Other,ScanZoneEffect
248473476,Pug.Other,SceneData
148502188,Pug.Other,SceneHandler
602010147,Pug.Other,SceneInfo
-996051591,Pug.Other,ScreenShotCamera
161119144,Pug.Other,Screenful
-277093456,Pug.Other,ScrollBar
-1490357010,Pug.Other,ScrollBarHandle
-398014645,Pug.Other,ScrollableUIComponent
-304678444,Pug.Other,SeasonDependentObject
1389625912,Pug.Other,SeasonDependentUI
1763087424,Pug.Other,SeederSlot
-794817908,Pug.Other,SelectParamValueOption
-1760700056,Pug.Other,SelectSessionMenu
-1076834103,Pug.Other,SelectWorldFromModMenu
-1376810132,Pug.Other,SelectWorldIconOption
1442612871,Pug.Other,SelectWorldMenu
-584115370,Pug.Other,SelectWorldModeOption
-1092639123,Pug.Other,SelectableTransform
366341345,Pug.Other,SelectionListener
-1439140585,Pug.Other,SellInventoryUI
-862757803,Pug.Other,SellSlotsHandler
-1810544960,Pug.Other,SellUI
-1470399519,Pug.Other,SendClientInputSystem
1151351514,Pug.Other,SendClientSubMapToPugMapSystem
198360466,Pug.Other,SendPseudoTileToPugMapSystem
-198765024,Pug.Other,SentryOptionsConfiguration
706863327,Pug.Other,SeparateEnemiesSystem
2105313408,Pug.Other,SerializationSystemGroup
-503280188,Pug.Other,SerializeWorldSystem
-335215326,Pug.Other,ServerData
-752850661,Pug.Other,ServerManager
-922955126,Pug.Other,ServerPrefsData
-475554185,Pug.Other,ServerUpdateFrequencyTrackingSystem
763017222,Pug.Other,SessionSlot
-1502982065,Pug.Other,SetBonusInfo
-767431657,Pug.Other,SetBonusesTable
190352419,Pug.Other,SetRedTopWallsCameraRendering
1837170789,Pug.Other,SetServerDefaultsSystem
-136927252,Pug.Other,SetVariationSystem
-35845093,Pug.Other,SettingsNotAvailableNote
594124104,Pug.Other,SfxPlaybackCycle
-1848705950,Pug.Other,SfxTable
342058861,Pug.Other,SfxTableElement
-61024350,Pug.Other,ShaderTextureSetter
427086926,Pug.Other,ShaderTexturesFinalizeSystem
142737555,Pug.Other,ShaderTexturesSystem
1798211809,Pug.Other,ShaderVariableSetter
1562529151,Pug.Other,ShaderVariableSetting
-1764905708,Pug.Other,ShareMapClientSystem
313524990,Pug.Other,ShareMapServerSystem
-1272690004,Pug.Other,ShootMortarProjectileStateSystem
2133054555,Pug.Other,ShortCutsWindow
-292424281,Pug.Other,ShovelSlot
-515126644,Pug.Other,ShowBiliBiliConnectedPopUp
2030668061,Pug.Other,ShowPopUpWhenEnabled
167286492,Pug.Other,SignStateToggle
-194726309,Pug.Other,SignText
-957647384,Pug.Other,SignTextExcavation
501324172,Pug.Other,SignTextMetropolis
-2137427320,Pug.Other,SignTextUI
305363855,Pug.Other,SimpleAnimator
225285019,Pug.Other,SimpleCraftingUI
-36223837,Pug.Other,SimpleCraftingUIContainer
443907959,Pug.Other,SittableObject
458884913,Pug.Other,SkillColor
-1423203134,Pug.Other,SkillExtensions
491020807,Pug.Other,SkillTalentTreeUI
366005500,Pug.Other,SkillTalentUIElement
45158924,Pug.Other,SkillUIElement
2105036456,Pug.Other,SkillsWindow
-79010928,Pug.Other,SkinsAndSpriteSheets
-515820567,Pug.Other,SleepStateSystem
-1314335119,Pug.Other,Slide
1638120329,Pug.Other,SlotUIBase
-1430991550,Pug.Other,SmallTitleUIBackground
1209491705,Pug.Other,SmeltOreTutorial
-886716663,Pug.Other,SoulSprite
-1025187871,Pug.Other,SoulsExtensions
2090276757,Pug.Other,SoulsUI
-1713377601,Pug.Other,SoulsUIElement
-1857273687,Pug.Other,SoundEffects_AE
2047141793,Pug.Other,SoundOptions
-798996985,Pug.Other,SpawnAroundEntitySystem
1564789079,Pug.Other,SpawnBasedOnPlayersSystem
-582550601,Pug.Other,SpawnBeacon
906891538,Pug.Other,SpawnDroppedItemsSystem
24912746,Pug.Other,SpawnEffect
-1380786698,Pug.Other,SpawnEnvironmentObjectsPeriodicallySystem
-1872237955,Pug.Other,SpawnEnvironmentObjectsSystem
-27641845,Pug.Other,SpawnGroupSystem
-1181476004,Pug.Other,SpawnMerchantSystem
-1789253255,Pug.Other,SpawnPointSystem
1755985516,Pug.Other,SpawnStateSystem
516493026,Pug.Other,SpecialWeaponHandler
-282196391,Pug.Other,SpriteAlignment
496178236,Pug.Other,SpriteFlickerEffect
-99253810,Pug.Other,SpriteGradientMapFromPaintColor
1126368418,Pug.Other,SpriteInstancingModAssetProcessor
1351640712,Pug.Other,SpriteMaterialFromEntity
-202467532,Pug.Other,SpriteObjectAnimationEventEffects
762093994,Pug.Other,SpriteObjectAnimator
-1732078592,Pug.Other,SpriteObjectChainAnimation
1610982621,Pug.Other,SpriteObjectStateQuery
139825664,Pug.Other,SpriteQuad
1055688984,Pug.Other,SpriteRendererAndSprite
-1218820033,Pug.Other,SpriteRendererAutoSort
1640808604,Pug.Other,SpriteRendererSortOverride
1755323105,Pug.Other,SpriteSettings
-669264351,Pug.Other,SpriteSheetMaskSkin
-1706586952,Pug.Other,SpriteSheetSkin
1232698746,Pug.Other,SpriteSkinFromEntityAndSeason
-237523161,Pug.Other,SpriteSkinFromPaintColor
-545845439,Pug.Other,SpriteTempEffect
-122692614,Pug.Other,SpriteVariationFromEntityDirection
-1355763907,Pug.Other,SpriteVariationFromEntityVariation
-588674916,Pug.Other,StandaloneNetworkingSubset
1657315954,Pug.Other,StandalonePlatform
-527770899,Pug.Other,StartGameRPCSystem
1575239148,Pug.Other,StatTextUIElement
-1363641036,Pug.Other,State
-19329247,Pug.Other,StateRequestGroup
-1491431002,Pug.Other,StateSystemGroup
-1945283766,Pug.Other,StateUpdateGroup
1216690110,Pug.Other,StatsUIUtility
1690806113,Pug.Other,StatusText
-515161240,Pug.Other,SteamNetworkSubset
615554172,Pug.Other,SteamPlatform
-746466897,Pug.Other,SteamPlatformUserID
-1296836672,Pug.Other,SteamPlayFabAuthentication
-1077132034,Pug.Other,SteamSessionWrapper
-671680572,Pug.Other,StorefrontFlagsUtility
1225225807,Pug.Other,StreamBinaryWriter
1587230690,Pug.Other,StreamIntegrationEventsConfiguration
1263319878,Pug.Other,StreamIntegrationInfoText
-1530940334,Pug.Other,StreamManager
-602925758,Pug.Other,StyleOverride
-218485695,Pug.Other,SubBiomeMusic
1848644078,Pug.Other,SubMapCDExtensions
1290250672,Pug.Other,SubMapDebug
-518192189,Pug.Other,SubMapLayerExtensions
-1107884187,Pug.Other,SummoningWeaponSlot
-1828343301,Pug.Other,System.Runtime.CompilerServices.NullableAttribute
-348854633,Pug.Other,System.Runtime.CompilerServices.NullableContextAttribute
629452699,Pug.Other,SystemRequirements
1493129860,Pug.Other,TeleportStateSystem
1668947063,Pug.Other,TextAndFormatField
991115405,Pug.Other,TextAndFormatFields
1763811093,Pug.Other,TextInputCopyOption
-93948443,Pug.Other,TextInputField
1514986863,Pug.Other,TextManager
511529658,Pug.Other,TheCore
261316900,Pug.Other,TheGreatWallAnimationSystem
493950595,Pug.Other,TheGreatWallSystem
749894705,Pug.Other,TickTockSound
732092166,Pug.Other,TileAndObject
1307674213,Pug.Other,TileColor
1336762712,Pug.Other,TileDependentObjectEnabler
284524307,Pug.Other,TileDependentSpriteObjectSkin
-1572304010,Pug.Other,TileSetColors
2049333833,Pug.Other,TileTypeColorLookupSystem
2189703,Pug.Other,TileTypeColorTable
-1285524326,Pug.Other,TileTypeToLayerName
46536365,Pug.Other,TitleBackground
1864029912,Pug.Other,TitleMenuIncompatibleModWarning
1266687944,Pug.Other,TitleMenuModLoadedInfo
-768483640,Pug.Other,TitleScreenAnimator
665696386,Pug.Other,ToggleColliderWhenToggled
2022934904,Pug.Other,TogglePvPButton
-847193255,Pug.Other,ToggleUIElement
927504439,Pug.Other,ToggleUIGroup
383289412,Pug.Other,TorchHalo
2124204446,Pug.Other,TraceManager
504928868,Pug.Other,TrackedCombatantsHelpers
-18725862,Pug.Other,TransformRotator
629462341,Pug.Other,TransformSnapper
155775205,Pug.Other,TransformTranslator
1295298587,Pug.Other,TrashCanButton
-763149924,Pug.Other,TrashCanHandler
2053266574,Pug.Other,TrashCanInventoryUI
-1963581529,Pug.Other,TriggerAchievementsSystem
1532915525,Pug.Other,TriggerLightUpdateSystem
1460129485,Pug.Other,TriggerPlayerCustomizationUpdateWhenEnabled
1081041104,Pug.Other,TutorialRunner
-270003958,Pug.Other,TutorialSequence
1614736791,Pug.Other,TwoWayDictionary
-1341155140,Pug.Other,UIComponentMonoBehaviour
-264756242,Pug.Other,UIManager
2084618724,Pug.Other,UIMouse
197547074,Pug.Other,UIScrollWindow
1563601808,Pug.Other,UISpecialAim
155874381,Pug.Other,UIelement
1940181414,Pug.Other,UnscaledTimeShader
1959058884,Pug.Other,UpdateColliderMelodyAffectedSystem
-1520790535,Pug.Other,UpdateHealthSystemGroup
-254245601,Pug.Other,UpdateManager
-995751803,Pug.Other,UpdateMapPartWithColorIndexing_00006105
-1538195868,Pug.Other,UpdateMapPart_00006106
461166693,Pug.Other,UpdateMovementSpeedSystem
1867188932,Pug.Other,UpdateSubMapCommon
962183475,Pug.Other,UpdateSubMapSystemEditor
821917064,Pug.Other,UpdateSubMapSystemServer
-954326063,Pug.Other,UpgradeForgeButton
-758093976,Pug.Other,UpgradeForgeUI
23208237,Pug.Other,UpgradePreviewSlotUI
-1978350251,Pug.Other,UpgradeSlotHandler
914682313,Pug.Other,UpscaleTimestampData_00006100
-1140235616,Pug.Other,UseOffHandButton
155812599,Pug.Other,UseWeaponPrimaryButton
182774339,Pug.Other,UseWeaponSecondaryButton
-1724257976,Pug.Other,UserGetGamePictureData
-1972397943,Pug.Other,UserMapMarkerToggle
-823134397,Pug.Other,UserPlatformProfile
54997369,Pug.Other,UserSignInCompleteVO
56412280,Pug.Other,VanitySlotsHandler
240818906,Pug.Other,VanityUI
1738702797,Pug.Other,VehicleSkin
-896769249,Pug.Other,VendingMachine
1328092458,Pug.Other,VersionText
67870129,Pug.Other,VerticalFloat
-74874606,Pug.Other,VoidZoneFX
-736301782,Pug.Other,WaterCanSlot
-59189054,Pug.Other,WaterSim
1577257459,Pug.Other,WaterSimAffector
1922223117,Pug.Other,WaterSimSurface
1673999978,Pug.Other,WaterSpreadingInitSystem
455248417,Pug.Other,WaterSpreadingSystem
-1667628963,Pug.Other,WayPoint
66485446,Pug.Other,WeaponFX
-969210824,Pug.Other,WorkshopIcons
269091294,Pug.Other,WorldContentBundleOption
1270426227,Pug.Other,WorldContentMenu
2043968217,Pug.Other,WorldGenManager
-967107737,Pug.Other,WorldGenerationMenu
1171634786,Pug.Other,WorldInfo
807424090,Pug.Other,WorldInfoExportOption
-1280617557,Pug.Other,WorldInfoMenu
98388555,Pug.Other,WorldInfoSystem
1826063941,Pug.Other,WorldLabel
-885737883,Pug.Other,WorldSettingsMenu
-142365151,Pug.Other,WorldSettingsSubMenu
-922031745,Pug.Other,WorldSettingsTab
-1233857861,Pug.Other,WorldSlot
374491497,Pug.Other,WorldSlotDeleteOption
923943727,Pug.Other,WorldSlotFromModOption
-1757229439,Pug.Other,WorldSlotMoreOption
-292738426,Pug.Other,WorldSlotNewWorldOption
-214750267,Pug.Other,WorldSlotPlayOption
-601971722,Pug.Other,WrapperUIComponent
520997725,Pug.Other,__JobReflectionRegistrationOutput__15885775083192284071
518099076,Pug.Other,__UnmanagedPostProcessorOutput__15885775083192284071
568981599,Pug.Other,__codegen__OnCreate_00000164
-2028965206,Pug.Other,__codegen__OnCreate_000001C2
-1374308945,Pug.Other,__codegen__OnCreate_000001F5
-1822437140,Pug.Other,__codegen__OnCreate_0000022B
489635624,Pug.Other,__codegen__OnCreate_0000039B
403364653,Pug.Other,__codegen__OnCreate_000003EF
521071463,Pug.Other,__codegen__OnCreate_00000441
322396390,Pug.Other,__codegen__OnCreate_00000455
1620648180,Pug.Other,__codegen__OnCreate_00000473
1495774780,Pug.Other,__codegen__OnCreate_000004EE
55442118,Pug.Other,__codegen__OnCreate_000004F9
496803515,Pug.Other,__codegen__OnCreate_0000054B
1104897424,Pug.Other,__codegen__OnCreate_00000568
-2078325729,Pug.Other,__codegen__OnCreate_00000670
494901612,Pug.Other,__codegen__OnCreate_000006A6
498496225,Pug.Other,__codegen__OnCreate_0000077E
1795832413,Pug.Other,__codegen__OnCreate_00000928
-1441376501,Pug.Other,__codegen__OnCreate_00000A5C
1941921079,Pug.Other,__codegen__OnCreate_00000ADF
-794946230,Pug.Other,__codegen__OnCreate_00000B2A
-1237886790,Pug.Other,__codegen__OnCreate_00000B44
-1951257669,Pug.Other,__codegen__OnCreate_00000B77
-599753176,Pug.Other,__codegen__OnCreate_00000D13
1105114281,Pug.Other,__codegen__OnCreate_00000DE9
-450124484,Pug.Other,__codegen__OnCreate_00000F4B
-234500306,Pug.Other,__codegen__OnCreate_00000F7B
849920518,Pug.Other,__codegen__OnCreate_00000FAD
-62285863,Pug.Other,__codegen__OnCreate_00000FDF
393846279,Pug.Other,__codegen__OnCreate_0000100F
-937394796,Pug.Other,__codegen__OnCreate_0000103D
-1896368663,Pug.Other,__codegen__OnCreate_0000106C
208546912,Pug.Other,__codegen__OnCreate_0000109A
172728438,Pug.Other,__codegen__OnCreate_000010C8
-1946492533,Pug.Other,__codegen__OnCreate_00001152
512763238,Pug.Other,__codegen__OnCreate_00001180
-1593531201,Pug.Other,__codegen__OnCreate_0000120B
967563669,Pug.Other,__codegen__OnCreate_00001239
905226351,Pug.Other,__codegen__OnCreate_0000126B
-1161313219,Pug.Other,__codegen__OnCreate_00001335
-1970221303,Pug.Other,__codegen__OnCreate_00001421
706248414,Pug.Other,__codegen__OnCreate_000014AD
-258883646,Pug.Other,__codegen__OnCreate_000014DD
580319802,Pug.Other,__codegen__OnCreate_00001632
1619426381,Pug.Other,__codegen__OnCreate_00001660
-875132379,Pug.Other,__codegen__OnCreate_000016BE
-342900729,Pug.Other,__codegen__OnCreate_00001760
-1014035842,Pug.Other,__codegen__OnCreate_000017B9
1464164311,Pug.Other,__codegen__OnCreate_000017D8
-1457098743,Pug.Other,__codegen__OnCreate_00001930
978925417,Pug.Other,__codegen__OnCreate_00001973
-58249746,Pug.Other,__codegen__OnCreate_000019D9
-1000594694,Pug.Other,__codegen__OnCreate_00001C21
550182724,Pug.Other,__codegen__OnCreate_00001C4E
-1431858000,Pug.Other,__codegen__OnCreate_00001D12
-1966521356,Pug.Other,__codegen__OnCreate_00001D6B
-182620332,Pug.Other,__codegen__OnCreate_00001D9F
-1903973790,Pug.Other,__codegen__OnCreate_00001DE7
87860869,Pug.Other,__codegen__OnCreate_00001E46
-1663334836,Pug.Other,__codegen__OnCreate_00001EE5
-1429978740,Pug.Other,__codegen__OnCreate_00001F12
-579813964,Pug.Other,__codegen__OnCreate_00001F8D
1289708135,Pug.Other,__codegen__OnCreate_00002012
989356428,Pug.Other,__codegen__OnCreate_00002043
1875292702,Pug.Other,__codegen__OnCreate_0000204E
-2071259138,Pug.Other,__codegen__OnCreate_000020A2
-9437925,Pug.Other,__codegen__OnCreate_000020F9
592171255,Pug.Other,__codegen__OnCreate_00002132
-979975504,Pug.Other,__codegen__OnCreate_000021DD
750280156,Pug.Other,__codegen__OnCreate_0000250B
1464195617,Pug.Other,__codegen__OnCreate_000025E9
-1171710305,Pug.Other,__codegen__OnCreate_0000270A
-1392304621,Pug.Other,__codegen__OnCreate_00002798
792244856,Pug.Other,__codegen__OnCreate_000027B0
-511651848,Pug.Other,__codegen__OnCreate_000027E8
-1710082193,Pug.Other,__codegen__OnCreate_000028DA
779932840,Pug.Other,__codegen__OnCreate_00002916
-1471580270,Pug.Other,__codegen__OnCreate_0000297F
-1460880313,Pug.Other,__codegen__OnCreate_00002B28
1952312867,Pug.Other,__codegen__OnCreate_00002BF4
916172299,Pug.Other,__codegen__OnCreate_00002D6E
-1068090388,Pug.Other,__codegen__OnCreate_00002DF0
-239929692,Pug.Other,__codegen__OnCreate_00002F23
516058821,Pug.Other,__codegen__OnCreate_00002FD6
130893228,Pug.Other,__codegen__OnCreate_00003003
-1048872446,Pug.Other,__codegen__OnCreate_000030F7
-2025267718,Pug.Other,__codegen__OnCreate_00003127
466839306,Pug.Other,__codegen__OnCreate_0000318D
-1192958520,Pug.Other,__codegen__OnCreate_000031FB
-1828973357,Pug.Other,__codegen__OnCreate_00003259
-1977846532,Pug.Other,__codegen__OnCreate_000032DF
-1704214277,Pug.Other,__codegen__OnCreate_00003325
-1818158833,Pug.Other,__codegen__OnCreate_0000335F
868430007,Pug.Other,__codegen__OnCreate_000033FE
553652117,Pug.Other,__codegen__OnCreate_000035DD
-527907116,Pug.Other,__codegen__OnCreate_000035FD
-458174037,Pug.Other,__codegen__OnCreate_00003658
1262276378,Pug.Other,__codegen__OnCreate_00003668
1016002862,Pug.Other,__codegen__OnCreate_000036BF
1346362260,Pug.Other,__codegen__OnCreate_00003722
-408762466,Pug.Other,__codegen__OnCreate_0000382F
1728262325,Pug.Other,__codegen__OnCreate_0000389F
1765628686,Pug.Other,__codegen__OnCreate_000038D2
-636673976,Pug.Other,__codegen__OnCreate_000038EB
-2082174233,Pug.Other,__codegen__OnCreate_0000391A
-1390285175,Pug.Other,__codegen__OnCreate_0000394E
734410160,Pug.Other,__codegen__OnCreate_0000398B
1967288285,Pug.Other,__codegen__OnCreate_000039D1
1238414634,Pug.Other,__codegen__OnCreate_00003A23
1333624602,Pug.Other,__codegen__OnCreate_00003A3A
1763425954,Pug.Other,__codegen__OnCreate_00003AEC
-10767601,Pug.Other,__codegen__OnCreate_00003B43
-1480694937,Pug.Other,__codegen__OnCreate_00003C68
1181132402,Pug.Other,__codegen__OnCreate_00003CD1
359381444,Pug.Other,__codegen__OnCreate_00003DA3
-2122956339,Pug.Other,__codegen__OnCreate_00003FD0
-964634267,Pug.Other,__codegen__OnCreate_000040AD
1634433618,Pug.Other,__codegen__OnCreate_000040E3
728310303,Pug.Other,__codegen__OnCreate_0000411C
1679681995,Pug.Other,__codegen__OnCreate_00004161
2135741144,Pug.Other,__codegen__OnCreate_000041B9
2042542713,Pug.Other,__codegen__OnCreate_00004204
-1263199428,Pug.Other,__codegen__OnCreate_00004237
-1295976058,Pug.Other,__codegen__OnCreate_0000426A
1370221777,Pug.Other,__codegen__OnCreate_0000429D
-1222422990,Pug.Other,__codegen__OnCreate_000042CD
1336456296,Pug.Other,__codegen__OnCreate_00004323
-1340535043,Pug.Other,__codegen__OnCreate_000043C7
-113442171,Pug.Other,__codegen__OnCreate_00004429
-1948533254,Pug.Other,__codegen__OnCreate_0000450B
-553653596,Pug.Other,__codegen__OnCreate_0000451F
-781369422,Pug.Other,__codegen__OnCreate_000045A1
1200957241,Pug.Other,__codegen__OnCreate_00004603
581763547,Pug.Other,__codegen__OnCreate_00004633
-1052149480,Pug.Other,__codegen__OnCreate_00004689
-1944145323,Pug.Other,__codegen__OnCreate_000047D7
-575361925,Pug.Other,__codegen__OnCreate_000047F4
-898470998,Pug.Other,__codegen__OnCreate_000055B5
141622943,Pug.Other,__codegen__OnCreate_0000592A
-89361853,Pug.Other,__codegen__OnCreate_00006B9B
1345710008,Pug.Other,__codegen__OnDestroy_00000457
1576586280,Pug.Other,__codegen__OnDestroy_00000475
1044714434,Pug.Other,__codegen__OnDestroy_000004F0
-381030378,Pug.Other,__codegen__OnDestroy_00000B79
2096046446,Pug.Other,__codegen__OnDestroy_0000150E
-1732044489,Pug.Other,__codegen__OnDestroy_000015AA
-1510744573,Pug.Other,__codegen__OnDestroy_000017DA
-190012693,Pug.Other,__codegen__OnDestroy_000018EE
1573332271,Pug.Other,__codegen__OnDestroy_00001DA1
-1278109869,Pug.Other,__codegen__OnDestroy_00002014
971685527,Pug.Other,__codegen__OnDestroy_00002045
-957864930,Pug.Other,__codegen__OnDestroy_000020FB
-320709971,Pug.Other,__codegen__OnDestroy_0000250D
1289100417,Pug.Other,__codegen__OnDestroy_000025B8
43757789,Pug.Other,__codegen__OnDestroy_000025EB
1517754815,Pug.Other,__codegen__OnDestroy_0000261D
-687503718,Pug.Other,__codegen__OnDestroy_000027EA
-868549516,Pug.Other,__codegen__OnDestroy_00002918
2110610357,Pug.Other,__codegen__OnDestroy_00002B2A
855653770,Pug.Other,__codegen__OnDestroy_00002BF6
878307215,Pug.Other,__codegen__OnDestroy_000030F9
-208790461,Pug.Other,__codegen__OnDestroy_000035DF
-237995125,Pug.Other,__codegen__OnDestroy_000036C1
-1648440781,Pug.Other,__codegen__OnDestroy_000036F1
-1766595767,Pug.Other,__codegen__OnDestroy_000038A1
1430510267,Pug.Other,__codegen__OnDestroy_000038D4
-1002271715,Pug.Other,__codegen__OnDestroy_00003A3C
1119168346,Pug.Other,__codegen__OnDestroy_00003AEE
807411305,Pug.Other,__codegen__OnDestroy_00003CD3
354156074,Pug.Other,__codegen__OnDestroy_00003DA5
1878846277,Pug.Other,__codegen__OnDestroy_000040AF
1939231431,Pug.Other,__codegen__OnDestroy_000041BB
1539235207,Pug.Other,__codegen__OnDestroy_000043C9
-530464350,Pug.Other,__codegen__OnDestroy_0000442B
-4232109,Pug.Other,__codegen__OnDestroy_00004453
-1869665077,Pug.Other,__codegen__OnDestroy_000044B1
2000223139,Pug.Other,__codegen__OnDestroy_0000450D
1992968748,Pug.Other,__codegen__OnDestroy_0000468B
-1396504694,Pug.Other,__codegen__OnDestroy_000047F6
-411032802,Pug.Other,__codegen__OnStartRunning_000001F7
1687242824,Pug.Other,__codegen__OnStartRunning_0000022D
-1298311646,Pug.Other,__codegen__OnStartRunning_000002D8
40210570,Pug.Other,__codegen__OnStartRunning_00000476
-1087248247,Pug.Other,__codegen__OnStartRunning_0000056A
592122566,Pug.Other,__codegen__OnStartRunning_000006A8
834792117,Pug.Other,__codegen__OnStartRunning_0000092A
-1912245106,Pug.Other,__codegen__OnStartRunning_00000A5E
1133535359,Pug.Other,__codegen__OnStartRunning_00000A85
1746391346,Pug.Other,__codegen__OnStartRunning_00000AE1
777941623,Pug.Other,__codegen__OnStartRunning_00000B46
1958064506,Pug.Other,__codegen__OnStartRunning_00000B7A
1360279841,Pug.Other,__codegen__OnStartRunning_00000D15
-1339194794,Pug.Other,__codegen__OnStartRunning_00000DEB
1598452504,Pug.Other,__codegen__OnStartRunning_00000F1D
-1149116429,Pug.Other,__codegen__OnStartRunning_00000F7D
-942380095,Pug.Other,__codegen__OnStartRunning_00000FAF
-638775038,Pug.Other,__codegen__OnStartRunning_00000FE1
1143049260,Pug.Other,__codegen__OnStartRunning_000015AB
-1697353536,Pug.Other,__codegen__OnStartRunning_000018EF
-2102407095,Pug.Other,__codegen__OnStartRunning_000019DB
1424731868,Pug.Other,__codegen__OnStartRunning_00001E48
1498840837,Pug.Other,__codegen__OnStartRunning_00001F14
1115872795,Pug.Other,__codegen__OnStartRunning_00002015
1433541754,Pug.Other,__codegen__OnStartRunning_0000250E
2105895469,Pug.Other,__codegen__OnStartRunning_000027B2
1974620490,Pug.Other,__codegen__OnStartRunning_00002919
-616013347,Pug.Other,__codegen__OnStartRunning_00002981
-1112926824,Pug.Other,__codegen__OnStartRunning_00002C30
149514149,Pug.Other,__codegen__OnStartRunning_00002E4E
850462282,Pug.Other,__codegen__OnStartRunning_0000325B
1124653526,Pug.Other,__codegen__OnStartRunning_0000366A
-928801036,Pug.Other,__codegen__OnStartRunning_00003801
-716383938,Pug.Other,__codegen__OnStartRunning_000038A2
853803279,Pug.Other,__codegen__OnStartRunning_000038D5
-182355659,Pug.Other,__codegen__OnStartRunning_00003950
-1565503914,Pug.Other,__codegen__OnStartRunning_0000398D
-1817664576,Pug.Other,__codegen__OnStartRunning_000039D3
409500730,Pug.Other,__codegen__OnStartRunning_00003AEF
506019469,Pug.Other,__codegen__OnStartRunning_00003B45
1231437421,Pug.Other,__codegen__OnStartRunning_00003C6A
-1527970611,Pug.Other,__codegen__OnStartRunning_00003CD4
2103090171,Pug.Other,__codegen__OnStartRunning_00003D12
1500269053,Pug.Other,__codegen__OnStartRunning_00003DA6
-1706659611,Pug.Other,__codegen__OnStartRunning_000041BC
1937099451,Pug.Other,__codegen__OnStartRunning_00004206
-468199869,Pug.Other,__codegen__OnStartRunning_00004239
-137566255,Pug.Other,__codegen__OnStartRunning_0000426C
-276637933,Pug.Other,__codegen__OnStartRunning_0000429F
1633087968,Pug.Other,__codegen__OnStartRunning_0000436F
187731084,Pug.Other,__codegen__OnStartRunning_000043CA
-1398267399,Pug.Other,__codegen__OnStartRunning_0000450E
1008828708,Pug.Other,__codegen__OnStartRunning_00004733
-1769016298,Pug.Other,__codegen__OnStopRunning_000001C5
-31588970,Pug.Other,__codegen__OnStopRunning_000001F8
2144723940,Pug.Other,__codegen__OnStopRunning_0000022E
42568144,Pug.Other,__codegen__OnStopRunning_000002D9
-1891239699,Pug.Other,__codegen__OnStopRunning_00000477
-1109602999,Pug.Other,__codegen__OnStopRunning_0000056B
-1778525751,Pug.Other,__codegen__OnStopRunning_000006A9
1884512236,Pug.Other,__codegen__OnStopRunning_0000092B
275061104,Pug.Other,__codegen__OnStopRunning_00000A5F
-1681975834,Pug.Other,__codegen__OnStopRunning_00000A86
-101005869,Pug.Other,__codegen__OnStopRunning_00000AE2
-1858231239,Pug.Other,__codegen__OnStopRunning_00000B47
993494158,Pug.Other,__codegen__OnStopRunning_00000D16
-564813203,Pug.Other,__codegen__OnStopRunning_00000DEC
458225055,Pug.Other,__codegen__OnStopRunning_00000F1E
-1356900266,Pug.Other,__codegen__OnStopRunning_00000F7E
-1998094881,Pug.Other,__codegen__OnStopRunning_00000FB0
1340328921,Pug.Other,__codegen__OnStopRunning_00000FE2
1249481251,Pug.Other,__codegen__OnStopRunning_000015AC
-1068775239,Pug.Other,__codegen__OnStopRunning_000018F0
110101944,Pug.Other,__codegen__OnStopRunning_000019DC
1749698280,Pug.Other,__codegen__OnStopRunning_00002016
-1192540830,Pug.Other,__codegen__OnStopRunning_0000250F
-1134973073,Pug.Other,__codegen__OnStopRunning_000025ED
44941343,Pug.Other,__codegen__OnStopRunning_0000291A
-1628263122,Pug.Other,__codegen__OnStopRunning_00002982
-86696125,Pug.Other,__codegen__OnStopRunning_00002D71
-1856090893,Pug.Other,__codegen__OnStopRunning_00002E4F
-1490036459,Pug.Other,__codegen__OnStopRunning_00003013
-1403314665,Pug.Other,__codegen__OnStopRunning_0000304A
-1629820133,Pug.Other,__codegen__OnStopRunning_0000366B
610919315,Pug.Other,__codegen__OnStopRunning_00003802
-1138829900,Pug.Other,__codegen__OnStopRunning_000038A3
1246620750,Pug.Other,__codegen__OnStopRunning_000038D6
415495457,Pug.Other,__codegen__OnStopRunning_00003AF0
-1267595620,Pug.Other,__codegen__OnStopRunning_00003B46
2069558825,Pug.Other,__codegen__OnStopRunning_00003C6B
801818970,Pug.Other,__codegen__OnStopRunning_00003CD5
1945538653,Pug.Other,__codegen__OnStopRunning_00003D13
-1796194419,Pug.Other,__codegen__OnStopRunning_00004164
1773180606,Pug.Other,__codegen__OnStopRunning_000041BD
-1190311123,Pug.Other,__codegen__OnStopRunning_00004207
448959354,Pug.Other,__codegen__OnStopRunning_0000423A
1348830373,Pug.Other,__codegen__OnStopRunning_0000426D
699264525,Pug.Other,__codegen__OnStopRunning_000042A0
-1767237882,Pug.Other,__codegen__OnStopRunning_000043CB
-1564949190,Pug.Other,__codegen__OnStopRunning_00004853
2096619678,Pug.Other,__codegen__OnUpdate_000001C3
-1316440021,Pug.Other,__codegen__OnUpdate_000001F6
168244789,Pug.Other,__codegen__OnUpdate_0000022C
1294532539,Pug.Other,__codegen__OnUpdate_00000271
2019197066,Pug.Other,__codegen__OnUpdate_000002D7
-1525526825,Pug.Other,__codegen__OnUpdate_0000032C
-1516561992,Pug.Other,__codegen__OnUpdate_00000333
-533508573,Pug.Other,__codegen__OnUpdate_0000039C
1180413561,Pug.Other,__codegen__OnUpdate_000003F0
-135866759,Pug.Other,__codegen__OnUpdate_00000442
-1409043224,Pug.Other,__codegen__OnUpdate_00000456
-933612260,Pug.Other,__codegen__OnUpdate_00000474
-1360968145,Pug.Other,__codegen__OnUpdate_000004EF
1577504690,Pug.Other,__codegen__OnUpdate_000004FA
1577733880,Pug.Other,__codegen__OnUpdate_0000054C
-1409702114,Pug.Other,__codegen__OnUpdate_00000569
-1652035280,Pug.Other,__codegen__OnUpdate_00000671
-1386640288,Pug.Other,__codegen__OnUpdate_000006A7
-1746459183,Pug.Other,__codegen__OnUpdate_0000077F
-1584599114,Pug.Other,__codegen__OnUpdate_00000929
26671059,Pug.Other,__codegen__OnUpdate_00000A5D
718681582,Pug.Other,__codegen__OnUpdate_00000A84
1692155484,Pug.Other,__codegen__OnUpdate_00000AE0
-1698711959,Pug.Other,__codegen__OnUpdate_00000B2B
1757452341,Pug.Other,__codegen__OnUpdate_00000B45
-867452482,Pug.Other,__codegen__OnUpdate_00000B78
-1921277020,Pug.Other,__codegen__OnUpdate_00000CF6
1026576156,Pug.Other,__codegen__OnUpdate_00000D14
-512169412,Pug.Other,__codegen__OnUpdate_00000DEA
-419653477,Pug.Other,__codegen__OnUpdate_00000EAD
1270015385,Pug.Other,__codegen__OnUpdate_00000ED9
-656817356,Pug.Other,__codegen__OnUpdate_00000F1C
-2084566098,Pug.Other,__codegen__OnUpdate_00000F4C
1942371868,Pug.Other,__codegen__OnUpdate_00000F7C
-240944028,Pug.Other,__codegen__OnUpdate_00000FAE
249515635,Pug.Other,__codegen__OnUpdate_00000FE0
332989494,Pug.Other,__codegen__OnUpdate_00001010
625997212,Pug.Other,__codegen__OnUpdate_0000103E
-2056248141,Pug.Other,__codegen__OnUpdate_0000106D
-1464779486,Pug.Other,__codegen__OnUpdate_0000109B
-501493587,Pug.Other,__codegen__OnUpdate_000010C9
455860387,Pug.Other,__codegen__OnUpdate_000010F9
1186511073,Pug.Other,__codegen__OnUpdate_00001125
-1363373876,Pug.Other,__codegen__OnUpdate_00001153
23016771,Pug.Other,__codegen__OnUpdate_00001181
-1004551931,Pug.Other,__codegen__OnUpdate_000011AF
-836299542,Pug.Other,__codegen__OnUpdate_000011DD
1381000877,Pug.Other,__codegen__OnUpdate_0000120C
1105187768,Pug.Other,__codegen__OnUpdate_0000123A
-18891232,Pug.Other,__codegen__OnUpdate_0000126C
-1642999076,Pug.Other,__codegen__OnUpdate_00001336
-1629922353,Pug.Other,__codegen__OnUpdate_00001422
436360901,Pug.Other,__codegen__OnUpdate_00001450
-846371099,Pug.Other,__codegen__OnUpdate_0000147E
-353542795,Pug.Other,__codegen__OnUpdate_000014AE
1329484521,Pug.Other,__codegen__OnUpdate_000014DE
1832264312,Pug.Other,__codegen__OnUpdate_0000150D
587477629,Pug.Other,__codegen__OnUpdate_0000154D
1806422270,Pug.Other,__codegen__OnUpdate_000015A9
1758542992,Pug.Other,__codegen__OnUpdate_00001605
684320538,Pug.Other,__codegen__OnUpdate_00001633
650464544,Pug.Other,__codegen__OnUpdate_00001661
1409750142,Pug.Other,__codegen__OnUpdate_0000168F
1771684721,Pug.Other,__codegen__OnUpdate_000016BF
-599586289,Pug.Other,__codegen__OnUpdate_000016FB
531478074,Pug.Other,__codegen__OnUpdate_00001754
1123332503,Pug.Other,__codegen__OnUpdate_00001761
1034622003,Pug.Other,__codegen__OnUpdate_0000178D
176665269,Pug.Other,__codegen__OnUpdate_000017BA
1913841596,Pug.Other,__codegen__OnUpdate_000017D9
2082323588,Pug.Other,__codegen__OnUpdate_000018ED
-1270826806,Pug.Other,__codegen__OnUpdate_0000191B
662083781,Pug.Other,__codegen__OnUpdate_00001927
-1765716401,Pug.Other,__codegen__OnUpdate_00001931
-632100,Pug.Other,__codegen__OnUpdate_00001945
-1442434253,Pug.Other,__codegen__OnUpdate_00001974
44263932,Pug.Other,__codegen__OnUpdate_000019DA
1834473117,Pug.Other,__codegen__OnUpdate_00001C22
-1466169268,Pug.Other,__codegen__OnUpdate_00001C4F
122128138,Pug.Other,__codegen__OnUpdate_00001C76
-1954347684,Pug.Other,__codegen__OnUpdate_00001CBE
1958802175,Pug.Other,__codegen__OnUpdate_00001D13
2134372555,Pug.Other,__codegen__OnUpdate_00001DA0
-2095779377,Pug.Other,__codegen__OnUpdate_00001DE8
1563312278,Pug.Other,__codegen__OnUpdate_00001E47
-1087922643,Pug.Other,__codegen__OnUpdate_00001F13
842552730,Pug.Other,__codegen__OnUpdate_00001F8E
1536776459,Pug.Other,__codegen__OnUpdate_00001FBD
-1731059275,Pug.Other,__codegen__OnUpdate_00002013
1392836980,Pug.Other,__codegen__OnUpdate_0000204F
1783918127,Pug.Other,__codegen__OnUpdate_000020A3
-1561663650,Pug.Other,__codegen__OnUpdate_000020FA
-635256916,Pug.Other,__codegen__OnUpdate_00002133
69227162,Pug.Other,__codegen__OnUpdate_00002161
-358586268,Pug.Other,__codegen__OnUpdate_000021DE
1880517827,Pug.Other,__codegen__OnUpdate_0000220B
433338521,Pug.Other,__codegen__OnUpdate_00002261
89483436,Pug.Other,__codegen__OnUpdate_0000228F
-331603264,Pug.Other,__codegen__OnUpdate_00002311
-178573688,Pug.Other,__codegen__OnUpdate_0000250C
-666370739,Pug.Other,__codegen__OnUpdate_000025B7
141123927,Pug.Other,__codegen__OnUpdate_000025EA
571348660,Pug.Other,__codegen__OnUpdate_0000261C
-1953730604,Pug.Other,__codegen__OnUpdate_00002664
1558452472,Pug.Other,__codegen__OnUpdate_0000266B
-460744389,Pug.Other,__codegen__OnUpdate_00002697
-229274035,Pug.Other,__codegen__OnUpdate_000026C3
1020033444,Pug.Other,__codegen__OnUpdate_0000270B
723682854,Pug.Other,__codegen__OnUpdate_00002799
870829834,Pug.Other,__codegen__OnUpdate_000027B1
798710575,Pug.Other,__codegen__OnUpdate_000027E9
2045309628,Pug.Other,__codegen__OnUpdate_000028AE
-2112146359,Pug.Other,__codegen__OnUpdate_00002917
311475602,Pug.Other,__codegen__OnUpdate_00002980
-625253658,Pug.Other,__codegen__OnUpdate_00002A0D
-1985361670,Pug.Other,__codegen__OnUpdate_00002AF4
1569895140,Pug.Other,__codegen__OnUpdate_00002B29
-2072050199,Pug.Other,__codegen__OnUpdate_00002BF5
-8261820,Pug.Other,__codegen__OnUpdate_00002C2F
128662316,Pug.Other,__codegen__OnUpdate_00002D3E
639770564,Pug.Other,__codegen__OnUpdate_00002D6F
-709282164,Pug.Other,__codegen__OnUpdate_00002DC3
1046483922,Pug.Other,__codegen__OnUpdate_00002DF1
-475834419,Pug.Other,__codegen__OnUpdate_00002E4D
-1927416741,Pug.Other,__codegen__OnUpdate_00002ED1
-1653510725,Pug.Other,__codegen__OnUpdate_00002F24
-1065797294,Pug.Other,__codegen__OnUpdate_00002F50
-643509888,Pug.Other,__codegen__OnUpdate_00002F7C
-1007297815,Pug.Other,__codegen__OnUpdate_00002FA9
900634619,Pug.Other,__codegen__OnUpdate_00002FD7
-1799176969,Pug.Other,__codegen__OnUpdate_00003004
-668978188,Pug.Other,__codegen__OnUpdate_00003010
743676266,Pug.Other,__codegen__OnUpdate_00003048
1571795291,Pug.Other,__codegen__OnUpdate_000030C3
1258576608,Pug.Other,__codegen__OnUpdate_000030F8
99816316,Pug.Other,__codegen__OnUpdate_00003128
288414946,Pug.Other,__codegen__OnUpdate_0000318E
339149590,Pug.Other,__codegen__OnUpdate_000031BA
1537607694,Pug.Other,__codegen__OnUpdate_000031F2
1798501067,Pug.Other,__codegen__OnUpdate_000031FC
-2099587055,Pug.Other,__codegen__OnUpdate_0000325A
-1209345106,Pug.Other,__codegen__OnUpdate_000032E0
-1221295881,Pug.Other,__codegen__OnUpdate_000032F8
-2062350658,Pug.Other,__codegen__OnUpdate_00003326
2128931537,Pug.Other,__codegen__OnUpdate_00003360
-123308837,Pug.Other,__codegen__OnUpdate_00003368
120466218,Pug.Other,__codegen__OnUpdate_00003399
1852828179,Pug.Other,__codegen__OnUpdate_000033AC
-1968736339,Pug.Other,__codegen__OnUpdate_000033D6
-1643557499,Pug.Other,__codegen__OnUpdate_000033E9
1371997515,Pug.Other,__codegen__OnUpdate_000033FF
1502283941,Pug.Other,__codegen__OnUpdate_0000345D
-565337530,Pug.Other,__codegen__OnUpdate_00003498
1127739208,Pug.Other,__codegen__OnUpdate_000034AB
-1262170159,Pug.Other,__codegen__OnUpdate_000034BF
-220365504,Pug.Other,__codegen__OnUpdate_000034E0
-336667538,Pug.Other,__codegen__OnUpdate_000034F3
985647059,Pug.Other,__codegen__OnUpdate_000035DE
-1022098845,Pug.Other,__codegen__OnUpdate_00003669
1355631918,Pug.Other,__codegen__OnUpdate_00003686
602164844,Pug.Other,__codegen__OnUpdate_000036C0
-1994745365,Pug.Other,__codegen__OnUpdate_00003723
-388910130,Pug.Other,__codegen__OnUpdate_00003800
-454699508,Pug.Other,__codegen__OnUpdate_00003830
1991016137,Pug.Other,__codegen__OnUpdate_0000385C
-541728124,Pug.Other,__codegen__OnUpdate_00003887
-1348796702,Pug.Other,__codegen__OnUpdate_000038A0
-1288950173,Pug.Other,__codegen__OnUpdate_000038D3
-1128860564,Pug.Other,__codegen__OnUpdate_000038EC
-787233506,Pug.Other,__codegen__OnUpdate_0000391B
-1770584344,Pug.Other,__codegen__OnUpdate_0000394F
771900452,Pug.Other,__codegen__OnUpdate_0000398C
476468159,Pug.Other,__codegen__OnUpdate_000039B9
-1117710455,Pug.Other,__codegen__OnUpdate_000039D2
-336537999,Pug.Other,__codegen__OnUpdate_00003A0F
1868204408,Pug.Other,__codegen__OnUpdate_00003A24
-301202266,Pug.Other,__codegen__OnUpdate_00003A3B
-300711007,Pug.Other,__codegen__OnUpdate_00003AA9
644429035,Pug.Other,__codegen__OnUpdate_00003AED
1520200885,Pug.Other,__codegen__OnUpdate_00003B44
-1576127299,Pug.Other,__codegen__OnUpdate_00003C69
-1802272659,Pug.Other,__codegen__OnUpdate_00003CD2
-58021344,Pug.Other,__codegen__OnUpdate_00003D11
-1675521143,Pug.Other,__codegen__OnUpdate_00003DA4
-1607860223,Pug.Other,__codegen__OnUpdate_00003F0B
-733507448,Pug.Other,__codegen__OnUpdate_00003FD1
990971045,Pug.Other,__codegen__OnUpdate_000040AE
1338240598,Pug.Other,__codegen__OnUpdate_000040E4
1314676748,Pug.Other,__codegen__OnUpdate_0000411D
155251772,Pug.Other,__codegen__OnUpdate_00004131
632732054,Pug.Other,__codegen__OnUpdate_00004162
529941030,Pug.Other,__codegen__OnUpdate_000041BA
-1416195693,Pug.Other,__codegen__OnUpdate_000041D3
676267510,Pug.Other,__codegen__OnUpdate_00004205
-513524277,Pug.Other,__codegen__OnUpdate_00004238
1571766625,Pug.Other,__codegen__OnUpdate_0000426B
-1966422100,Pug.Other,__codegen__OnUpdate_0000429E
1970269230,Pug.Other,__codegen__OnUpdate_000042CE
-1502802035,Pug.Other,__codegen__OnUpdate_00004351
-1552657826,Pug.Other,__codegen__OnUpdate_0000436E
-1846794007,Pug.Other,__codegen__OnUpdate_000043C8
1731646283,Pug.Other,__codegen__OnUpdate_0000442A
1867513842,Pug.Other,__codegen__OnUpdate_00004452
-197257424,Pug.Other,__codegen__OnUpdate_000044B0
886368472,Pug.Other,__codegen__OnUpdate_0000450C
-1313605143,Pug.Other,__codegen__OnUpdate_00004520
666611135,Pug.Other,__codegen__OnUpdate_00004571
942439923,Pug.Other,__codegen__OnUpdate_000045A2
-502792356,Pug.Other,__codegen__OnUpdate_000045E1
-2012383814,Pug.Other,__codegen__OnUpdate_00004604
1765757862,Pug.Other,__codegen__OnUpdate_00004634
-760453768,Pug.Other,__codegen__OnUpdate_0000468A
-335407593,Pug.Other,__codegen__OnUpdate_00004701
-2093555836,Pug.Other,__codegen__OnUpdate_00004732
-265107302,Pug.Other,__codegen__OnUpdate_00004763
-1558226087,Pug.Other,__codegen__OnUpdate_0000479C
1850086631,Pug.Other,__codegen__OnUpdate_000047D8
-304952960,Pug.Other,__codegen__OnUpdate_00004851
-238024713,Pug.Other,__codegen__OnUpdate_000053B4
2111319332,Pug.Other,__codegen__OnUpdate_000055B6
2119074283,Pug.Other,__codegen__OnUpdate_0000592B
-1672057482,Pug.Other,damagedGroundTile
223476922,Pug.Other,noteUI
-1615582684,Pug.PP,PP_Base
-2123955511,Pug.PP,PP_BlackBorders
1447791841,Pug.PP,PP_Brightness
2105810343,Pug.PP,PP_Fader
709767528,Pug.PP,PP_FishEye
-1397828616,Pug.PP,PP_FishEyeNew
60968712,Pug.PP,PP_FishEyeNewRenderer
1511055567,Pug.PP,PP_MaskEye
1975599362,Pug.PP,PP_Palette
813693608,Pug.UnityExtensions,GradientIDDropdownAttribute
201262123,Pug.UnityExtensions,HumanoidSkinIDDropdownAttribute
-26102747,Pug.UnityExtensions,PitchTune
1705381189,Pug.UnityExtensions,Pug.UnityExtensions.AccumulatorCooldown
1462757163,Pug.UnityExtensions,Pug.UnityExtensions.Apply
-543430380,Pug.UnityExtensions,Pug.UnityExtensions.ArrayElementTitleAttribute
-1099718658,Pug.UnityExtensions,Pug.UnityExtensions.AttachSortingGroupToSpriteRenderer
1250123246,Pug.UnityExtensions,Pug.UnityExtensions.BooleanMatrix
-13679717,Pug.UnityExtensions,Pug.UnityExtensions.BooleanMatrixAttribute
-876268460,Pug.UnityExtensions,Pug.UnityExtensions.BuildDate
-257325239,Pug.UnityExtensions,Pug.UnityExtensions.CRC32
7252541,Pug.UnityExtensions,Pug.UnityExtensions.CanvasFader
1991494851,Pug.UnityExtensions,Pug.UnityExtensions.ColorUtility
1168226417,Pug.UnityExtensions,Pug.UnityExtensions.ComponentExtensions
1868375509,Pug.UnityExtensions,Pug.UnityExtensions.ConditionalLogging
778730986,Pug.UnityExtensions,Pug.UnityExtensions.CoroutineWrapper
1154179168,Pug.UnityExtensions,Pug.UnityExtensions.DestroyObjectOnPlay
-1574866156,Pug.UnityExtensions,Pug.UnityExtensions.DynamicBufferExtensions
1441394377,Pug.UnityExtensions,Pug.UnityExtensions.Easing
-142702346,Pug.UnityExtensions,Pug.UnityExtensions.EnumExtensions
-648232011,Pug.UnityExtensions,Pug.UnityExtensions.Enumerators
1972144898,Pug.UnityExtensions,Pug.UnityExtensions.ExtensionMethods
1601365131,Pug.UnityExtensions,Pug.UnityExtensions.Fader
133277138,Pug.UnityExtensions,Pug.UnityExtensions.FileCompressionUtility
-395235106,Pug.UnityExtensions,Pug.UnityExtensions.Float3
-1353990295,Pug.UnityExtensions,Pug.UnityExtensions.HideEmptyListAttribute
-1099337003,Pug.UnityExtensions,Pug.UnityExtensions.KeepAnimatorControllerStateOnDisable
617789613,Pug.UnityExtensions,Pug.UnityExtensions.LayerAttribute
-1454496561,Pug.UnityExtensions,Pug.UnityExtensions.ListExtensions
-136270024,Pug.UnityExtensions,Pug.UnityExtensions.MaterialSwitcher
-1964494747,Pug.UnityExtensions,Pug.UnityExtensions.MaterialSwitcherToken
-2065834224,Pug.UnityExtensions,Pug.UnityExtensions.MathUtilities
-1020870996,Pug.UnityExtensions,Pug.UnityExtensions.MimicSprite
2007418073,Pug.UnityExtensions,Pug.UnityExtensions.MinMaxAttribute
-428508911,Pug.UnityExtensions,Pug.UnityExtensions.NativeCircularBufferExt
2129218357,Pug.UnityExtensions,Pug.UnityExtensions.NativePriorityQueueDebugView
639091865,Pug.UnityExtensions,Pug.UnityExtensions.NativeUnionFindDebugView
-975733256,Pug.UnityExtensions,Pug.UnityExtensions.NestedCoroutineWrapper
-1145361260,Pug.UnityExtensions,Pug.UnityExtensions.NuclearPendingAnim
-662376478,Pug.UnityExtensions,Pug.UnityExtensions.Orphanable
429057362,Pug.UnityExtensions,Pug.UnityExtensions.PaletteMapper
201667984,Pug.UnityExtensions,Pug.UnityExtensions.ParticleEffectIDDropdownAttribute
1513127002,Pug.UnityExtensions,Pug.UnityExtensions.ParticleSystemHandle
-1812968931,Pug.UnityExtensions,Pug.UnityExtensions.PickStringFromEnumAttribute
-891688875,Pug.UnityExtensions,Pug.UnityExtensions.PreDisableExtensionMethods
-2085550909,Pug.UnityExtensions,Pug.UnityExtensions.PugDebug
1500395012,Pug.UnityExtensions,Pug.UnityExtensions.PugGeometry
1418043692,Pug.UnityExtensions,Pug.UnityExtensions.PugRandom
-45439353,Pug.UnityExtensions,Pug.UnityExtensions.RandomDeterministic
-354611370,Pug.UnityExtensions,Pug.UnityExtensions.RandomSpriteOnStart
1079298982,Pug.UnityExtensions,Pug.UnityExtensions.SceneReference
1982741739,Pug.UnityExtensions,Pug.UnityExtensions.SerializableDictionary
-1183739527,Pug.UnityExtensions,Pug.UnityExtensions.SimpleEditorProgressBar
1535180432,Pug.UnityExtensions,Pug.UnityExtensions.SimpleSpriteAnimationLoop
1761717475,Pug.UnityExtensions,Pug.UnityExtensions.SortingLayerAttribute
-2039604559,Pug.UnityExtensions,Pug.UnityExtensions.StringExtensions
-47623744,Pug.UnityExtensions,Pug.UnityExtensions.TextureScale
1820789306,Pug.UnityExtensions,Pug.UnityExtensions.ThreadData
-2130385082,Pug.UnityExtensions,Pug.UnityExtensions.Tween
-1747115655,Pug.UnityExtensions,Pug.UnityExtensions.UnityUtility
1402207495,Pug.UnityExtensions,Pug.UnityExtensions.WallClockTimer
-125874136,Pug.UnityExtensions,Pug.UnityExtensions.Yielders
-361539786,PugConversion,Pug.Conversion.BatchedArchetypeChangeECB
1958052177,PugConversion,Pug.Conversion.ConversionManager
-191816039,PugConversion,Pug.Conversion.Converter
519424140,PugConversion,Pug.Conversion.DisabledObjectConverter
2081795577,PugConversion,Pug.Conversion.DontNeedTransformAuthoring
-1428295830,PugConversion,Pug.Conversion.GhostDontUsePredictionBackupConverter
1514414582,PugConversion,Pug.Conversion.GhostPostConverter
459215472,PugConversion,Pug.Conversion.LinkedEntityGroupConverter
-1166230908,PugConversion,Pug.Conversion.Math
-1073716580,PugConversion,Pug.Conversion.PhysicsConverter
-1786889960,PugConversion,Pug.Conversion.PhysicsDebugDisplayConverter
2069947849,PugConversion,Pug.Conversion.PhysicsShapeExtensions
-1181998763,PugConversion,Pug.Conversion.PostConverter
1765844585,PugConversion,Pug.Conversion.SingleAuthoringComponentConverter
1238555761,PugConversion,Pug.Conversion.TransformConverter
-1631948456,PugMap.Common,CustomScenesDataTable
1368151549,PugMap.Common,Map
89440641,PugMap.Common,PugMapData
-156620968,PugMap.Common,PugMapDataModifier
-800799114,PugMap.Common,PugMapLayerData
-496106573,PugMap.Common,PugTilemap.Grid.BaseGrid
-1605363847,PugMap.Common,PugTilemap.Grid.BitGrid
1188499300,PugMap.Common,PugTilemap.Grid.BitmapOptimizer
807149044,PugMap.Common,PugTilemap.Grid.ByteGrid
1739177300,PugMap.Common,PugTilemap.Grid.FloodFill
-213484110,PugMap.Common,PugTilemap.Grid.FloodFill_SolidTileGridSource
-1559488700,PugMap.Common,PugTilemap.Grid.ObjectGrid
1010667079,PugMap.Common,PugTilemap.Grid.TileGrid
-1677140791,PugMap.Common,PugTilemap.Quads.AdaptativeSpriteLookupTable
919786325,PugMap.Common,PugTilemap.Quads.AdjacentDir
819875540,PugMap.Common,PugTilemap.Quads.QuadGenerator
-1323932845,PugMap.Common,PugTilemap.Quads.SpriteUVS
1900869382,PugMap.Common,Scene
-1950250233,PugMap.Common,TileIterator
-1839744998,PugMap.Common,TileLayerChunk
1668884126,PugMod.Integration,PugMod.DisallowPatching
-1943353252,PugMod.Integration,PugMod.Integration
708957692,PugMod.Integration,PugMod.MaterialSwapTable
-1761237956,PugMod.Loader,PugMod.DependencySorter
-1073586345,PugMod.Loader,PugMod.HarmonyBootstrap
1575552323,PugMod.Loader,PugMod.InvokeChecker
390746950,PugMod.Loader,PugMod.JobsPatch
15208238,PugMod.Loader,PugMod.LoadedMods
278961413,PugMod.Loader,PugMod.Loader
1143053271,PugMod.Loader,PugMod.ModResourceProvider
-548447862,PugMod.Loader,PugMod.ModVersion
1447821213,PugMod.Loader,PugMod.ScriptableDataLoader
-1628478048,PugMod.Loader,PugMod.SideLoader
-380386368,PugMod.Loader,PugMod.SourceGenPatch
2025671542,PugMod.Loader,PugMod.SymbolExtensions
1632394292,PugMod.Loader,SteamWorkshopLoader
1800336519,PugMod.Platform,ModIOLoader
1069609157,PugMod.SDK,PugMod.AssetBundleManifest
-273375975,PugMod.SDK,PugMod.Constants
197762051,PugMod.SDK.Runtime,CoreKeeperInput.Action
285428110,PugMod.SDK.Runtime,PugMod.API
1413522502,PugMod.SDK.Runtime,PugMod.BurstDisabler
1301988132,PugMod.SDK.Runtime,PugMod.CommandWithModSupportAttribute
814103693,PugMod.SDK.Runtime,PugMod.CompleteDependencyAfterUpdateManagedPatch
1264182127,PugMod.SDK.Runtime,PugMod.CompleteDependencyAfterUpdatePatch
-1025595308,PugMod.SDK.Runtime,PugMod.DisableBurstForManagedSystemPatch
1521432022,PugMod.SDK.Runtime,PugMod.DisableBurstForSystemPatch
1133934053,PugMod.SDK.Runtime,PugMod.LoadedMod
-814302587,PugMod.SDK.Runtime,PugMod.MemberInfo
-1668132706,PugMod.SDK.Runtime,PugMod.ModAPIExtensions
1347708760,PugMod.SDK.Runtime,PugMod.NotLoadedMod
-859985939,PugMod.SDK.Runtime,PugMod.RunSystemGroup
-258472345,PugMod.SDK.Runtime,__UnmanagedPostProcessorOutput__10568394235365350451
-1606741208,PugProperties,Pug.Properties.AttackContinuously
1260020955,PugProperties,Pug.Properties.Breed
-2002931968,PugProperties,Pug.Properties.BushState
192176230,PugProperties,Pug.Properties.CanBePlaced
-718299312,PugProperties,Pug.Properties.CastItem
1355873765,PugProperties,Pug.Properties.ChargeAttack
722012202,PugProperties,Pug.Properties.Chase
-1173659121,PugProperties,Pug.Properties.CombatEmote
2040827841,PugProperties,Pug.Properties.Crafting
-67838769,PugProperties,Pug.Properties.Critter
444338921,PugProperties,Pug.Properties.DamageObjectState
799552007,PugProperties,Pug.Properties.Enemy
1544675032,PugProperties,Pug.Properties.EnemyStagesState
100019688,PugProperties,Pug.Properties.EnrageState
-577053805,PugProperties,Pug.Properties.Enum
733540373,PugProperties,Pug.Properties.Enumerator
-1043553932,PugProperties,Pug.Properties.Growing
-1296210373,PugProperties,Pug.Properties.IdleEmote
1841600670,PugProperties,Pug.Properties.JumpAttack
-2140024112,PugProperties,Pug.Properties.MeleeAttack
-534045059,PugProperties,Pug.Properties.PlaceableObject
926103400,PugProperties,Pug.Properties.Projectile
1767808745,PugProperties,Pug.Properties.Property
449441928,PugProperties,Pug.Properties.PropertyBuilder
1079029727,PugProperties,Pug.Properties.PropertyField
-1973872286,PugProperties,Pug.Properties.PropertyID
-274573964,PugProperties,Pug.Properties.PropertyIDGeneratorAttribute
1810798001,PugProperties,Pug.Properties.PropertyLookupBuilder
-1888850787,PugProperties,Pug.Properties.PropertyNames
1479292275,PugProperties,Pug.Properties.RandomWalk
-94891339,PugProperties,Pug.Properties.RayAttack
-1368564318,PugProperties,Pug.Properties.Seed
-618651047,PugProperties,Pug.Properties.Weapon
66011835,PugRP,Pug.RP.AvgFloat
1279477959,PugRP,Pug.RP.BloomRenderFeature
-1326550189,PugRP,Pug.RP.CameraData
2015204396,PugRP,Pug.RP.CameraRender
-1076080958,PugRP,Pug.RP.GBufferData
1752232052,PugRP,Pug.RP.IndirectLightRenderFeature
507793614,PugRP,Pug.RP.LayerAttribute
900707831,PugRP,Pug.RP.LightData
-949485713,PugRP,Pug.RP.LightTracingRenderFeature
-633247756,PugRP,Pug.RP.ObjectShadowChannel
-176430403,PugRP,Pug.RP.PlanarReflectionsRenderFeature
-1385668659,PugRP,Pug.RP.PugCamera
1510142618,PugRP,Pug.RP.PugLight
1959585081,PugRP,Pug.RP.PugRP
1563138794,PugRP,Pug.RP.PugRPContext
1599521380,PugRP,Pug.RP.PugRPExtensions
-220317571,PugRP,Pug.RP.PugRPPerformanceOverlay
2109941947,PugRP,Pug.RP.PugRPUtils
-717578825,PugRP,Pug.RP.PugRenderPipelineAsset
1328769347,PugRP,Pug.RP.PugSprite
1168707046,PugRP,Pug.RP.RenderFeature
-197684170,PugRP,Pug.RP.SSAOSettings
-2032042599,PugRP,Pug.RP.ScreenSpaceAmbientOcclusionRenderFeature
-1261710733,PugRP,Pug.RP.ShaderIDs
16509233,PugRP,Pug.RP.Shadows
-1225351464,PugRP,Pug.RP.TextureShaderProperty
656609804,PugRP,Pug.RP.VolumetricLightRenderFeature
-1919278664,PugSprite,CIELABUtility.pb_CIE_Lab_Color
-355175496,PugSprite,CIELABUtility.pb_ColorUtil
-450575283,PugSprite,CIELABUtility.pb_HsvColor
-688784725,PugSprite,CIELABUtility.pb_XYZ_Color
-1835229550,PugSprite,GradientMapDataBlock
835480751,PugSprite,Pug.Sprite.CompressAtlasInternal_000000D2
1939729695,PugSprite,Pug.Sprite.DrawData
455659459,PugSprite,Pug.Sprite.FrameAnimation
-1562714972,PugSprite,Pug.Sprite.Map
-1855865682,PugSprite,Pug.Sprite.PositionalData
-341040414,PugSprite,Pug.Sprite.ReplacementData
-1193556099,PugSprite,Pug.Sprite.ShaderIDs
405834081,PugSprite,Pug.Sprite.SpriteAsset
-154396305,PugSprite,Pug.Sprite.SpriteAssetBase
1932823942,PugSprite,Pug.Sprite.SpriteAssetManager
612154999,PugSprite,Pug.Sprite.SpriteAssetManifest
252461435,PugSprite,Pug.Sprite.SpriteAssetSkin
229942862,PugSprite,Pug.Sprite.SpriteData
1222321506,PugSprite,Pug.Sprite.SpriteInstancingManager
-225590383,PugSprite,Pug.Sprite.SpriteObject
639508864,PugSprite,Pug.Sprite.TransformAnimation
1786664862,PugSprite,Pug.Sprite.Transition
-2004355505,PugSprite,SpriteDataNoEmptyWarningAttribute
160122634,PugSprite,SpriteDataNoFoldoutAttribute
-852725632,PugSprite,SpriteDataNoInheritanceAttribute
-1243220692,PugSprite,SpriteObjectMask
1301393211,Pugstorm.WorldGen,ComputeBufferPool
-1861983788,Pugstorm.WorldGen,PugWorldGen.BiomeDefinition
-600924120,Pugstorm.WorldGen,PugWorldGen.DebugCircle
934973051,Pugstorm.WorldGen,PugWorldGen.DebugLine
12636748,Pugstorm.WorldGen,PugWorldGen.DebugMarker
-1118760231,Pugstorm.WorldGen,PugWorldGen.DebugPoint
2043876031,Pugstorm.WorldGen,PugWorldGen.DebugRect
-1899172701,Pugstorm.WorldGen,PugWorldGen.ParameterDefinition
1333820841,Pugstorm.WorldGen,PugWorldGen.ParameterDefinitionsEntry
1730892563,Pugstorm.WorldGen,PugWorldGen.ParametersDefinition
-63502606,Pugstorm.WorldGen,PugWorldGen.PugWorld
33031709,Pugstorm.WorldGen,PugWorldGen.PugWorldDefinition
-1822719585,Pugstorm.WorldGen,PugWorldGen.RangeVectorAttribute
534506592,Pugstorm.WorldGen,PugWorldGen.ShaderIDs
623558781,Pugstorm.WorldGen,PugWorldGen.SplitsAttribute
-1664830644,Pugstorm.WorldGen,PugWorldGen.TileTypeDefinition
382485798,Pugstorm.WorldGen,PugWorldGen.Utilities
-1842219595,Pugstorm.WorldGen,WorldParameters
